identity,species,leakage_aware_split,image_count
AAUZebraFish_1,fish,train,55
AAUZebraFish_2,fish,train,55
AAUZebraFish_3,fish,test,55
AAUZebraFish_4,fish,train,57
AAUZebraFish_5,fish,validation,57
AAUZebraFish_6,fish,train,57
ATRW_0,tiger,test,12
ATRW_1,tiger,train,10
ATRW_10,tiger,validation,36
ATRW_100,tiger,train,21
ATRW_102,tiger,test,28
ATRW_103,tiger,validation,30
ATRW_105,tiger,train,34
ATRW_106,tiger,test,17
ATRW_108,tiger,test,14
ATRW_109,tiger,train,10
ATRW_111,tiger,train,50
ATRW_112,tiger,train,28
ATRW_114,tiger,train,14
ATRW_115,tiger,test,11
ATRW_117,tiger,train,11
ATRW_118,tiger,test,22
ATRW_12,tiger,train,11
ATRW_120,tiger,train,24
ATRW_121,tiger,train,26
ATRW_123,tiger,train,20
ATRW_124,tiger,train,12
ATRW_126,tiger,train,12
ATRW_127,tiger,train,26
ATRW_129,tiger,train,10
ATRW_13,tiger,validation,14
ATRW_130,tiger,train,11
ATRW_132,tiger,train,10
ATRW_133,tiger,train,32
ATRW_135,tiger,test,80
ATRW_136,tiger,train,38
ATRW_138,tiger,train,44
ATRW_139,tiger,train,11
ATRW_141,tiger,train,26
ATRW_142,tiger,validation,13
ATRW_144,tiger,train,48
ATRW_145,tiger,train,16
ATRW_147,tiger,test,34
ATRW_148,tiger,test,10
ATRW_15,tiger,validation,28
ATRW_150,tiger,train,22
ATRW_151,tiger,train,11
ATRW_153,tiger,train,98
ATRW_154,tiger,validation,49
ATRW_156,tiger,test,164
ATRW_157,tiger,test,130
ATRW_159,tiger,validation,224
ATRW_16,tiger,train,44
ATRW_160,tiger,train,97
ATRW_162,tiger,train,250
ATRW_163,tiger,test,142
ATRW_165,tiger,train,74
ATRW_166,tiger,train,158
ATRW_168,tiger,train,28
ATRW_169,tiger,test,56
ATRW_171,tiger,train,16
ATRW_172,tiger,train,30
ATRW_174,tiger,train,48
ATRW_175,tiger,train,20
ATRW_177,tiger,test,14
ATRW_178,tiger,train,14
ATRW_18,tiger,train,64
ATRW_180,tiger,train,26
ATRW_181,tiger,train,12
ATRW_183,tiger,train,20
ATRW_184,tiger,train,46
ATRW_186,tiger,validation,20
ATRW_187,tiger,train,10
ATRW_189,tiger,train,22
ATRW_19,tiger,train,42
ATRW_190,tiger,train,36
ATRW_192,tiger,train,22
ATRW_193,tiger,train,22
ATRW_195,tiger,validation,10
ATRW_196,tiger,train,11
ATRW_198,tiger,train,10
ATRW_199,tiger,train,20
ATRW_201,tiger,train,17
ATRW_202,tiger,train,18
ATRW_204,tiger,validation,20
ATRW_205,tiger,train,24
ATRW_207,tiger,test,22
ATRW_208,tiger,train,10
ATRW_21,tiger,validation,26
ATRW_210,tiger,validation,22
ATRW_211,tiger,train,12
ATRW_213,tiger,train,11
ATRW_214,tiger,train,22
ATRW_216,tiger,train,10
ATRW_217,tiger,train,14
ATRW_219,tiger,train,28
ATRW_22,tiger,train,14
ATRW_220,tiger,validation,11
ATRW_222,tiger,train,11
ATRW_223,tiger,train,14
ATRW_225,tiger,test,24
ATRW_226,tiger,train,10
ATRW_228,tiger,test,12
ATRW_229,tiger,train,12
ATRW_231,tiger,train,26
ATRW_232,tiger,validation,20
ATRW_234,tiger,train,98
ATRW_235,tiger,train,96
ATRW_237,tiger,train,37
ATRW_238,tiger,train,22
ATRW_24,tiger,train,11
ATRW_240,tiger,train,16
ATRW_243,tiger,train,41
ATRW_244,tiger,test,23
ATRW_246,tiger,train,48
ATRW_247,tiger,validation,33
ATRW_249,tiger,train,37
ATRW_25,tiger,train,12
ATRW_250,tiger,train,18
ATRW_252,tiger,test,12
ATRW_253,tiger,test,14
ATRW_255,tiger,test,15
ATRW_256,tiger,train,20
ATRW_258,tiger,train,50
ATRW_259,tiger,test,16
ATRW_261,tiger,train,28
ATRW_262,tiger,validation,70
ATRW_264,tiger,train,26
ATRW_265,tiger,train,38
ATRW_267,tiger,train,23
ATRW_268,tiger,train,27
ATRW_27,tiger,validation,10
ATRW_270,tiger,test,94
ATRW_271,tiger,validation,14
ATRW_273,tiger,validation,16
ATRW_274,tiger,train,13
ATRW_28,tiger,train,11
ATRW_3,tiger,train,20
ATRW_30,tiger,train,13
ATRW_31,tiger,train,22
ATRW_33,tiger,train,11
ATRW_34,tiger,train,10
ATRW_36,tiger,train,20
ATRW_37,tiger,train,22
ATRW_39,tiger,test,12
ATRW_4,tiger,train,26
ATRW_40,tiger,train,14
ATRW_42,tiger,train,10
ATRW_43,tiger,train,14
ATRW_45,tiger,validation,12
ATRW_46,tiger,test,22
ATRW_48,tiger,train,72
ATRW_49,tiger,train,20
ATRW_51,tiger,train,10
ATRW_52,tiger,test,20
ATRW_54,tiger,validation,19
ATRW_55,tiger,validation,22
ATRW_57,tiger,validation,13
ATRW_6,tiger,train,14
ATRW_60,tiger,train,11
ATRW_61,tiger,train,32
ATRW_63,tiger,train,36
ATRW_64,tiger,train,18
ATRW_66,tiger,validation,19
ATRW_67,tiger,train,10
ATRW_69,tiger,train,12
ATRW_7,tiger,validation,48
ATRW_70,tiger,train,24
ATRW_72,tiger,train,13
ATRW_73,tiger,train,58
ATRW_75,tiger,train,22
ATRW_76,tiger,train,11
ATRW_78,tiger,test,13
ATRW_79,tiger,train,24
ATRW_81,tiger,train,11
ATRW_82,tiger,train,12
ATRW_84,tiger,train,22
ATRW_85,tiger,train,11
ATRW_87,tiger,test,42
ATRW_88,tiger,train,11
ATRW_9,tiger,train,22
ATRW_90,tiger,validation,11
ATRW_91,tiger,train,11
ATRW_93,tiger,train,24
ATRW_94,tiger,train,10
ATRW_96,tiger,validation,12
ATRW_97,tiger,train,22
ATRW_99,tiger,train,40
AerialCattle2017_0,cow,test,68
AerialCattle2017_1,cow,train,9
AerialCattle2017_10,cow,validation,84
AerialCattle2017_11,cow,train,16
AerialCattle2017_12,cow,validation,16
AerialCattle2017_13,cow,validation,29
AerialCattle2017_14,cow,test,32
AerialCattle2017_15,cow,train,247
AerialCattle2017_16,cow,train,195
AerialCattle2017_17,cow,train,59
AerialCattle2017_18,cow,validation,22
AerialCattle2017_19,cow,validation,107
AerialCattle2017_2,cow,train,35
AerialCattle2017_20,cow,train,188
AerialCattle2017_21,cow,validation,91
AerialCattle2017_22,cow,validation,45
AerialCattle2017_3,cow,train,157
AerialCattle2017_4,cow,test,239
AerialCattle2017_5,cow,train,58
AerialCattle2017_6,cow,train,181
AerialCattle2017_7,cow,train,116
AerialCattle2017_8,cow,train,69
AerialCattle2017_9,cow,validation,266
AmvrakikosTurtles_1,sea turtle,train,4
AmvrakikosTurtles_10,sea turtle,train,4
AmvrakikosTurtles_11,sea turtle,train,4
AmvrakikosTurtles_12,sea turtle,train,4
AmvrakikosTurtles_13,sea turtle,test,4
AmvrakikosTurtles_14,sea turtle,train,4
AmvrakikosTurtles_15,sea turtle,train,4
AmvrakikosTurtles_16,sea turtle,train,4
AmvrakikosTurtles_17,sea turtle,train,4
AmvrakikosTurtles_18,sea turtle,train,4
AmvrakikosTurtles_19,sea turtle,train,4
AmvrakikosTurtles_2,sea turtle,train,4
AmvrakikosTurtles_20,sea turtle,train,4
AmvrakikosTurtles_21,sea turtle,train,4
AmvrakikosTurtles_22,sea turtle,train,4
AmvrakikosTurtles_23,sea turtle,train,4
AmvrakikosTurtles_24,sea turtle,train,4
AmvrakikosTurtles_25,sea turtle,train,4
AmvrakikosTurtles_26,sea turtle,test,4
AmvrakikosTurtles_27,sea turtle,train,4
AmvrakikosTurtles_28,sea turtle,train,4
AmvrakikosTurtles_29,sea turtle,train,4
AmvrakikosTurtles_3,sea turtle,train,4
AmvrakikosTurtles_30,sea turtle,validation,4
AmvrakikosTurtles_31,sea turtle,test,4
AmvrakikosTurtles_32,sea turtle,train,4
AmvrakikosTurtles_33,sea turtle,validation,4
AmvrakikosTurtles_34,sea turtle,train,4
AmvrakikosTurtles_35,sea turtle,train,4
AmvrakikosTurtles_36,sea turtle,train,4
AmvrakikosTurtles_37,sea turtle,train,4
AmvrakikosTurtles_38,sea turtle,train,4
AmvrakikosTurtles_39,sea turtle,train,4
AmvrakikosTurtles_4,sea turtle,train,4
AmvrakikosTurtles_40,sea turtle,train,4
AmvrakikosTurtles_41,sea turtle,train,4
AmvrakikosTurtles_42,sea turtle,train,4
AmvrakikosTurtles_43,sea turtle,train,4
AmvrakikosTurtles_44,sea turtle,test,4
AmvrakikosTurtles_45,sea turtle,test,4
AmvrakikosTurtles_46,sea turtle,test,4
AmvrakikosTurtles_47,sea turtle,train,4
AmvrakikosTurtles_48,sea turtle,train,4
AmvrakikosTurtles_49,sea turtle,test,4
AmvrakikosTurtles_5,sea turtle,train,4
AmvrakikosTurtles_50,sea turtle,test,4
AmvrakikosTurtles_6,sea turtle,train,4
AmvrakikosTurtles_7,sea turtle,train,4
AmvrakikosTurtles_8,sea turtle,train,4
AmvrakikosTurtles_9,sea turtle,train,4
BelugaID_whale000,whale,train,2
BelugaID_whale001,whale,train,12
BelugaID_whale002,whale,test,7
BelugaID_whale003,whale,train,40
BelugaID_whale004,whale,train,19
BelugaID_whale005,whale,train,12
BelugaID_whale006,whale,test,9
BelugaID_whale007,whale,validation,43
BelugaID_whale008,whale,train,34
BelugaID_whale009,whale,train,45
BelugaID_whale010,whale,validation,97
BelugaID_whale011,whale,train,22
BelugaID_whale012,whale,train,16
BelugaID_whale013,whale,train,64
BelugaID_whale014,whale,train,11
BelugaID_whale015,whale,train,117
BelugaID_whale016,whale,train,11
BelugaID_whale017,whale,train,11
BelugaID_whale018,whale,train,31
BelugaID_whale019,whale,train,10
BelugaID_whale020,whale,train,4
BelugaID_whale021,whale,train,9
BelugaID_whale022,whale,train,62
BelugaID_whale023,whale,test,6
BelugaID_whale024,whale,train,61
BelugaID_whale025,whale,train,13
BelugaID_whale026,whale,train,17
BelugaID_whale027,whale,train,29
BelugaID_whale028,whale,test,74
BelugaID_whale029,whale,test,17
BelugaID_whale030,whale,validation,16
BelugaID_whale031,whale,test,4
BelugaID_whale032,whale,train,13
BelugaID_whale033,whale,validation,19
BelugaID_whale034,whale,train,36
BelugaID_whale035,whale,train,58
BelugaID_whale036,whale,train,87
BelugaID_whale037,whale,train,45
BelugaID_whale038,whale,train,15
BelugaID_whale039,whale,validation,19
BelugaID_whale040,whale,train,12
BelugaID_whale041,whale,test,35
BelugaID_whale042,whale,train,13
BelugaID_whale043,whale,train,3
BelugaID_whale044,whale,test,3
BelugaID_whale045,whale,train,25
BelugaID_whale046,whale,train,2
BelugaID_whale047,whale,train,21
BelugaID_whale048,whale,train,2
BelugaID_whale049,whale,validation,34
BelugaID_whale050,whale,train,44
BelugaID_whale051,whale,train,2
BelugaID_whale052,whale,train,3
BelugaID_whale053,whale,train,50
BelugaID_whale054,whale,validation,4
BelugaID_whale055,whale,validation,32
BelugaID_whale056,whale,validation,25
BelugaID_whale057,whale,train,12
BelugaID_whale058,whale,train,6
BelugaID_whale059,whale,train,52
BelugaID_whale060,whale,validation,19
BelugaID_whale061,whale,train,18
BelugaID_whale062,whale,train,98
BelugaID_whale063,whale,test,4
BelugaID_whale064,whale,train,23
BelugaID_whale065,whale,test,13
BelugaID_whale066,whale,validation,106
BelugaID_whale067,whale,test,66
BelugaID_whale068,whale,train,7
BelugaID_whale069,whale,validation,32
BelugaID_whale070,whale,validation,20
BelugaID_whale071,whale,train,19
BelugaID_whale072,whale,test,31
BelugaID_whale073,whale,validation,66
BelugaID_whale074,whale,train,18
BelugaID_whale075,whale,train,56
BelugaID_whale076,whale,validation,3
BelugaID_whale077,whale,validation,69
BelugaID_whale078,whale,validation,5
BelugaID_whale079,whale,validation,3
BelugaID_whale080,whale,train,15
BelugaID_whale081,whale,test,14
BelugaID_whale082,whale,train,82
BelugaID_whale083,whale,train,3
BelugaID_whale084,whale,test,25
BelugaID_whale085,whale,train,8
BelugaID_whale086,whale,validation,12
BelugaID_whale087,whale,train,35
BelugaID_whale088,whale,train,17
BelugaID_whale089,whale,train,14
BelugaID_whale090,whale,validation,4
BelugaID_whale091,whale,train,31
BelugaID_whale092,whale,train,13
BelugaID_whale093,whale,train,128
BelugaID_whale094,whale,train,4
BelugaID_whale095,whale,train,8
BelugaID_whale096,whale,train,22
BelugaID_whale097,whale,validation,25
BelugaID_whale098,whale,train,33
BelugaID_whale099,whale,train,9
BelugaID_whale100,whale,train,8
BelugaID_whale101,whale,test,7
BelugaID_whale102,whale,train,7
BelugaID_whale103,whale,train,14
BelugaID_whale104,whale,train,5
BelugaID_whale105,whale,train,8
BelugaID_whale106,whale,train,10
BelugaID_whale107,whale,train,38
BelugaID_whale108,whale,validation,47
BelugaID_whale109,whale,validation,27
BelugaID_whale110,whale,train,53
BelugaID_whale111,whale,train,15
BelugaID_whale112,whale,train,49
BelugaID_whale113,whale,train,38
BelugaID_whale114,whale,train,3
BelugaID_whale115,whale,train,57
BelugaID_whale116,whale,train,22
BelugaID_whale117,whale,train,4
BelugaID_whale118,whale,test,48
BelugaID_whale119,whale,train,5
BelugaID_whale120,whale,test,15
BelugaID_whale121,whale,train,17
BelugaID_whale122,whale,train,24
BelugaID_whale123,whale,train,3
BelugaID_whale124,whale,train,5
BelugaID_whale125,whale,train,25
BelugaID_whale126,whale,train,38
BelugaID_whale127,whale,train,12
BelugaID_whale128,whale,train,4
BelugaID_whale129,whale,train,6
BelugaID_whale130,whale,train,15
BelugaID_whale131,whale,validation,18
BelugaID_whale132,whale,test,14
BelugaID_whale133,whale,test,44
BelugaID_whale134,whale,train,4
BelugaID_whale135,whale,validation,8
BelugaID_whale136,whale,test,41
BelugaID_whale137,whale,test,3
BelugaID_whale138,whale,train,8
BelugaID_whale139,whale,train,5
BelugaID_whale140,whale,test,6
BelugaID_whale141,whale,train,12
BelugaID_whale142,whale,train,27
BelugaID_whale143,whale,train,51
BelugaID_whale144,whale,train,7
BelugaID_whale145,whale,validation,20
BelugaID_whale146,whale,train,15
BelugaID_whale147,whale,train,11
BelugaID_whale148,whale,test,32
BelugaID_whale149,whale,train,3
BelugaID_whale150,whale,train,2
BelugaID_whale151,whale,train,4
BelugaID_whale152,whale,train,46
BelugaID_whale153,whale,train,39
BelugaID_whale154,whale,train,3
BelugaID_whale155,whale,test,65
BelugaID_whale156,whale,train,4
BelugaID_whale157,whale,train,34
BelugaID_whale158,whale,test,9
BelugaID_whale159,whale,train,20
BelugaID_whale160,whale,train,3
BelugaID_whale161,whale,train,13
BelugaID_whale162,whale,train,27
BelugaID_whale163,whale,train,11
BelugaID_whale164,whale,test,3
BelugaID_whale165,whale,test,5
BelugaID_whale166,whale,train,8
BelugaID_whale167,whale,train,16
BelugaID_whale168,whale,validation,10
BelugaID_whale169,whale,train,41
BelugaID_whale170,whale,train,16
BelugaID_whale171,whale,train,9
BelugaID_whale172,whale,train,3
BelugaID_whale173,whale,train,13
BelugaID_whale174,whale,test,28
BelugaID_whale175,whale,train,20
BelugaID_whale176,whale,train,12
BelugaID_whale177,whale,train,3
BelugaID_whale178,whale,train,4
BelugaID_whale179,whale,train,7
BelugaID_whale180,whale,train,4
BelugaID_whale181,whale,test,5
BelugaID_whale182,whale,train,7
BelugaID_whale183,whale,train,13
BelugaID_whale184,whale,train,3
BelugaID_whale185,whale,train,5
BelugaID_whale186,whale,train,25
BelugaID_whale187,whale,train,4
BelugaID_whale188,whale,train,9
BelugaID_whale189,whale,train,82
BelugaID_whale190,whale,train,4
BelugaID_whale191,whale,train,6
BelugaID_whale192,whale,validation,5
BelugaID_whale193,whale,validation,24
BelugaID_whale194,whale,train,30
BelugaID_whale195,whale,train,33
BelugaID_whale196,whale,validation,12
BelugaID_whale197,whale,train,25
BelugaID_whale198,whale,train,16
BelugaID_whale199,whale,validation,6
BelugaID_whale200,whale,train,10
BelugaID_whale201,whale,train,10
BelugaID_whale202,whale,train,6
BelugaID_whale203,whale,train,8
BelugaID_whale204,whale,test,15
BelugaID_whale205,whale,train,23
BelugaID_whale206,whale,train,16
BelugaID_whale207,whale,train,2
BelugaID_whale208,whale,test,15
BelugaID_whale209,whale,validation,2
BelugaID_whale210,whale,test,24
BelugaID_whale211,whale,test,8
BelugaID_whale212,whale,validation,14
BelugaID_whale213,whale,validation,11
BelugaID_whale214,whale,train,15
BelugaID_whale215,whale,test,25
BelugaID_whale216,whale,train,7
BelugaID_whale217,whale,train,16
BelugaID_whale218,whale,validation,35
BelugaID_whale219,whale,train,3
BelugaID_whale220,whale,validation,11
BelugaID_whale221,whale,train,6
BelugaID_whale222,whale,train,8
BelugaID_whale223,whale,train,4
BelugaID_whale224,whale,train,5
BelugaID_whale225,whale,train,16
BelugaID_whale226,whale,train,2
BelugaID_whale227,whale,test,2
BelugaID_whale228,whale,train,7
BelugaID_whale229,whale,train,33
BelugaID_whale230,whale,train,20
BelugaID_whale231,whale,test,4
BelugaID_whale232,whale,train,13
BelugaID_whale233,whale,train,34
BelugaID_whale234,whale,test,9
BelugaID_whale235,whale,validation,8
BelugaID_whale236,whale,train,6
BelugaID_whale237,whale,train,6
BelugaID_whale238,whale,train,21
BelugaID_whale239,whale,validation,7
BelugaID_whale240,whale,train,7
BelugaID_whale241,whale,train,11
BelugaID_whale242,whale,train,20
BelugaID_whale243,whale,train,7
BelugaID_whale244,whale,test,31
BelugaID_whale245,whale,train,7
BelugaID_whale246,whale,train,10
BelugaID_whale247,whale,test,3
BelugaID_whale248,whale,train,30
BelugaID_whale249,whale,train,5
BelugaID_whale250,whale,validation,12
BelugaID_whale251,whale,train,5
BelugaID_whale252,whale,train,11
BelugaID_whale253,whale,train,4
BelugaID_whale254,whale,test,32
BelugaID_whale255,whale,train,20
BelugaID_whale256,whale,train,7
BelugaID_whale257,whale,train,24
BelugaID_whale258,whale,train,4
BelugaID_whale259,whale,test,29
BelugaID_whale260,whale,validation,5
BelugaID_whale261,whale,train,26
BelugaID_whale262,whale,train,3
BelugaID_whale263,whale,train,3
BelugaID_whale264,whale,train,7
BelugaID_whale265,whale,test,2
BelugaID_whale266,whale,validation,2
BelugaID_whale267,whale,train,5
BelugaID_whale268,whale,train,3
BelugaID_whale269,whale,train,8
BelugaID_whale270,whale,train,8
BelugaID_whale271,whale,train,2
BelugaID_whale272,whale,train,22
BelugaID_whale273,whale,train,28
BelugaID_whale274,whale,train,4
BelugaID_whale275,whale,train,16
BelugaID_whale276,whale,train,17
BelugaID_whale277,whale,train,16
BelugaID_whale278,whale,train,9
BelugaID_whale279,whale,train,11
BelugaID_whale280,whale,train,16
BelugaID_whale281,whale,train,24
BelugaID_whale282,whale,train,11
BelugaID_whale283,whale,train,5
BelugaID_whale284,whale,train,15
BelugaID_whale285,whale,train,9
BelugaID_whale286,whale,validation,10
BelugaID_whale287,whale,train,19
BelugaID_whale288,whale,train,7
BelugaID_whale289,whale,train,6
BelugaID_whale290,whale,test,8
BelugaID_whale291,whale,train,11
BelugaID_whale292,whale,validation,3
BelugaID_whale293,whale,train,8
BelugaID_whale294,whale,test,19
BelugaID_whale295,whale,train,7
BelugaID_whale296,whale,validation,12
BelugaID_whale297,whale,train,7
BelugaID_whale298,whale,train,6
BelugaID_whale299,whale,validation,12
BelugaID_whale300,whale,validation,16
BelugaID_whale301,whale,train,3
BelugaID_whale302,whale,test,13
BelugaID_whale303,whale,train,14
BelugaID_whale304,whale,train,3
BelugaID_whale305,whale,train,2
BelugaID_whale306,whale,test,5
BelugaID_whale307,whale,train,54
BelugaID_whale308,whale,train,10
BelugaID_whale309,whale,train,14
BelugaID_whale310,whale,train,4
BelugaID_whale311,whale,test,8
BelugaID_whale312,whale,train,31
BelugaID_whale313,whale,train,13
BelugaID_whale314,whale,test,4
BelugaID_whale315,whale,train,18
BelugaID_whale316,whale,train,17
BelugaID_whale317,whale,train,14
BelugaID_whale318,whale,train,10
BelugaID_whale319,whale,validation,3
BelugaID_whale320,whale,train,8
BelugaID_whale321,whale,train,24
BelugaID_whale322,whale,train,21
BelugaID_whale323,whale,train,7
BelugaID_whale324,whale,train,4
BelugaID_whale325,whale,train,7
BelugaID_whale326,whale,validation,5
BelugaID_whale327,whale,train,6
BelugaID_whale328,whale,test,17
BelugaID_whale329,whale,test,10
BelugaID_whale330,whale,train,20
BelugaID_whale331,whale,validation,10
BelugaID_whale332,whale,train,11
BelugaID_whale333,whale,test,3
BelugaID_whale334,whale,validation,17
BelugaID_whale335,whale,validation,9
BelugaID_whale336,whale,validation,3
BelugaID_whale337,whale,train,4
BelugaID_whale338,whale,test,7
BelugaID_whale339,whale,train,15
BelugaID_whale340,whale,validation,6
BelugaID_whale341,whale,train,20
BelugaID_whale342,whale,test,7
BelugaID_whale343,whale,train,2
BelugaID_whale344,whale,train,3
BelugaID_whale345,whale,train,9
BelugaID_whale346,whale,train,2
BelugaID_whale347,whale,train,11
BelugaID_whale348,whale,train,8
BelugaID_whale349,whale,train,8
BelugaID_whale350,whale,train,5
BelugaID_whale351,whale,validation,12
BelugaID_whale352,whale,validation,3
BelugaID_whale353,whale,train,11
BelugaID_whale354,whale,train,9
BelugaID_whale355,whale,validation,20
BelugaID_whale356,whale,validation,3
BelugaID_whale357,whale,validation,3
BelugaID_whale358,whale,train,8
BelugaID_whale359,whale,train,11
BelugaID_whale360,whale,test,18
BelugaID_whale361,whale,test,6
BelugaID_whale362,whale,validation,5
BelugaID_whale363,whale,test,3
BelugaID_whale364,whale,train,7
BelugaID_whale365,whale,test,6
BelugaID_whale366,whale,train,25
BelugaID_whale367,whale,train,11
BelugaID_whale368,whale,train,5
BelugaID_whale369,whale,train,8
BelugaID_whale370,whale,train,4
BelugaID_whale371,whale,train,3
BelugaID_whale372,whale,train,11
BelugaID_whale373,whale,train,7
BelugaID_whale374,whale,train,5
BelugaID_whale375,whale,validation,2
BelugaID_whale376,whale,train,2
BelugaID_whale377,whale,train,2
BelugaID_whale378,whale,train,6
BelugaID_whale379,whale,train,4
BelugaID_whale380,whale,validation,2
BelugaID_whale381,whale,validation,3
BelugaID_whale382,whale,test,17
BelugaID_whale383,whale,train,2
BelugaID_whale384,whale,train,13
BelugaID_whale385,whale,train,13
BelugaID_whale386,whale,train,4
BelugaID_whale387,whale,train,4
BelugaID_whale388,whale,train,2
BelugaID_whale389,whale,train,4
BelugaID_whale390,whale,train,3
BelugaID_whale391,whale,train,8
BelugaID_whale392,whale,train,4
BelugaID_whale393,whale,test,3
BelugaID_whale394,whale,test,3
BelugaID_whale395,whale,test,19
BelugaID_whale396,whale,validation,17
BelugaID_whale397,whale,train,4
BelugaID_whale398,whale,train,6
BelugaID_whale399,whale,train,6
BelugaID_whale400,whale,train,3
BelugaID_whale401,whale,train,5
BelugaID_whale402,whale,train,11
BelugaID_whale403,whale,train,15
BelugaID_whale404,whale,train,8
BelugaID_whale405,whale,validation,5
BelugaID_whale406,whale,train,22
BelugaID_whale407,whale,train,13
BelugaID_whale408,whale,train,3
BelugaID_whale409,whale,test,11
BelugaID_whale410,whale,train,3
BelugaID_whale411,whale,train,4
BelugaID_whale412,whale,validation,4
BelugaID_whale413,whale,train,2
BelugaID_whale414,whale,train,18
BelugaID_whale415,whale,train,9
BelugaID_whale416,whale,train,2
BelugaID_whale417,whale,train,4
BelugaID_whale418,whale,train,4
BelugaID_whale419,whale,train,4
BelugaID_whale420,whale,validation,4
BelugaID_whale421,whale,train,9
BelugaID_whale422,whale,validation,9
BelugaID_whale423,whale,validation,3
BelugaID_whale424,whale,test,4
BelugaID_whale425,whale,train,3
BelugaID_whale426,whale,train,10
BelugaID_whale427,whale,train,12
BelugaID_whale428,whale,test,4
BelugaID_whale429,whale,test,5
BelugaID_whale430,whale,train,11
BelugaID_whale431,whale,validation,6
BelugaID_whale432,whale,test,15
BelugaID_whale433,whale,test,7
BelugaID_whale434,whale,train,6
BelugaID_whale435,whale,train,3
BelugaID_whale436,whale,test,3
BelugaID_whale437,whale,train,3
BelugaID_whale438,whale,train,11
BelugaID_whale439,whale,validation,23
BelugaID_whale440,whale,train,5
BelugaID_whale441,whale,train,8
BelugaID_whale442,whale,train,5
BelugaID_whale443,whale,test,9
BelugaID_whale444,whale,train,3
BelugaID_whale445,whale,validation,2
BelugaID_whale446,whale,train,3
BelugaID_whale447,whale,train,11
BelugaID_whale448,whale,validation,13
BelugaID_whale449,whale,train,2
BelugaID_whale450,whale,validation,8
BelugaID_whale451,whale,validation,3
BelugaID_whale452,whale,train,3
BelugaID_whale453,whale,test,12
BelugaID_whale454,whale,train,2
BelugaID_whale455,whale,train,3
BelugaID_whale456,whale,train,12
BelugaID_whale457,whale,train,3
BelugaID_whale458,whale,train,10
BelugaID_whale459,whale,train,10
BelugaID_whale460,whale,train,18
BelugaID_whale461,whale,train,8
BelugaID_whale462,whale,validation,18
BelugaID_whale463,whale,train,6
BelugaID_whale464,whale,train,7
BelugaID_whale465,whale,train,6
BelugaID_whale466,whale,train,2
BelugaID_whale467,whale,test,9
BelugaID_whale468,whale,train,3
BelugaID_whale469,whale,train,9
BelugaID_whale470,whale,train,5
BelugaID_whale471,whale,train,3
BelugaID_whale472,whale,train,5
BelugaID_whale473,whale,validation,17
BelugaID_whale474,whale,train,2
BelugaID_whale475,whale,train,27
BelugaID_whale476,whale,train,6
BelugaID_whale477,whale,validation,10
BelugaID_whale478,whale,validation,7
BelugaID_whale479,whale,train,7
BelugaID_whale480,whale,train,9
BelugaID_whale481,whale,test,4
BelugaID_whale482,whale,validation,9
BelugaID_whale483,whale,validation,7
BelugaID_whale484,whale,train,9
BelugaID_whale485,whale,train,3
BelugaID_whale486,whale,train,21
BelugaID_whale487,whale,validation,6
BelugaID_whale488,whale,train,2
BelugaID_whale489,whale,train,2
BelugaID_whale490,whale,test,24
BelugaID_whale491,whale,train,5
BelugaID_whale492,whale,train,5
BelugaID_whale493,whale,train,9
BelugaID_whale494,whale,train,3
BelugaID_whale495,whale,test,13
BelugaID_whale496,whale,train,19
BelugaID_whale497,whale,test,3
BelugaID_whale498,whale,train,3
BelugaID_whale499,whale,train,2
BelugaID_whale500,whale,train,7
BelugaID_whale501,whale,train,13
BelugaID_whale502,whale,train,2
BelugaID_whale503,whale,train,4
BelugaID_whale504,whale,train,5
BelugaID_whale505,whale,train,9
BelugaID_whale506,whale,train,10
BelugaID_whale507,whale,test,15
BelugaID_whale508,whale,train,9
BelugaID_whale509,whale,train,4
BelugaID_whale510,whale,train,14
BelugaID_whale511,whale,train,11
BelugaID_whale512,whale,test,3
BelugaID_whale513,whale,test,6
BelugaID_whale514,whale,train,8
BelugaID_whale515,whale,test,4
BelugaID_whale516,whale,train,5
BelugaID_whale517,whale,validation,3
BelugaID_whale518,whale,validation,2
BelugaID_whale519,whale,test,9
BelugaID_whale520,whale,train,2
BelugaID_whale521,whale,train,3
BelugaID_whale522,whale,train,6
BelugaID_whale523,whale,train,3
BelugaID_whale524,whale,train,3
BelugaID_whale525,whale,test,2
BelugaID_whale526,whale,validation,3
BelugaID_whale527,whale,test,4
BelugaID_whale528,whale,validation,4
BelugaID_whale529,whale,train,4
BelugaID_whale530,whale,test,9
BelugaID_whale531,whale,train,2
BelugaID_whale532,whale,train,3
BelugaID_whale533,whale,validation,3
BelugaID_whale534,whale,train,2
BelugaID_whale535,whale,train,4
BelugaID_whale536,whale,validation,3
BelugaID_whale537,whale,test,11
BelugaID_whale538,whale,test,4
BelugaID_whale539,whale,train,2
BelugaID_whale540,whale,train,4
BelugaID_whale541,whale,train,2
BelugaID_whale542,whale,train,7
BelugaID_whale543,whale,train,6
BelugaID_whale544,whale,train,3
BelugaID_whale545,whale,train,3
BelugaID_whale546,whale,train,9
BelugaID_whale547,whale,validation,2
BelugaID_whale548,whale,validation,3
BelugaID_whale549,whale,test,2
BelugaID_whale550,whale,train,5
BelugaID_whale551,whale,train,3
BelugaID_whale552,whale,train,3
BelugaID_whale553,whale,train,4
BelugaID_whale554,whale,train,9
BelugaID_whale555,whale,train,9
BelugaID_whale556,whale,train,3
BelugaID_whale557,whale,train,6
BelugaID_whale558,whale,validation,3
BelugaID_whale559,whale,train,15
BelugaID_whale560,whale,train,8
BelugaID_whale561,whale,train,3
BelugaID_whale562,whale,train,20
BelugaID_whale563,whale,train,4
BelugaID_whale564,whale,train,2
BelugaID_whale565,whale,train,9
BelugaID_whale566,whale,train,5
BelugaID_whale567,whale,train,3
BelugaID_whale568,whale,train,7
BelugaID_whale569,whale,test,2
BelugaID_whale570,whale,train,4
BelugaID_whale571,whale,test,9
BelugaID_whale572,whale,train,4
BelugaID_whale573,whale,train,4
BelugaID_whale574,whale,train,9
BelugaID_whale575,whale,train,8
BelugaID_whale576,whale,train,6
BelugaID_whale577,whale,train,3
BelugaID_whale578,whale,train,4
BelugaID_whale579,whale,test,4
BelugaID_whale580,whale,train,3
BelugaID_whale581,whale,train,15
BelugaID_whale582,whale,test,3
BelugaID_whale583,whale,train,3
BelugaID_whale584,whale,validation,4
BelugaID_whale585,whale,train,9
BelugaID_whale586,whale,train,4
BelugaID_whale587,whale,validation,7
BelugaID_whale588,whale,validation,5
BelugaID_whale589,whale,train,5
BelugaID_whale590,whale,train,2
BelugaID_whale591,whale,train,5
BelugaID_whale592,whale,train,2
BelugaID_whale593,whale,validation,3
BelugaID_whale594,whale,train,2
BelugaID_whale595,whale,test,2
BelugaID_whale596,whale,validation,2
BelugaID_whale597,whale,train,2
BelugaID_whale598,whale,train,5
BelugaID_whale599,whale,train,4
BelugaID_whale600,whale,train,2
BelugaID_whale601,whale,test,8
BelugaID_whale602,whale,train,7
BelugaID_whale603,whale,test,3
BelugaID_whale604,whale,train,2
BelugaID_whale605,whale,train,3
BelugaID_whale606,whale,train,3
BelugaID_whale607,whale,train,3
BelugaID_whale608,whale,train,5
BelugaID_whale609,whale,validation,3
BelugaID_whale610,whale,train,4
BelugaID_whale611,whale,train,9
BelugaID_whale612,whale,train,13
BelugaID_whale613,whale,validation,3
BelugaID_whale614,whale,train,4
BelugaID_whale615,whale,test,4
BelugaID_whale616,whale,train,2
BelugaID_whale617,whale,train,8
BelugaID_whale618,whale,validation,2
BelugaID_whale619,whale,train,6
BelugaID_whale620,whale,train,2
BelugaID_whale621,whale,test,6
BelugaID_whale622,whale,train,3
BelugaID_whale623,whale,validation,3
BelugaID_whale624,whale,train,2
BelugaID_whale625,whale,train,2
BelugaID_whale626,whale,train,2
BelugaID_whale627,whale,validation,5
BelugaID_whale628,whale,train,3
BelugaID_whale629,whale,train,2
BelugaID_whale630,whale,train,6
BelugaID_whale631,whale,validation,3
BelugaID_whale632,whale,train,2
BelugaID_whale633,whale,train,5
BelugaID_whale634,whale,train,4
BelugaID_whale635,whale,train,2
BelugaID_whale636,whale,test,4
BelugaID_whale637,whale,train,3
BelugaID_whale638,whale,train,2
BelugaID_whale639,whale,train,8
BelugaID_whale640,whale,validation,4
BelugaID_whale641,whale,train,3
BelugaID_whale642,whale,train,6
BelugaID_whale643,whale,train,8
BelugaID_whale644,whale,train,2
BelugaID_whale645,whale,test,3
BelugaID_whale646,whale,train,5
BelugaID_whale647,whale,train,2
BelugaID_whale648,whale,train,3
BelugaID_whale649,whale,train,5
BelugaID_whale650,whale,train,2
BelugaID_whale651,whale,validation,3
BelugaID_whale652,whale,train,3
BelugaID_whale653,whale,validation,3
BelugaID_whale654,whale,train,8
BelugaID_whale655,whale,validation,9
BelugaID_whale656,whale,validation,2
BelugaID_whale657,whale,train,8
BelugaID_whale658,whale,train,5
BelugaID_whale659,whale,train,2
BelugaID_whale660,whale,train,6
BelugaID_whale661,whale,train,2
BelugaID_whale662,whale,test,4
BelugaID_whale663,whale,train,3
BelugaID_whale664,whale,validation,6
BelugaID_whale665,whale,train,3
BelugaID_whale666,whale,train,5
BelugaID_whale667,whale,train,2
BelugaID_whale668,whale,train,3
BelugaID_whale669,whale,train,13
BelugaID_whale670,whale,train,3
BelugaID_whale671,whale,train,2
BelugaID_whale672,whale,train,4
BelugaID_whale673,whale,train,3
BelugaID_whale674,whale,train,6
BelugaID_whale675,whale,test,3
BelugaID_whale676,whale,train,10
BelugaID_whale677,whale,test,2
BelugaID_whale678,whale,validation,2
BelugaID_whale679,whale,train,3
BelugaID_whale680,whale,validation,7
BelugaID_whale681,whale,train,4
BelugaID_whale682,whale,train,2
BelugaID_whale683,whale,train,2
BelugaID_whale684,whale,train,3
BelugaID_whale685,whale,validation,3
BelugaID_whale686,whale,train,5
BelugaID_whale687,whale,train,2
BelugaID_whale688,whale,train,2
BelugaID_whale689,whale,train,3
BelugaID_whale690,whale,test,4
BelugaID_whale691,whale,train,3
BelugaID_whale692,whale,train,2
BelugaID_whale693,whale,train,6
BelugaID_whale694,whale,test,4
BelugaID_whale695,whale,train,2
BelugaID_whale696,whale,test,6
BelugaID_whale697,whale,train,4
BelugaID_whale698,whale,train,3
BelugaID_whale699,whale,train,3
BelugaID_whale700,whale,train,4
BelugaID_whale701,whale,train,6
BelugaID_whale702,whale,train,8
BelugaID_whale703,whale,train,2
BelugaID_whale704,whale,validation,2
BelugaID_whale705,whale,train,2
BelugaID_whale706,whale,train,4
BelugaID_whale707,whale,train,5
BelugaID_whale708,whale,validation,2
BelugaID_whale709,whale,test,2
BelugaID_whale710,whale,test,2
BelugaID_whale711,whale,train,2
BelugaID_whale712,whale,validation,2
BelugaID_whale713,whale,test,4
BelugaID_whale714,whale,train,2
BelugaID_whale715,whale,train,3
BelugaID_whale716,whale,train,2
BelugaID_whale717,whale,train,6
BelugaID_whale718,whale,train,2
BelugaID_whale719,whale,train,2
BelugaID_whale720,whale,test,5
BelugaID_whale721,whale,train,3
BelugaID_whale722,whale,train,2
BelugaID_whale723,whale,train,2
BelugaID_whale724,whale,test,2
BelugaID_whale725,whale,train,2
BelugaID_whale726,whale,train,6
BelugaID_whale727,whale,train,2
BelugaID_whale728,whale,train,4
BelugaID_whale729,whale,train,3
BelugaID_whale730,whale,train,2
BelugaID_whale731,whale,train,2
BelugaID_whale732,whale,train,4
BelugaID_whale733,whale,test,2
BelugaID_whale734,whale,train,4
BelugaID_whale735,whale,test,2
BelugaID_whale736,whale,train,5
BelugaID_whale737,whale,test,2
BelugaID_whale738,whale,validation,2
BelugaID_whale739,whale,test,2
BelugaID_whale740,whale,train,4
BelugaID_whale741,whale,train,2
BelugaID_whale742,whale,train,2
BelugaID_whale743,whale,train,2
BelugaID_whale744,whale,validation,4
BelugaID_whale745,whale,train,3
BelugaID_whale746,whale,test,4
BelugaID_whale747,whale,train,2
BelugaID_whale748,whale,train,5
BelugaID_whale749,whale,train,3
BelugaID_whale750,whale,train,3
BelugaID_whale751,whale,train,2
BelugaID_whale752,whale,train,10
BelugaID_whale753,whale,validation,2
BelugaID_whale754,whale,train,2
BelugaID_whale755,whale,train,5
BelugaID_whale756,whale,train,6
BelugaID_whale757,whale,train,3
BelugaID_whale758,whale,train,2
BelugaID_whale759,whale,train,3
BelugaID_whale760,whale,train,2
BelugaID_whale761,whale,train,2
BelugaID_whale762,whale,train,2
BelugaID_whale763,whale,train,3
BelugaID_whale764,whale,train,2
BelugaID_whale765,whale,validation,2
BelugaID_whale766,whale,test,3
BelugaID_whale767,whale,train,3
BelugaID_whale768,whale,test,2
BelugaID_whale769,whale,train,2
BelugaID_whale770,whale,train,3
BelugaID_whale771,whale,train,2
BelugaID_whale772,whale,train,4
BelugaID_whale773,whale,train,3
BelugaID_whale774,whale,test,2
BelugaID_whale775,whale,train,2
BelugaID_whale776,whale,train,2
BelugaID_whale777,whale,train,2
BelugaID_whale778,whale,test,2
BelugaID_whale779,whale,train,2
BelugaID_whale780,whale,validation,2
BelugaID_whale781,whale,train,2
BelugaID_whale782,whale,train,4
BelugaID_whale783,whale,test,2
BelugaID_whale784,whale,test,5
BelugaID_whale785,whale,train,2
BelugaID_whale786,whale,train,2
BelugaID_whale787,whale,train,2
BirdIndividualID_007,bird,train,88
BirdIndividualID_011016A9DF,bird,train,51
BirdIndividualID_011016AAEE,bird,train,51
BirdIndividualID_011016B1FB,bird,train,51
BirdIndividualID_011016B484,bird,train,34
BirdIndividualID_011016B52D,bird,train,24
BirdIndividualID_011016B7D6,bird,train,51
BirdIndividualID_011016BDC9,bird,train,28
BirdIndividualID_011016BE08,bird,train,35
BirdIndividualID_011016C7FC,bird,train,51
BirdIndividualID_011016C8B0,bird,validation,51
BirdIndividualID_011016CC62,bird,test,51
BirdIndividualID_011016F8EC,bird,train,46
BirdIndividualID_0110176514,bird,train,42
BirdIndividualID_011017686F,bird,train,50
BirdIndividualID_0110178201,bird,train,38
BirdIndividualID_0110178347,bird,train,25
BirdIndividualID_01101786C5,bird,train,50
BirdIndividualID_01101787FB,bird,train,52
BirdIndividualID_01101788B6,bird,train,28
BirdIndividualID_011017897F,bird,test,51
BirdIndividualID_0110178989,bird,train,29
BirdIndividualID_01103F3E1B,bird,train,50
BirdIndividualID_01103F53DC,bird,train,40
BirdIndividualID_01103F65D2,bird,train,46
BirdIndividualID_01103F673F,bird,test,51
BirdIndividualID_01103F7D5A,bird,validation,51
BirdIndividualID_01103F8C24,bird,train,51
BirdIndividualID_0417D30D92,bird,validation,51
BirdIndividualID_0700ED87AE,bird,test,51
BirdIndividualID_0700EDA638,bird,train,50
BirdIndividualID_0700EDAC58,bird,test,23
BirdIndividualID_0700EDB994,bird,validation,51
BirdIndividualID_0700EDDAE6,bird,train,51
BirdIndividualID_0700EDDB4E,bird,train,32
BirdIndividualID_0700EDDCC4,bird,validation,51
BirdIndividualID_0700EDE6D1,bird,validation,51
BirdIndividualID_0700EE16B2,bird,train,25
BirdIndividualID_0700EE27D0,bird,train,51
BirdIndividualID_0700EE27D7,bird,train,51
BirdIndividualID_0700EE42FD,bird,train,51
BirdIndividualID_098,bird,train,88
BirdIndividualID_103,bird,train,88
BirdIndividualID_107,bird,train,88
BirdIndividualID_130,bird,validation,88
BirdIndividualID_159,bird,test,88
BirdIndividualID_179,bird,test,88
BirdIndividualID_194,bird,train,88
BirdIndividualID_198,bird,test,88
BirdIndividualID_210,bird,train,68
CTai_Akrouba,chimpanzee,train,112
CTai_Akwaba,chimpanzee,train,90
CTai_Alina,chimpanzee,train,22
CTai_Athena,chimpanzee,train,63
CTai_Atra,chimpanzee,test,143
CTai_Baloo,chimpanzee,train,2
CTai_Besar,chimpanzee,train,22
CTai_Bienvenue,chimpanzee,train,16
CTai_Caramel,chimpanzee,train,94
CTai_Celine,chimpanzee,train,19
CTai_Coco,chimpanzee,train,72
CTai_Danane,chimpanzee,validation,1
CTai_Diva,chimpanzee,train,2
CTai_Duna,chimpanzee,train,96
CTai_Endora,chimpanzee,train,33
CTai_Eva,chimpanzee,train,76
CTai_Fatima,chimpanzee,train,4
CTai_Fredy,chimpanzee,test,344
CTai_Garuda,chimpanzee,test,33
CTai_Gogol,chimpanzee,train,27
CTai_Haraka,chimpanzee,train,61
CTai_Huxel,chimpanzee,train,43
CTai_Ibrahim,chimpanzee,train,29
CTai_Inousha,chimpanzee,train,35
CTai_Isha,chimpanzee,train,118
CTai_Jacobo,chimpanzee,test,65
CTai_Java,chimpanzee,validation,17
CTai_Julia,chimpanzee,train,69
CTai_Kabisha,chimpanzee,train,23
CTai_Kaos,chimpanzee,train,69
CTai_Kinshasa,chimpanzee,validation,174
CTai_Kiriku,chimpanzee,train,155
CTai_Kuba,chimpanzee,train,101
CTai_Lilou,chimpanzee,train,77
CTai_Linus,chimpanzee,validation,36
CTai_Louise,chimpanzee,test,169
CTai_Lucas,chimpanzee,train,74
CTai_Mandy,chimpanzee,test,18
CTai_Marc,chimpanzee,test,3
CTai_Margot,chimpanzee,train,26
CTai_Max,chimpanzee,test,17
CTai_Mbeli,chimpanzee,train,11
CTai_Mkubwa,chimpanzee,train,57
CTai_Mustapha,chimpanzee,validation,46
CTai_Olduvai,chimpanzee,train,3
CTai_Olivia,chimpanzee,train,86
CTai_Oscar,chimpanzee,validation,61
CTai_Ravel,chimpanzee,validation,12
CTai_Romario,chimpanzee,test,23
CTai_Rubra,chimpanzee,train,15
CTai_Sagu,chimpanzee,train,139
CTai_Sassandra,chimpanzee,validation,90
CTai_Shogun,chimpanzee,train,171
CTai_Sumatra,chimpanzee,train,231
CTai_Taboo,chimpanzee,train,40
CTai_Tita,chimpanzee,train,41
CTai_Totem,chimpanzee,test,10
CTai_Utan,chimpanzee,train,99
CTai_Victor,chimpanzee,train,226
CTai_Virunga,chimpanzee,train,6
CTai_Voodoo,chimpanzee,validation,3
CTai_Wala,chimpanzee,validation,124
CTai_Wapi,chimpanzee,train,119
CTai_Wendy,chimpanzee,validation,10
CTai_Woodstock,chimpanzee,train,88
CTai_Yao,chimpanzee,train,6
CTai_Yoghiti,chimpanzee,train,21
CTai_Yucca,chimpanzee,train,20
CTai_Zita,chimpanzee,train,42
CTai_Zora,chimpanzee,train,61
CTai_Zyon,chimpanzee,validation,151
CZoo_Alex,chimpanzee,train,71
CZoo_Alexandra,chimpanzee,validation,75
CZoo_Annett,chimpanzee,train,73
CZoo_Bangolo,chimpanzee,test,111
CZoo_Corrie,chimpanzee,test,80
CZoo_Dorien,chimpanzee,test,99
CZoo_Fifi,chimpanzee,train,107
CZoo_Fraukje,chimpanzee,validation,64
CZoo_Frodo,chimpanzee,train,70
CZoo_Gertrudia,chimpanzee,train,86
CZoo_Jahaga,chimpanzee,train,97
CZoo_Kara,chimpanzee,train,91
CZoo_Kofi,chimpanzee,train,98
CZoo_Lobo,chimpanzee,train,103
CZoo_Lome,chimpanzee,train,99
CZoo_Natascha,chimpanzee,train,101
CZoo_Patrick,chimpanzee,train,81
CZoo_Pia,chimpanzee,train,100
CZoo_Riet,chimpanzee,train,79
CZoo_Robert,chimpanzee,train,88
CZoo_Sandra,chimpanzee,validation,62
CZoo_Swela,chimpanzee,test,103
CZoo_Tai,chimpanzee,train,93
CZoo_Ulla,chimpanzee,validation,78
CatIndividualImages_1,cat,validation,17
CatIndividualImages_10,cat,test,36
CatIndividualImages_100,cat,train,22
CatIndividualImages_101,cat,train,14
CatIndividualImages_102,cat,train,13
CatIndividualImages_103,cat,train,24
CatIndividualImages_104,cat,train,25
CatIndividualImages_105,cat,validation,21
CatIndividualImages_106,cat,train,17
CatIndividualImages_107,cat,train,14
CatIndividualImages_108,cat,validation,13
CatIndividualImages_109,cat,train,17
CatIndividualImages_11,cat,train,26
CatIndividualImages_110,cat,train,13
CatIndividualImages_111,cat,train,6
CatIndividualImages_112,cat,train,33
CatIndividualImages_113,cat,train,26
CatIndividualImages_114,cat,train,7
CatIndividualImages_115,cat,train,11
CatIndividualImages_117,cat,train,13
CatIndividualImages_12,cat,validation,17
CatIndividualImages_120,cat,validation,14
CatIndividualImages_121,cat,train,11
CatIndividualImages_122,cat,train,20
CatIndividualImages_123,cat,train,19
CatIndividualImages_124,cat,validation,12
CatIndividualImages_125,cat,train,11
CatIndividualImages_126,cat,train,10
CatIndividualImages_127,cat,train,12
CatIndividualImages_128,cat,train,14
CatIndividualImages_129,cat,train,19
CatIndividualImages_13,cat,train,9
CatIndividualImages_130,cat,train,6
CatIndividualImages_131,cat,test,8
CatIndividualImages_132,cat,train,13
CatIndividualImages_133,cat,test,13
CatIndividualImages_134,cat,train,13
CatIndividualImages_135,cat,train,16
CatIndividualImages_136,cat,train,31
CatIndividualImages_137,cat,train,33
CatIndividualImages_138,cat,test,13
CatIndividualImages_139,cat,validation,21
CatIndividualImages_14,cat,train,16
CatIndividualImages_140,cat,train,12
CatIndividualImages_141,cat,train,18
CatIndividualImages_142,cat,train,19
CatIndividualImages_143,cat,train,36
CatIndividualImages_144,cat,validation,7
CatIndividualImages_145,cat,train,21
CatIndividualImages_146,cat,train,24
CatIndividualImages_147,cat,test,23
CatIndividualImages_148,cat,train,30
CatIndividualImages_149,cat,train,74
CatIndividualImages_15,cat,train,53
CatIndividualImages_150,cat,train,37
CatIndividualImages_151,cat,train,27
CatIndividualImages_152,cat,train,41
CatIndividualImages_153,cat,train,48
CatIndividualImages_154,cat,train,65
CatIndividualImages_155,cat,test,11
CatIndividualImages_156,cat,train,89
CatIndividualImages_157,cat,train,62
CatIndividualImages_158,cat,train,22
CatIndividualImages_159,cat,train,87
CatIndividualImages_16,cat,test,32
CatIndividualImages_160,cat,validation,130
CatIndividualImages_161,cat,test,59
CatIndividualImages_162,cat,test,28
CatIndividualImages_163,cat,train,68
CatIndividualImages_164,cat,train,31
CatIndividualImages_165,cat,train,13
CatIndividualImages_166,cat,train,19
CatIndividualImages_167,cat,train,19
CatIndividualImages_168,cat,train,14
CatIndividualImages_169,cat,train,16
CatIndividualImages_17,cat,train,62
CatIndividualImages_170,cat,train,17
CatIndividualImages_171,cat,train,16
CatIndividualImages_172,cat,train,14
CatIndividualImages_173,cat,train,24
CatIndividualImages_174,cat,test,20
CatIndividualImages_175,cat,train,19
CatIndividualImages_176,cat,train,11
CatIndividualImages_177,cat,train,19
CatIndividualImages_178,cat,train,12
CatIndividualImages_179,cat,test,13
CatIndividualImages_18,cat,test,54
CatIndividualImages_180,cat,train,17
CatIndividualImages_181,cat,train,18
CatIndividualImages_182,cat,train,51
CatIndividualImages_183,cat,validation,14
CatIndividualImages_184,cat,train,20
CatIndividualImages_185,cat,train,90
CatIndividualImages_186,cat,train,65
CatIndividualImages_187,cat,test,91
CatIndividualImages_188,cat,test,57
CatIndividualImages_189,cat,validation,92
CatIndividualImages_19,cat,validation,46
CatIndividualImages_190,cat,train,144
CatIndividualImages_191,cat,train,101
CatIndividualImages_193,cat,validation,23
CatIndividualImages_194,cat,train,19
CatIndividualImages_195,cat,train,26
CatIndividualImages_196,cat,train,15
CatIndividualImages_197,cat,train,26
CatIndividualImages_198,cat,train,10
CatIndividualImages_199,cat,train,31
CatIndividualImages_2,cat,train,20
CatIndividualImages_20,cat,validation,29
CatIndividualImages_200,cat,validation,22
CatIndividualImages_201,cat,train,13
CatIndividualImages_202,cat,validation,17
CatIndividualImages_203,cat,test,32
CatIndividualImages_204,cat,train,19
CatIndividualImages_205,cat,train,17
CatIndividualImages_206,cat,train,17
CatIndividualImages_207,cat,train,24
CatIndividualImages_208,cat,train,42
CatIndividualImages_209,cat,train,47
CatIndividualImages_21,cat,train,36
CatIndividualImages_210,cat,train,19
CatIndividualImages_211,cat,train,39
CatIndividualImages_212,cat,test,98
CatIndividualImages_213,cat,train,22
CatIndividualImages_214,cat,train,36
CatIndividualImages_215,cat,train,16
CatIndividualImages_216,cat,validation,35
CatIndividualImages_217,cat,test,22
CatIndividualImages_218,cat,validation,12
CatIndividualImages_219,cat,validation,7
CatIndividualImages_22,cat,train,40
CatIndividualImages_220,cat,train,69
CatIndividualImages_221,cat,train,69
CatIndividualImages_222,cat,train,11
CatIndividualImages_223,cat,train,16
CatIndividualImages_224,cat,train,12
CatIndividualImages_225,cat,train,18
CatIndividualImages_226,cat,train,21
CatIndividualImages_227,cat,train,13
CatIndividualImages_228,cat,train,11
CatIndividualImages_229,cat,train,17
CatIndividualImages_23,cat,test,12
CatIndividualImages_230,cat,train,20
CatIndividualImages_231,cat,train,12
CatIndividualImages_232,cat,train,19
CatIndividualImages_233,cat,train,12
CatIndividualImages_234,cat,train,14
CatIndividualImages_235,cat,train,14
CatIndividualImages_236,cat,validation,12
CatIndividualImages_237,cat,test,12
CatIndividualImages_238,cat,train,14
CatIndividualImages_239,cat,validation,17
CatIndividualImages_24,cat,validation,28
CatIndividualImages_240,cat,train,24
CatIndividualImages_241,cat,train,20
CatIndividualImages_242,cat,test,16
CatIndividualImages_243,cat,train,20
CatIndividualImages_244,cat,train,30
CatIndividualImages_245,cat,test,28
CatIndividualImages_246,cat,train,24
CatIndividualImages_247,cat,train,17
CatIndividualImages_248,cat,train,12
CatIndividualImages_249,cat,train,14
CatIndividualImages_25,cat,validation,16
CatIndividualImages_250,cat,train,10
CatIndividualImages_251,cat,train,15
CatIndividualImages_252,cat,train,47
CatIndividualImages_253,cat,validation,33
CatIndividualImages_254,cat,train,19
CatIndividualImages_255,cat,test,24
CatIndividualImages_256,cat,validation,17
CatIndividualImages_257,cat,validation,21
CatIndividualImages_259,cat,train,87
CatIndividualImages_26,cat,test,20
CatIndividualImages_260,cat,train,49
CatIndividualImages_261,cat,train,18
CatIndividualImages_262,cat,train,19
CatIndividualImages_263,cat,validation,16
CatIndividualImages_264,cat,train,25
CatIndividualImages_265,cat,train,38
CatIndividualImages_266,cat,train,38
CatIndividualImages_267,cat,train,12
CatIndividualImages_268,cat,train,20
CatIndividualImages_269,cat,train,23
CatIndividualImages_27,cat,train,51
CatIndividualImages_270,cat,train,23
CatIndividualImages_271,cat,train,18
CatIndividualImages_272,cat,train,29
CatIndividualImages_273,cat,train,22
CatIndividualImages_274,cat,train,22
CatIndividualImages_275,cat,train,25
CatIndividualImages_277,cat,train,17
CatIndividualImages_278,cat,train,16
CatIndividualImages_279,cat,train,45
CatIndividualImages_28,cat,train,37
CatIndividualImages_280,cat,validation,44
CatIndividualImages_281,cat,train,21
CatIndividualImages_282,cat,test,10
CatIndividualImages_283,cat,test,10
CatIndividualImages_284,cat,train,11
CatIndividualImages_285,cat,train,11
CatIndividualImages_286,cat,validation,10
CatIndividualImages_287,cat,train,15
CatIndividualImages_288,cat,validation,15
CatIndividualImages_289,cat,validation,31
CatIndividualImages_29,cat,train,77
CatIndividualImages_290,cat,train,12
CatIndividualImages_291,cat,train,13
CatIndividualImages_292,cat,test,11
CatIndividualImages_293,cat,train,15
CatIndividualImages_294,cat,train,10
CatIndividualImages_295,cat,train,12
CatIndividualImages_296,cat,train,21
CatIndividualImages_297,cat,train,18
CatIndividualImages_298,cat,train,19
CatIndividualImages_299,cat,validation,16
CatIndividualImages_3,cat,test,15
CatIndividualImages_30,cat,train,25
CatIndividualImages_300,cat,train,16
CatIndividualImages_301,cat,train,14
CatIndividualImages_302,cat,train,10
CatIndividualImages_303,cat,train,10
CatIndividualImages_304,cat,train,10
CatIndividualImages_305,cat,test,11
CatIndividualImages_306,cat,train,12
CatIndividualImages_307,cat,test,16
CatIndividualImages_308,cat,train,14
CatIndividualImages_309,cat,test,16
CatIndividualImages_31,cat,validation,28
CatIndividualImages_310,cat,train,15
CatIndividualImages_311,cat,train,15
CatIndividualImages_312,cat,train,12
CatIndividualImages_313,cat,train,10
CatIndividualImages_314,cat,train,15
CatIndividualImages_315,cat,train,15
CatIndividualImages_316,cat,train,15
CatIndividualImages_317,cat,train,17
CatIndividualImages_318,cat,train,20
CatIndividualImages_319,cat,train,10
CatIndividualImages_320,cat,train,7
CatIndividualImages_321,cat,train,10
CatIndividualImages_322,cat,test,27
CatIndividualImages_323,cat,train,18
CatIndividualImages_324,cat,train,17
CatIndividualImages_325,cat,validation,12
CatIndividualImages_326,cat,train,17
CatIndividualImages_327,cat,train,13
CatIndividualImages_328,cat,train,10
CatIndividualImages_329,cat,test,10
CatIndividualImages_33,cat,test,13
CatIndividualImages_330,cat,validation,10
CatIndividualImages_331,cat,train,10
CatIndividualImages_332,cat,train,10
CatIndividualImages_333,cat,validation,10
CatIndividualImages_334,cat,train,10
CatIndividualImages_335,cat,train,6
CatIndividualImages_336,cat,train,10
CatIndividualImages_337,cat,validation,17
CatIndividualImages_338,cat,train,10
CatIndividualImages_339,cat,test,10
CatIndividualImages_34,cat,train,10
CatIndividualImages_340,cat,train,28
CatIndividualImages_341,cat,train,15
CatIndividualImages_342,cat,test,16
CatIndividualImages_343,cat,train,18
CatIndividualImages_344,cat,test,10
CatIndividualImages_345,cat,train,10
CatIndividualImages_346,cat,validation,21
CatIndividualImages_347,cat,train,14
CatIndividualImages_348,cat,test,22
CatIndividualImages_349,cat,train,10
CatIndividualImages_35,cat,validation,15
CatIndividualImages_350,cat,train,10
CatIndividualImages_351,cat,train,10
CatIndividualImages_352,cat,train,10
CatIndividualImages_353,cat,train,10
CatIndividualImages_354,cat,validation,10
CatIndividualImages_355,cat,train,11
CatIndividualImages_356,cat,train,8
CatIndividualImages_357,cat,train,13
CatIndividualImages_358,cat,train,11
CatIndividualImages_359,cat,train,12
CatIndividualImages_36,cat,train,34
CatIndividualImages_360,cat,test,14
CatIndividualImages_361,cat,validation,10
CatIndividualImages_362,cat,train,14
CatIndividualImages_363,cat,train,11
CatIndividualImages_364,cat,train,9
CatIndividualImages_365,cat,test,12
CatIndividualImages_366,cat,train,21
CatIndividualImages_367,cat,train,11
CatIndividualImages_368,cat,train,10
CatIndividualImages_369,cat,train,12
CatIndividualImages_37,cat,train,16
CatIndividualImages_370,cat,train,12
CatIndividualImages_371,cat,train,11
CatIndividualImages_372,cat,train,12
CatIndividualImages_373,cat,train,14
CatIndividualImages_374,cat,train,15
CatIndividualImages_375,cat,train,110
CatIndividualImages_376,cat,test,10
CatIndividualImages_377,cat,train,9
CatIndividualImages_378,cat,train,16
CatIndividualImages_379,cat,train,17
CatIndividualImages_38,cat,train,6
CatIndividualImages_380,cat,train,10
CatIndividualImages_381,cat,validation,19
CatIndividualImages_382,cat,train,26
CatIndividualImages_383,cat,train,21
CatIndividualImages_384,cat,train,29
CatIndividualImages_385,cat,test,38
CatIndividualImages_386,cat,train,61
CatIndividualImages_387,cat,train,27
CatIndividualImages_388,cat,train,23
CatIndividualImages_389,cat,train,15
CatIndividualImages_39,cat,train,6
CatIndividualImages_390,cat,train,15
CatIndividualImages_391,cat,train,17
CatIndividualImages_392,cat,validation,22
CatIndividualImages_393,cat,train,22
CatIndividualImages_394,cat,train,21
CatIndividualImages_395,cat,train,13
CatIndividualImages_396,cat,train,20
CatIndividualImages_397,cat,train,18
CatIndividualImages_398,cat,train,16
CatIndividualImages_399,cat,train,24
CatIndividualImages_4,cat,train,56
CatIndividualImages_40,cat,train,12
CatIndividualImages_400,cat,test,20
CatIndividualImages_401,cat,test,20
CatIndividualImages_402,cat,train,20
CatIndividualImages_403,cat,validation,20
CatIndividualImages_404,cat,train,25
CatIndividualImages_405,cat,validation,21
CatIndividualImages_406,cat,test,20
CatIndividualImages_407,cat,train,27
CatIndividualImages_408,cat,train,20
CatIndividualImages_409,cat,train,17
CatIndividualImages_41,cat,test,8
CatIndividualImages_410,cat,train,20
CatIndividualImages_411,cat,train,19
CatIndividualImages_412,cat,test,20
CatIndividualImages_413,cat,train,20
CatIndividualImages_414,cat,train,20
CatIndividualImages_416,cat,train,19
CatIndividualImages_417,cat,train,20
CatIndividualImages_418,cat,train,68
CatIndividualImages_419,cat,validation,22
CatIndividualImages_42,cat,train,23
CatIndividualImages_420,cat,validation,18
CatIndividualImages_421,cat,train,31
CatIndividualImages_422,cat,train,23
CatIndividualImages_423,cat,train,22
CatIndividualImages_424,cat,test,20
CatIndividualImages_425,cat,validation,24
CatIndividualImages_426,cat,train,20
CatIndividualImages_427,cat,train,13
CatIndividualImages_428,cat,test,23
CatIndividualImages_429,cat,train,22
CatIndividualImages_43,cat,train,27
CatIndividualImages_430,cat,test,21
CatIndividualImages_431,cat,train,20
CatIndividualImages_432,cat,validation,22
CatIndividualImages_433,cat,train,20
CatIndividualImages_434,cat,train,22
CatIndividualImages_435,cat,train,29
CatIndividualImages_436,cat,train,21
CatIndividualImages_437,cat,train,22
CatIndividualImages_438,cat,train,34
CatIndividualImages_439,cat,train,16
CatIndividualImages_44,cat,validation,52
CatIndividualImages_440,cat,train,16
CatIndividualImages_441,cat,test,42
CatIndividualImages_442,cat,train,23
CatIndividualImages_443,cat,train,20
CatIndividualImages_444,cat,validation,20
CatIndividualImages_445,cat,train,24
CatIndividualImages_446,cat,train,95
CatIndividualImages_447,cat,validation,44
CatIndividualImages_448,cat,validation,51
CatIndividualImages_449,cat,train,50
CatIndividualImages_45,cat,train,19
CatIndividualImages_450,cat,train,20
CatIndividualImages_451,cat,train,17
CatIndividualImages_452,cat,train,20
CatIndividualImages_453,cat,train,24
CatIndividualImages_454,cat,test,13
CatIndividualImages_455,cat,validation,85
CatIndividualImages_456,cat,validation,21
CatIndividualImages_457,cat,train,15
CatIndividualImages_458,cat,test,15
CatIndividualImages_459,cat,test,15
CatIndividualImages_46,cat,train,95
CatIndividualImages_460,cat,test,22
CatIndividualImages_461,cat,train,20
CatIndividualImages_462,cat,train,18
CatIndividualImages_463,cat,train,21
CatIndividualImages_464,cat,train,18
CatIndividualImages_465,cat,train,24
CatIndividualImages_466,cat,train,18
CatIndividualImages_467,cat,train,30
CatIndividualImages_468,cat,test,16
CatIndividualImages_469,cat,train,16
CatIndividualImages_47,cat,train,43
CatIndividualImages_470,cat,validation,11
CatIndividualImages_471,cat,train,11
CatIndividualImages_472,cat,train,12
CatIndividualImages_473,cat,train,35
CatIndividualImages_474,cat,train,98
CatIndividualImages_475,cat,test,53
CatIndividualImages_476,cat,train,20
CatIndividualImages_477,cat,train,44
CatIndividualImages_478,cat,validation,6
CatIndividualImages_479,cat,train,16
CatIndividualImages_48,cat,test,38
CatIndividualImages_480,cat,train,38
CatIndividualImages_481,cat,test,15
CatIndividualImages_482,cat,train,50
CatIndividualImages_483,cat,train,46
CatIndividualImages_484,cat,train,15
CatIndividualImages_485,cat,validation,42
CatIndividualImages_486,cat,train,38
CatIndividualImages_487,cat,train,32
CatIndividualImages_488,cat,train,49
CatIndividualImages_489,cat,train,58
CatIndividualImages_49,cat,train,17
CatIndividualImages_490,cat,train,19
CatIndividualImages_491,cat,test,15
CatIndividualImages_492,cat,train,20
CatIndividualImages_493,cat,train,27
CatIndividualImages_494,cat,validation,23
CatIndividualImages_495,cat,validation,23
CatIndividualImages_496,cat,validation,78
CatIndividualImages_497,cat,train,37
CatIndividualImages_498,cat,train,20
CatIndividualImages_499,cat,train,44
CatIndividualImages_5,cat,train,41
CatIndividualImages_50,cat,train,22
CatIndividualImages_500,cat,test,24
CatIndividualImages_501,cat,train,53
CatIndividualImages_502,cat,validation,91
CatIndividualImages_503,cat,validation,12
CatIndividualImages_504,cat,train,50
CatIndividualImages_505,cat,train,24
CatIndividualImages_506,cat,train,23
CatIndividualImages_507,cat,validation,32
CatIndividualImages_508,cat,test,21
CatIndividualImages_509,cat,train,65
CatIndividualImages_51,cat,train,20
CatIndividualImages_510,cat,train,50
CatIndividualImages_511,cat,test,29
CatIndividualImages_512,cat,test,44
CatIndividualImages_513,cat,train,45
CatIndividualImages_514,cat,validation,32
CatIndividualImages_515,cat,validation,50
CatIndividualImages_516,cat,train,27
CatIndividualImages_52,cat,train,14
CatIndividualImages_53,cat,train,32
CatIndividualImages_54,cat,train,16
CatIndividualImages_55,cat,train,40
CatIndividualImages_56,cat,train,30
CatIndividualImages_57,cat,test,40
CatIndividualImages_58,cat,validation,16
CatIndividualImages_59,cat,test,28
CatIndividualImages_6,cat,train,40
CatIndividualImages_60,cat,train,31
CatIndividualImages_61,cat,train,23
CatIndividualImages_62,cat,train,32
CatIndividualImages_63,cat,train,38
CatIndividualImages_64,cat,train,21
CatIndividualImages_65,cat,validation,30
CatIndividualImages_66,cat,train,49
CatIndividualImages_67,cat,train,36
CatIndividualImages_68,cat,test,23
CatIndividualImages_69,cat,train,30
CatIndividualImages_7,cat,train,41
CatIndividualImages_71,cat,validation,40
CatIndividualImages_72,cat,validation,32
CatIndividualImages_73,cat,validation,39
CatIndividualImages_75,cat,train,34
CatIndividualImages_76,cat,test,22
CatIndividualImages_77,cat,test,37
CatIndividualImages_78,cat,train,29
CatIndividualImages_79,cat,test,42
CatIndividualImages_8,cat,train,18
CatIndividualImages_80,cat,validation,8
CatIndividualImages_81,cat,test,21
CatIndividualImages_82,cat,test,48
CatIndividualImages_83,cat,test,30
CatIndividualImages_84,cat,train,40
CatIndividualImages_85,cat,train,20
CatIndividualImages_86,cat,test,18
CatIndividualImages_87,cat,train,28
CatIndividualImages_88,cat,validation,20
CatIndividualImages_89,cat,train,30
CatIndividualImages_9,cat,train,13
CatIndividualImages_90,cat,test,7
CatIndividualImages_91,cat,train,18
CatIndividualImages_92,cat,train,13
CatIndividualImages_93,cat,train,17
CatIndividualImages_94,cat,test,30
CatIndividualImages_95,cat,train,29
CatIndividualImages_96,cat,train,26
CatIndividualImages_97,cat,test,25
CatIndividualImages_98,cat,validation,20
CatIndividualImages_99,cat,train,24
Chicks4FreeID_0,chicken,train,30
Chicks4FreeID_1,chicken,train,28
Chicks4FreeID_10,chicken,train,31
Chicks4FreeID_11,chicken,test,20
Chicks4FreeID_12,chicken,train,16
Chicks4FreeID_13,chicken,train,25
Chicks4FreeID_14,chicken,train,20
Chicks4FreeID_15,chicken,test,33
Chicks4FreeID_16,chicken,train,35
Chicks4FreeID_17,chicken,train,18
Chicks4FreeID_18,chicken,test,17
Chicks4FreeID_19,chicken,train,18
Chicks4FreeID_2,chicken,validation,25
Chicks4FreeID_20,chicken,train,12
Chicks4FreeID_21,chicken,validation,21
Chicks4FreeID_22,chicken,validation,27
Chicks4FreeID_23,chicken,test,11
Chicks4FreeID_24,chicken,train,37
Chicks4FreeID_25,chicken,train,19
Chicks4FreeID_26,chicken,train,10
Chicks4FreeID_27,chicken,validation,20
Chicks4FreeID_28,chicken,train,26
Chicks4FreeID_29,chicken,test,36
Chicks4FreeID_3,chicken,train,38
Chicks4FreeID_30,chicken,train,34
Chicks4FreeID_31,chicken,train,21
Chicks4FreeID_32,chicken,train,49
Chicks4FreeID_33,chicken,train,32
Chicks4FreeID_34,chicken,validation,33
Chicks4FreeID_35,chicken,train,12
Chicks4FreeID_36,chicken,train,15
Chicks4FreeID_37,chicken,test,20
Chicks4FreeID_38,chicken,train,19
Chicks4FreeID_39,chicken,train,15
Chicks4FreeID_4,chicken,train,33
Chicks4FreeID_40,chicken,train,10
Chicks4FreeID_41,chicken,validation,21
Chicks4FreeID_42,chicken,test,20
Chicks4FreeID_43,chicken,train,6
Chicks4FreeID_44,chicken,train,10
Chicks4FreeID_45,chicken,train,7
Chicks4FreeID_46,chicken,train,15
Chicks4FreeID_47,chicken,train,18
Chicks4FreeID_48,chicken,train,20
Chicks4FreeID_49,chicken,train,24
Chicks4FreeID_5,chicken,train,23
Chicks4FreeID_6,chicken,test,26
Chicks4FreeID_7,chicken,train,27
Chicks4FreeID_8,chicken,train,29
Chicks4FreeID_9,chicken,validation,34
CowDataset_1,cow,train,123
CowDataset_10,cow,test,115
CowDataset_11,cow,train,89
CowDataset_12,cow,validation,97
CowDataset_13,cow,validation,119
CowDataset_2,cow,train,116
CowDataset_3,cow,validation,125
CowDataset_4,cow,train,127
CowDataset_5,cow,train,111
CowDataset_6,cow,train,106
CowDataset_7,cow,validation,123
CowDataset_8,cow,train,96
CowDataset_9,cow,test,138
Cows2021_0,cow,train,58
Cows2021_1,cow,validation,50
Cows2021_10,cow,train,60
Cows2021_100,cow,train,27
Cows2021_101,cow,train,43
Cows2021_102,cow,train,43
Cows2021_103,cow,train,56
Cows2021_104,cow,train,16
Cows2021_106,cow,train,24
Cows2021_107,cow,train,38
Cows2021_108,cow,test,21
Cows2021_109,cow,train,51
Cows2021_11,cow,validation,58
Cows2021_110,cow,test,31
Cows2021_111,cow,train,52
Cows2021_112,cow,train,23
Cows2021_113,cow,train,85
Cows2021_114,cow,train,46
Cows2021_115,cow,validation,15
Cows2021_116,cow,validation,54
Cows2021_117,cow,train,36
Cows2021_118,cow,train,54
Cows2021_119,cow,train,114
Cows2021_12,cow,train,24
Cows2021_120,cow,test,46
Cows2021_121,cow,test,32
Cows2021_122,cow,test,60
Cows2021_123,cow,train,38
Cows2021_124,cow,train,41
Cows2021_125,cow,train,55
Cows2021_126,cow,train,54
Cows2021_127,cow,test,46
Cows2021_128,cow,train,66
Cows2021_129,cow,test,30
Cows2021_13,cow,validation,51
Cows2021_130,cow,train,38
Cows2021_131,cow,train,59
Cows2021_132,cow,validation,63
Cows2021_133,cow,train,51
Cows2021_134,cow,train,39
Cows2021_135,cow,train,40
Cows2021_136,cow,validation,41
Cows2021_137,cow,train,54
Cows2021_138,cow,test,87
Cows2021_139,cow,train,46
Cows2021_14,cow,validation,49
Cows2021_140,cow,validation,34
Cows2021_141,cow,train,109
Cows2021_142,cow,train,50
Cows2021_143,cow,train,11
Cows2021_144,cow,train,28
Cows2021_145,cow,train,112
Cows2021_146,cow,train,57
Cows2021_147,cow,train,32
Cows2021_148,cow,train,30
Cows2021_149,cow,train,95
Cows2021_15,cow,train,9
Cows2021_150,cow,train,55
Cows2021_151,cow,train,46
Cows2021_152,cow,validation,71
Cows2021_153,cow,train,69
Cows2021_154,cow,test,88
Cows2021_155,cow,train,7
Cows2021_156,cow,train,62
Cows2021_157,cow,train,12
Cows2021_158,cow,test,19
Cows2021_159,cow,train,54
Cows2021_16,cow,train,58
Cows2021_160,cow,train,26
Cows2021_161,cow,test,71
Cows2021_162,cow,test,27
Cows2021_163,cow,train,48
Cows2021_165,cow,train,16
Cows2021_166,cow,validation,45
Cows2021_167,cow,train,39
Cows2021_168,cow,train,18
Cows2021_169,cow,train,7
Cows2021_17,cow,validation,105
Cows2021_170,cow,validation,25
Cows2021_171,cow,train,30
Cows2021_172,cow,train,63
Cows2021_174,cow,train,14
Cows2021_175,cow,train,63
Cows2021_176,cow,train,80
Cows2021_177,cow,train,98
Cows2021_178,cow,validation,36
Cows2021_18,cow,test,44
Cows2021_180,cow,train,55
Cows2021_181,cow,validation,29
Cows2021_182,cow,train,2
Cows2021_183,cow,train,7
Cows2021_184,cow,train,1
Cows2021_185,cow,train,4
Cows2021_19,cow,train,44
Cows2021_2,cow,train,21
Cows2021_20,cow,train,23
Cows2021_21,cow,validation,30
Cows2021_22,cow,train,48
Cows2021_23,cow,train,27
Cows2021_24,cow,train,99
Cows2021_25,cow,test,100
Cows2021_26,cow,validation,43
Cows2021_27,cow,train,40
Cows2021_28,cow,train,93
Cows2021_29,cow,train,44
Cows2021_3,cow,test,21
Cows2021_30,cow,train,42
Cows2021_31,cow,validation,68
Cows2021_32,cow,train,37
Cows2021_33,cow,validation,43
Cows2021_34,cow,train,50
Cows2021_35,cow,train,61
Cows2021_36,cow,validation,48
Cows2021_37,cow,train,62
Cows2021_38,cow,test,74
Cows2021_39,cow,train,38
Cows2021_4,cow,train,38
Cows2021_40,cow,validation,38
Cows2021_41,cow,test,23
Cows2021_42,cow,train,51
Cows2021_43,cow,test,56
Cows2021_44,cow,train,52
Cows2021_45,cow,test,87
Cows2021_46,cow,train,62
Cows2021_47,cow,train,66
Cows2021_48,cow,train,35
Cows2021_49,cow,train,62
Cows2021_5,cow,validation,37
Cows2021_50,cow,train,51
Cows2021_51,cow,train,39
Cows2021_52,cow,train,33
Cows2021_53,cow,train,73
Cows2021_55,cow,train,48
Cows2021_56,cow,train,39
Cows2021_57,cow,train,66
Cows2021_58,cow,validation,69
Cows2021_59,cow,train,46
Cows2021_6,cow,train,30
Cows2021_60,cow,train,97
Cows2021_61,cow,train,71
Cows2021_62,cow,train,74
Cows2021_63,cow,train,41
Cows2021_64,cow,validation,55
Cows2021_65,cow,train,107
Cows2021_66,cow,train,63
Cows2021_67,cow,train,27
Cows2021_68,cow,test,52
Cows2021_7,cow,train,33
Cows2021_70,cow,train,16
Cows2021_71,cow,test,51
Cows2021_72,cow,test,41
Cows2021_74,cow,train,42
Cows2021_75,cow,validation,58
Cows2021_76,cow,train,81
Cows2021_77,cow,train,46
Cows2021_78,cow,test,54
Cows2021_79,cow,train,23
Cows2021_8,cow,train,45
Cows2021_80,cow,validation,117
Cows2021_81,cow,train,67
Cows2021_82,cow,train,40
Cows2021_83,cow,train,24
Cows2021_84,cow,train,26
Cows2021_85,cow,validation,57
Cows2021_86,cow,train,52
Cows2021_87,cow,train,39
Cows2021_88,cow,train,68
Cows2021_89,cow,train,56
Cows2021_9,cow,train,51
Cows2021_90,cow,train,52
Cows2021_91,cow,test,22
Cows2021_92,cow,train,51
Cows2021_93,cow,train,83
Cows2021_94,cow,test,49
Cows2021_95,cow,train,74
Cows2021_96,cow,train,19
Cows2021_97,cow,validation,58
Cows2021_98,cow,train,55
Cows2021_99,cow,train,50
DogFaceNet_0,dog,train,5
DogFaceNet_1,dog,validation,5
DogFaceNet_100,dog,train,8
DogFaceNet_1000,dog,validation,6
DogFaceNet_1001,dog,train,4
DogFaceNet_1002,dog,train,6
DogFaceNet_1003,dog,train,6
DogFaceNet_1004,dog,train,4
DogFaceNet_1005,dog,test,7
DogFaceNet_1006,dog,train,5
DogFaceNet_1007,dog,train,5
DogFaceNet_1008,dog,train,6
DogFaceNet_1009,dog,validation,4
DogFaceNet_101,dog,train,11
DogFaceNet_1010,dog,train,4
DogFaceNet_1011,dog,train,5
DogFaceNet_1012,dog,train,6
DogFaceNet_1013,dog,train,5
DogFaceNet_1014,dog,validation,6
DogFaceNet_1015,dog,train,6
DogFaceNet_1016,dog,train,3
DogFaceNet_1017,dog,train,3
DogFaceNet_1018,dog,train,3
DogFaceNet_1019,dog,train,6
DogFaceNet_102,dog,train,4
DogFaceNet_1020,dog,train,6
DogFaceNet_1021,dog,test,4
DogFaceNet_1022,dog,validation,6
DogFaceNet_1023,dog,train,5
DogFaceNet_1024,dog,train,5
DogFaceNet_1025,dog,test,5
DogFaceNet_1026,dog,train,4
DogFaceNet_1027,dog,validation,4
DogFaceNet_1028,dog,train,2
DogFaceNet_1029,dog,train,3
DogFaceNet_103,dog,train,9
DogFaceNet_1030,dog,train,5
DogFaceNet_1031,dog,validation,4
DogFaceNet_1032,dog,validation,4
DogFaceNet_1033,dog,train,2
DogFaceNet_1034,dog,test,5
DogFaceNet_1035,dog,validation,5
DogFaceNet_1036,dog,train,5
DogFaceNet_1037,dog,test,7
DogFaceNet_1038,dog,test,5
DogFaceNet_1039,dog,train,5
DogFaceNet_104,dog,train,9
DogFaceNet_1040,dog,train,5
DogFaceNet_1041,dog,test,6
DogFaceNet_1042,dog,validation,6
DogFaceNet_1043,dog,train,6
DogFaceNet_1044,dog,train,6
DogFaceNet_1045,dog,train,5
DogFaceNet_1046,dog,test,5
DogFaceNet_1047,dog,test,3
DogFaceNet_1048,dog,train,3
DogFaceNet_1049,dog,train,5
DogFaceNet_105,dog,train,5
DogFaceNet_1050,dog,train,6
DogFaceNet_1051,dog,train,5
DogFaceNet_1052,dog,validation,5
DogFaceNet_1053,dog,train,6
DogFaceNet_1054,dog,test,6
DogFaceNet_1055,dog,train,6
DogFaceNet_1056,dog,train,5
DogFaceNet_1057,dog,train,5
DogFaceNet_1058,dog,train,5
DogFaceNet_1059,dog,train,6
DogFaceNet_106,dog,train,5
DogFaceNet_1060,dog,train,5
DogFaceNet_1061,dog,validation,5
DogFaceNet_1062,dog,train,4
DogFaceNet_1063,dog,train,6
DogFaceNet_1064,dog,test,4
DogFaceNet_1065,dog,validation,5
DogFaceNet_1066,dog,validation,5
DogFaceNet_1067,dog,train,6
DogFaceNet_1068,dog,train,5
DogFaceNet_1069,dog,train,2
DogFaceNet_107,dog,train,6
DogFaceNet_1070,dog,train,6
DogFaceNet_1071,dog,validation,5
DogFaceNet_1072,dog,train,5
DogFaceNet_1073,dog,test,6
DogFaceNet_1074,dog,train,3
DogFaceNet_1075,dog,train,5
DogFaceNet_1076,dog,train,4
DogFaceNet_1077,dog,train,6
DogFaceNet_1078,dog,test,6
DogFaceNet_1079,dog,train,4
DogFaceNet_108,dog,train,14
DogFaceNet_1080,dog,train,4
DogFaceNet_1081,dog,train,5
DogFaceNet_1082,dog,train,5
DogFaceNet_1083,dog,validation,5
DogFaceNet_1084,dog,validation,5
DogFaceNet_1085,dog,train,6
DogFaceNet_1086,dog,train,6
DogFaceNet_1087,dog,train,5
DogFaceNet_1088,dog,train,5
DogFaceNet_1089,dog,test,4
DogFaceNet_109,dog,train,10
DogFaceNet_1090,dog,train,5
DogFaceNet_1091,dog,validation,7
DogFaceNet_1092,dog,train,5
DogFaceNet_1093,dog,train,6
DogFaceNet_1094,dog,validation,5
DogFaceNet_1095,dog,train,4
DogFaceNet_1096,dog,validation,4
DogFaceNet_1097,dog,train,4
DogFaceNet_1098,dog,test,5
DogFaceNet_1099,dog,train,4
DogFaceNet_11,dog,train,5
DogFaceNet_110,dog,train,5
DogFaceNet_1100,dog,validation,5
DogFaceNet_1101,dog,train,3
DogFaceNet_1102,dog,train,7
DogFaceNet_1103,dog,train,7
DogFaceNet_1104,dog,train,5
DogFaceNet_1105,dog,test,4
DogFaceNet_1106,dog,train,5
DogFaceNet_1107,dog,train,4
DogFaceNet_111,dog,train,7
DogFaceNet_1111,dog,train,3
DogFaceNet_1112,dog,train,4
DogFaceNet_1113,dog,train,2
DogFaceNet_1114,dog,train,4
DogFaceNet_1115,dog,train,4
DogFaceNet_1116,dog,train,3
DogFaceNet_1117,dog,test,3
DogFaceNet_1118,dog,train,4
DogFaceNet_1119,dog,validation,2
DogFaceNet_112,dog,train,2
DogFaceNet_1120,dog,test,5
DogFaceNet_1121,dog,train,3
DogFaceNet_1122,dog,train,4
DogFaceNet_1123,dog,train,5
DogFaceNet_1124,dog,validation,5
DogFaceNet_1125,dog,train,4
DogFaceNet_1126,dog,train,3
DogFaceNet_1127,dog,train,6
DogFaceNet_1128,dog,test,5
DogFaceNet_1129,dog,train,5
DogFaceNet_113,dog,train,10
DogFaceNet_1130,dog,test,6
DogFaceNet_1131,dog,train,2
DogFaceNet_1132,dog,train,6
DogFaceNet_1133,dog,train,5
DogFaceNet_1134,dog,test,3
DogFaceNet_1135,dog,train,5
DogFaceNet_1136,dog,train,6
DogFaceNet_1137,dog,train,4
DogFaceNet_1138,dog,train,5
DogFaceNet_1139,dog,train,4
DogFaceNet_114,dog,train,16
DogFaceNet_1140,dog,train,4
DogFaceNet_1141,dog,train,4
DogFaceNet_1142,dog,train,4
DogFaceNet_1143,dog,train,5
DogFaceNet_1144,dog,train,5
DogFaceNet_1145,dog,validation,5
DogFaceNet_1146,dog,train,5
DogFaceNet_1147,dog,test,5
DogFaceNet_1148,dog,train,5
DogFaceNet_1149,dog,train,5
DogFaceNet_115,dog,validation,8
DogFaceNet_1150,dog,validation,6
DogFaceNet_1151,dog,validation,5
DogFaceNet_1152,dog,validation,6
DogFaceNet_1153,dog,train,5
DogFaceNet_1154,dog,train,6
DogFaceNet_1155,dog,train,10
DogFaceNet_1156,dog,train,6
DogFaceNet_1157,dog,train,6
DogFaceNet_1158,dog,train,6
DogFaceNet_1159,dog,validation,5
DogFaceNet_116,dog,train,9
DogFaceNet_1160,dog,train,4
DogFaceNet_1161,dog,train,3
DogFaceNet_1162,dog,train,5
DogFaceNet_1163,dog,train,5
DogFaceNet_1164,dog,test,3
DogFaceNet_1165,dog,validation,3
DogFaceNet_1166,dog,train,5
DogFaceNet_1167,dog,train,5
DogFaceNet_1168,dog,train,3
DogFaceNet_1169,dog,train,5
DogFaceNet_117,dog,validation,4
DogFaceNet_1170,dog,train,4
DogFaceNet_1171,dog,train,4
DogFaceNet_1172,dog,train,5
DogFaceNet_1173,dog,train,4
DogFaceNet_1174,dog,train,5
DogFaceNet_1175,dog,train,6
DogFaceNet_1176,dog,train,5
DogFaceNet_1177,dog,test,5
DogFaceNet_1178,dog,train,5
DogFaceNet_1179,dog,train,5
DogFaceNet_118,dog,train,19
DogFaceNet_1180,dog,train,5
DogFaceNet_1182,dog,train,5
DogFaceNet_1185,dog,train,5
DogFaceNet_1186,dog,train,5
DogFaceNet_1187,dog,test,7
DogFaceNet_1188,dog,validation,6
DogFaceNet_1189,dog,validation,4
DogFaceNet_119,dog,train,15
DogFaceNet_1191,dog,train,6
DogFaceNet_1192,dog,train,6
DogFaceNet_1193,dog,train,5
DogFaceNet_1194,dog,train,5
DogFaceNet_1195,dog,train,5
DogFaceNet_1196,dog,train,6
DogFaceNet_1197,dog,train,6
DogFaceNet_1198,dog,train,8
DogFaceNet_1199,dog,train,5
DogFaceNet_120,dog,validation,5
DogFaceNet_1200,dog,validation,6
DogFaceNet_1201,dog,train,6
DogFaceNet_1202,dog,train,5
DogFaceNet_1203,dog,validation,6
DogFaceNet_1204,dog,train,6
DogFaceNet_1205,dog,train,6
DogFaceNet_1206,dog,train,5
DogFaceNet_1207,dog,test,5
DogFaceNet_1208,dog,train,5
DogFaceNet_1209,dog,train,7
DogFaceNet_121,dog,train,7
DogFaceNet_1210,dog,train,7
DogFaceNet_1211,dog,test,6
DogFaceNet_1212,dog,train,4
DogFaceNet_1213,dog,validation,6
DogFaceNet_1214,dog,validation,5
DogFaceNet_1215,dog,validation,6
DogFaceNet_1216,dog,train,4
DogFaceNet_1217,dog,train,5
DogFaceNet_1218,dog,validation,6
DogFaceNet_1219,dog,train,6
DogFaceNet_122,dog,train,28
DogFaceNet_1220,dog,train,5
DogFaceNet_1221,dog,validation,8
DogFaceNet_1222,dog,train,4
DogFaceNet_1223,dog,validation,6
DogFaceNet_1224,dog,train,5
DogFaceNet_1225,dog,train,6
DogFaceNet_1226,dog,test,5
DogFaceNet_1227,dog,train,5
DogFaceNet_1228,dog,test,6
DogFaceNet_1229,dog,train,6
DogFaceNet_123,dog,train,19
DogFaceNet_1230,dog,train,5
DogFaceNet_1231,dog,train,6
DogFaceNet_1232,dog,train,3
DogFaceNet_1233,dog,train,6
DogFaceNet_1234,dog,validation,5
DogFaceNet_1235,dog,train,6
DogFaceNet_1236,dog,train,6
DogFaceNet_1237,dog,test,6
DogFaceNet_1238,dog,train,5
DogFaceNet_1239,dog,train,5
DogFaceNet_124,dog,validation,7
DogFaceNet_1240,dog,train,6
DogFaceNet_1241,dog,train,5
DogFaceNet_1242,dog,train,2
DogFaceNet_1243,dog,train,6
DogFaceNet_1244,dog,train,4
DogFaceNet_1245,dog,test,6
DogFaceNet_1246,dog,test,6
DogFaceNet_1247,dog,train,6
DogFaceNet_1248,dog,train,4
DogFaceNet_1249,dog,train,6
DogFaceNet_125,dog,train,4
DogFaceNet_1250,dog,test,6
DogFaceNet_1251,dog,train,6
DogFaceNet_1252,dog,train,3
DogFaceNet_1253,dog,validation,3
DogFaceNet_1254,dog,test,5
DogFaceNet_1255,dog,test,5
DogFaceNet_1256,dog,train,4
DogFaceNet_1257,dog,train,5
DogFaceNet_1258,dog,train,5
DogFaceNet_1259,dog,train,6
DogFaceNet_126,dog,train,3
DogFaceNet_1260,dog,test,6
DogFaceNet_1261,dog,train,5
DogFaceNet_1262,dog,validation,5
DogFaceNet_1263,dog,validation,5
DogFaceNet_1264,dog,train,5
DogFaceNet_1265,dog,train,6
DogFaceNet_1266,dog,validation,6
DogFaceNet_1267,dog,train,6
DogFaceNet_1268,dog,test,5
DogFaceNet_1269,dog,train,5
DogFaceNet_127,dog,train,6
DogFaceNet_1270,dog,test,5
DogFaceNet_1271,dog,train,6
DogFaceNet_1272,dog,test,6
DogFaceNet_1273,dog,train,6
DogFaceNet_1274,dog,train,3
DogFaceNet_1275,dog,test,5
DogFaceNet_1276,dog,train,4
DogFaceNet_1277,dog,test,6
DogFaceNet_1278,dog,train,6
DogFaceNet_1279,dog,validation,5
DogFaceNet_128,dog,train,7
DogFaceNet_1280,dog,train,6
DogFaceNet_1281,dog,train,6
DogFaceNet_1282,dog,train,4
DogFaceNet_1283,dog,train,5
DogFaceNet_1284,dog,test,5
DogFaceNet_1285,dog,test,4
DogFaceNet_1286,dog,validation,9
DogFaceNet_1287,dog,train,6
DogFaceNet_1288,dog,train,6
DogFaceNet_1289,dog,test,5
DogFaceNet_129,dog,train,23
DogFaceNet_1290,dog,train,6
DogFaceNet_1291,dog,test,6
DogFaceNet_1292,dog,train,6
DogFaceNet_1293,dog,train,6
DogFaceNet_1294,dog,train,6
DogFaceNet_1295,dog,train,5
DogFaceNet_1296,dog,train,5
DogFaceNet_1297,dog,test,2
DogFaceNet_1298,dog,train,2
DogFaceNet_1299,dog,train,3
DogFaceNet_130,dog,train,4
DogFaceNet_1300,dog,test,5
DogFaceNet_1301,dog,train,6
DogFaceNet_1302,dog,train,3
DogFaceNet_1303,dog,train,4
DogFaceNet_1304,dog,train,5
DogFaceNet_1305,dog,train,3
DogFaceNet_1306,dog,test,6
DogFaceNet_1307,dog,train,10
DogFaceNet_1308,dog,train,5
DogFaceNet_1309,dog,train,6
DogFaceNet_131,dog,train,8
DogFaceNet_1310,dog,test,3
DogFaceNet_1311,dog,train,5
DogFaceNet_1312,dog,train,6
DogFaceNet_1313,dog,validation,5
DogFaceNet_1314,dog,validation,6
DogFaceNet_1315,dog,train,5
DogFaceNet_1316,dog,validation,6
DogFaceNet_1317,dog,validation,4
DogFaceNet_1318,dog,validation,8
DogFaceNet_1319,dog,train,6
DogFaceNet_132,dog,train,5
DogFaceNet_1320,dog,validation,5
DogFaceNet_1321,dog,train,2
DogFaceNet_1322,dog,train,6
DogFaceNet_1323,dog,train,6
DogFaceNet_1324,dog,train,6
DogFaceNet_1325,dog,train,6
DogFaceNet_1326,dog,train,5
DogFaceNet_1327,dog,train,5
DogFaceNet_1328,dog,train,4
DogFaceNet_1329,dog,train,4
DogFaceNet_133,dog,test,7
DogFaceNet_1330,dog,test,5
DogFaceNet_1331,dog,train,6
DogFaceNet_1332,dog,train,5
DogFaceNet_1333,dog,train,6
DogFaceNet_1334,dog,train,5
DogFaceNet_1335,dog,train,5
DogFaceNet_1336,dog,test,6
DogFaceNet_1337,dog,test,6
DogFaceNet_1338,dog,train,6
DogFaceNet_1339,dog,train,6
DogFaceNet_134,dog,train,5
DogFaceNet_1340,dog,train,6
DogFaceNet_1341,dog,train,6
DogFaceNet_1342,dog,train,6
DogFaceNet_1343,dog,train,5
DogFaceNet_1344,dog,test,6
DogFaceNet_1345,dog,train,4
DogFaceNet_1346,dog,train,4
DogFaceNet_1347,dog,train,5
DogFaceNet_1348,dog,train,6
DogFaceNet_1349,dog,train,5
DogFaceNet_135,dog,test,4
DogFaceNet_1350,dog,train,3
DogFaceNet_1351,dog,train,6
DogFaceNet_1352,dog,train,6
DogFaceNet_1353,dog,test,2
DogFaceNet_1354,dog,train,6
DogFaceNet_1355,dog,train,5
DogFaceNet_1356,dog,validation,6
DogFaceNet_1357,dog,test,5
DogFaceNet_1358,dog,train,5
DogFaceNet_1359,dog,train,6
DogFaceNet_136,dog,test,10
DogFaceNet_1360,dog,test,5
DogFaceNet_1361,dog,train,3
DogFaceNet_1362,dog,train,6
DogFaceNet_1363,dog,validation,4
DogFaceNet_1364,dog,train,4
DogFaceNet_1365,dog,test,6
DogFaceNet_1366,dog,test,6
DogFaceNet_1368,dog,train,6
DogFaceNet_1369,dog,train,5
DogFaceNet_137,dog,test,6
DogFaceNet_1370,dog,train,7
DogFaceNet_1371,dog,validation,2
DogFaceNet_1372,dog,test,6
DogFaceNet_1373,dog,test,6
DogFaceNet_1376,dog,test,6
DogFaceNet_1377,dog,train,5
DogFaceNet_1378,dog,train,4
DogFaceNet_138,dog,train,7
DogFaceNet_1380,dog,train,5
DogFaceNet_1381,dog,train,5
DogFaceNet_1383,dog,train,3
DogFaceNet_1384,dog,test,5
DogFaceNet_1386,dog,test,5
DogFaceNet_1387,dog,train,5
DogFaceNet_1388,dog,test,6
DogFaceNet_1389,dog,train,4
DogFaceNet_139,dog,validation,7
DogFaceNet_1390,dog,validation,6
DogFaceNet_1391,dog,train,5
DogFaceNet_1392,dog,test,2
DogFaceNet_1393,dog,train,4
DogFaceNet_1395,dog,train,5
DogFaceNet_1398,dog,test,4
DogFaceNet_1399,dog,train,4
DogFaceNet_14,dog,test,4
DogFaceNet_140,dog,train,3
DogFaceNet_1400,dog,train,5
DogFaceNet_1401,dog,validation,3
DogFaceNet_1402,dog,validation,2
DogFaceNet_1403,dog,train,3
DogFaceNet_1404,dog,train,2
DogFaceNet_1405,dog,train,5
DogFaceNet_1406,dog,train,4
DogFaceNet_1407,dog,train,5
DogFaceNet_1408,dog,train,6
DogFaceNet_1409,dog,test,6
DogFaceNet_141,dog,train,10
DogFaceNet_1410,dog,validation,6
DogFaceNet_1411,dog,train,4
DogFaceNet_1412,dog,train,6
DogFaceNet_1413,dog,train,6
DogFaceNet_1414,dog,train,3
DogFaceNet_1415,dog,train,5
DogFaceNet_1417,dog,train,5
DogFaceNet_1418,dog,train,5
DogFaceNet_1419,dog,train,6
DogFaceNet_142,dog,validation,8
DogFaceNet_1420,dog,train,5
DogFaceNet_1421,dog,test,5
DogFaceNet_1422,dog,train,5
DogFaceNet_1423,dog,train,4
DogFaceNet_1424,dog,validation,8
DogFaceNet_1425,dog,train,5
DogFaceNet_143,dog,train,30
DogFaceNet_144,dog,train,5
DogFaceNet_145,dog,test,7
DogFaceNet_146,dog,validation,4
DogFaceNet_147,dog,train,13
DogFaceNet_148,dog,train,6
DogFaceNet_149,dog,train,9
DogFaceNet_15,dog,train,5
DogFaceNet_150,dog,test,7
DogFaceNet_151,dog,train,14
DogFaceNet_152,dog,train,10
DogFaceNet_153,dog,train,10
DogFaceNet_154,dog,test,13
DogFaceNet_155,dog,train,5
DogFaceNet_156,dog,train,16
DogFaceNet_157,dog,train,10
DogFaceNet_158,dog,train,9
DogFaceNet_159,dog,test,18
DogFaceNet_16,dog,validation,2
DogFaceNet_160,dog,train,5
DogFaceNet_161,dog,train,5
DogFaceNet_162,dog,train,7
DogFaceNet_163,dog,train,3
DogFaceNet_164,dog,train,4
DogFaceNet_165,dog,train,3
DogFaceNet_166,dog,train,19
DogFaceNet_167,dog,train,11
DogFaceNet_168,dog,train,7
DogFaceNet_169,dog,test,5
DogFaceNet_17,dog,train,5
DogFaceNet_170,dog,train,7
DogFaceNet_171,dog,train,2
DogFaceNet_172,dog,train,4
DogFaceNet_173,dog,train,6
DogFaceNet_174,dog,validation,10
DogFaceNet_175,dog,test,6
DogFaceNet_176,dog,train,2
DogFaceNet_177,dog,train,19
DogFaceNet_178,dog,train,8
DogFaceNet_179,dog,train,11
DogFaceNet_18,dog,validation,6
DogFaceNet_180,dog,train,12
DogFaceNet_181,dog,train,4
DogFaceNet_182,dog,train,4
DogFaceNet_183,dog,train,4
DogFaceNet_184,dog,train,7
DogFaceNet_185,dog,train,13
DogFaceNet_186,dog,test,23
DogFaceNet_187,dog,train,10
DogFaceNet_188,dog,train,19
DogFaceNet_189,dog,train,12
DogFaceNet_19,dog,train,9
DogFaceNet_190,dog,train,11
DogFaceNet_191,dog,train,19
DogFaceNet_192,dog,train,39
DogFaceNet_193,dog,train,2
DogFaceNet_194,dog,test,16
DogFaceNet_195,dog,train,14
DogFaceNet_196,dog,train,9
DogFaceNet_197,dog,train,7
DogFaceNet_198,dog,test,8
DogFaceNet_199,dog,train,19
DogFaceNet_2,dog,train,5
DogFaceNet_20,dog,validation,6
DogFaceNet_200,dog,test,22
DogFaceNet_201,dog,test,6
DogFaceNet_202,dog,train,23
DogFaceNet_203,dog,train,23
DogFaceNet_204,dog,validation,8
DogFaceNet_205,dog,train,4
DogFaceNet_206,dog,train,4
DogFaceNet_207,dog,train,5
DogFaceNet_208,dog,train,18
DogFaceNet_209,dog,train,2
DogFaceNet_21,dog,validation,5
DogFaceNet_210,dog,train,9
DogFaceNet_211,dog,train,12
DogFaceNet_212,dog,train,10
DogFaceNet_213,dog,test,11
DogFaceNet_214,dog,train,9
DogFaceNet_215,dog,train,7
DogFaceNet_216,dog,train,4
DogFaceNet_217,dog,train,7
DogFaceNet_218,dog,train,11
DogFaceNet_219,dog,validation,6
DogFaceNet_22,dog,train,6
DogFaceNet_220,dog,train,9
DogFaceNet_221,dog,train,3
DogFaceNet_222,dog,train,10
DogFaceNet_223,dog,train,10
DogFaceNet_224,dog,validation,7
DogFaceNet_225,dog,train,7
DogFaceNet_226,dog,train,8
DogFaceNet_227,dog,train,7
DogFaceNet_228,dog,train,4
DogFaceNet_229,dog,validation,11
DogFaceNet_23,dog,test,6
DogFaceNet_230,dog,test,5
DogFaceNet_231,dog,train,9
DogFaceNet_232,dog,validation,5
DogFaceNet_233,dog,test,5
DogFaceNet_234,dog,train,13
DogFaceNet_236,dog,test,12
DogFaceNet_237,dog,train,4
DogFaceNet_238,dog,train,4
DogFaceNet_239,dog,train,15
DogFaceNet_24,dog,validation,6
DogFaceNet_240,dog,validation,9
DogFaceNet_241,dog,train,16
DogFaceNet_242,dog,train,7
DogFaceNet_243,dog,validation,6
DogFaceNet_244,dog,train,6
DogFaceNet_245,dog,train,4
DogFaceNet_246,dog,test,12
DogFaceNet_247,dog,train,7
DogFaceNet_248,dog,train,5
DogFaceNet_249,dog,train,4
DogFaceNet_25,dog,train,4
DogFaceNet_250,dog,test,6
DogFaceNet_251,dog,train,15
DogFaceNet_252,dog,train,8
DogFaceNet_253,dog,test,3
DogFaceNet_254,dog,train,5
DogFaceNet_255,dog,train,5
DogFaceNet_256,dog,validation,6
DogFaceNet_257,dog,validation,5
DogFaceNet_258,dog,validation,4
DogFaceNet_259,dog,train,5
DogFaceNet_26,dog,train,5
DogFaceNet_260,dog,train,14
DogFaceNet_261,dog,validation,6
DogFaceNet_262,dog,test,7
DogFaceNet_263,dog,train,4
DogFaceNet_264,dog,train,6
DogFaceNet_265,dog,train,5
DogFaceNet_266,dog,train,4
DogFaceNet_267,dog,test,8
DogFaceNet_268,dog,test,4
DogFaceNet_269,dog,train,7
DogFaceNet_27,dog,train,5
DogFaceNet_270,dog,train,6
DogFaceNet_271,dog,train,5
DogFaceNet_272,dog,train,15
DogFaceNet_273,dog,train,14
DogFaceNet_274,dog,train,10
DogFaceNet_275,dog,train,5
DogFaceNet_276,dog,train,10
DogFaceNet_277,dog,test,6
DogFaceNet_278,dog,validation,5
DogFaceNet_279,dog,train,4
DogFaceNet_28,dog,train,4
DogFaceNet_280,dog,train,9
DogFaceNet_281,dog,test,3
DogFaceNet_282,dog,train,8
DogFaceNet_283,dog,train,5
DogFaceNet_284,dog,train,5
DogFaceNet_285,dog,train,8
DogFaceNet_286,dog,train,8
DogFaceNet_287,dog,train,4
DogFaceNet_288,dog,test,4
DogFaceNet_289,dog,train,12
DogFaceNet_29,dog,train,3
DogFaceNet_290,dog,train,5
DogFaceNet_291,dog,train,24
DogFaceNet_292,dog,train,7
DogFaceNet_293,dog,validation,11
DogFaceNet_294,dog,train,5
DogFaceNet_295,dog,train,16
DogFaceNet_296,dog,validation,15
DogFaceNet_297,dog,validation,4
DogFaceNet_298,dog,train,4
DogFaceNet_299,dog,train,12
DogFaceNet_3,dog,train,4
DogFaceNet_30,dog,train,4
DogFaceNet_300,dog,validation,10
DogFaceNet_301,dog,train,5
DogFaceNet_302,dog,train,5
DogFaceNet_304,dog,train,10
DogFaceNet_305,dog,validation,3
DogFaceNet_306,dog,test,4
DogFaceNet_307,dog,train,5
DogFaceNet_308,dog,validation,3
DogFaceNet_309,dog,train,4
DogFaceNet_31,dog,train,4
DogFaceNet_310,dog,train,16
DogFaceNet_311,dog,test,9
DogFaceNet_312,dog,train,5
DogFaceNet_313,dog,validation,6
DogFaceNet_314,dog,train,2
DogFaceNet_315,dog,train,5
DogFaceNet_316,dog,train,17
DogFaceNet_317,dog,train,6
DogFaceNet_318,dog,train,5
DogFaceNet_319,dog,train,5
DogFaceNet_32,dog,train,5
DogFaceNet_320,dog,train,7
DogFaceNet_321,dog,train,10
DogFaceNet_322,dog,train,12
DogFaceNet_323,dog,train,6
DogFaceNet_324,dog,train,5
DogFaceNet_325,dog,train,10
DogFaceNet_326,dog,validation,8
DogFaceNet_327,dog,train,6
DogFaceNet_328,dog,train,7
DogFaceNet_329,dog,validation,9
DogFaceNet_33,dog,validation,5
DogFaceNet_330,dog,train,4
DogFaceNet_331,dog,validation,16
DogFaceNet_332,dog,train,3
DogFaceNet_333,dog,train,5
DogFaceNet_334,dog,train,4
DogFaceNet_335,dog,train,5
DogFaceNet_336,dog,train,5
DogFaceNet_337,dog,validation,16
DogFaceNet_338,dog,validation,3
DogFaceNet_339,dog,train,5
DogFaceNet_34,dog,train,6
DogFaceNet_340,dog,train,5
DogFaceNet_341,dog,test,5
DogFaceNet_342,dog,validation,5
DogFaceNet_343,dog,train,5
DogFaceNet_344,dog,train,13
DogFaceNet_345,dog,train,7
DogFaceNet_346,dog,train,4
DogFaceNet_347,dog,train,4
DogFaceNet_349,dog,test,9
DogFaceNet_35,dog,validation,2
DogFaceNet_350,dog,validation,4
DogFaceNet_351,dog,train,2
DogFaceNet_352,dog,train,9
DogFaceNet_353,dog,train,3
DogFaceNet_354,dog,train,7
DogFaceNet_355,dog,train,4
DogFaceNet_356,dog,validation,5
DogFaceNet_357,dog,test,6
DogFaceNet_358,dog,train,9
DogFaceNet_359,dog,train,9
DogFaceNet_36,dog,train,6
DogFaceNet_360,dog,train,7
DogFaceNet_361,dog,train,14
DogFaceNet_362,dog,train,5
DogFaceNet_363,dog,train,25
DogFaceNet_364,dog,test,11
DogFaceNet_365,dog,validation,5
DogFaceNet_366,dog,train,6
DogFaceNet_367,dog,train,7
DogFaceNet_368,dog,train,6
DogFaceNet_369,dog,train,7
DogFaceNet_37,dog,train,5
DogFaceNet_370,dog,train,6
DogFaceNet_371,dog,train,5
DogFaceNet_372,dog,test,27
DogFaceNet_373,dog,train,22
DogFaceNet_374,dog,test,15
DogFaceNet_375,dog,test,11
DogFaceNet_376,dog,train,5
DogFaceNet_377,dog,train,18
DogFaceNet_378,dog,train,4
DogFaceNet_379,dog,validation,6
DogFaceNet_38,dog,train,6
DogFaceNet_380,dog,train,6
DogFaceNet_381,dog,train,11
DogFaceNet_382,dog,train,5
DogFaceNet_383,dog,test,5
DogFaceNet_384,dog,train,7
DogFaceNet_385,dog,test,8
DogFaceNet_386,dog,train,9
DogFaceNet_387,dog,train,18
DogFaceNet_388,dog,test,16
DogFaceNet_389,dog,train,7
DogFaceNet_39,dog,validation,5
DogFaceNet_390,dog,train,6
DogFaceNet_391,dog,validation,6
DogFaceNet_392,dog,train,5
DogFaceNet_393,dog,test,6
DogFaceNet_394,dog,train,8
DogFaceNet_395,dog,test,7
DogFaceNet_396,dog,train,7
DogFaceNet_397,dog,test,21
DogFaceNet_398,dog,train,26
DogFaceNet_399,dog,train,6
DogFaceNet_4,dog,validation,5
DogFaceNet_40,dog,train,3
DogFaceNet_400,dog,validation,9
DogFaceNet_401,dog,train,6
DogFaceNet_402,dog,train,9
DogFaceNet_403,dog,train,5
DogFaceNet_404,dog,test,5
DogFaceNet_405,dog,train,9
DogFaceNet_406,dog,train,16
DogFaceNet_407,dog,train,15
DogFaceNet_408,dog,train,6
DogFaceNet_409,dog,validation,14
DogFaceNet_41,dog,train,6
DogFaceNet_410,dog,validation,8
DogFaceNet_411,dog,train,6
DogFaceNet_412,dog,train,6
DogFaceNet_413,dog,train,13
DogFaceNet_414,dog,train,8
DogFaceNet_415,dog,train,5
DogFaceNet_416,dog,train,5
DogFaceNet_417,dog,test,8
DogFaceNet_418,dog,train,6
DogFaceNet_419,dog,train,6
DogFaceNet_42,dog,test,5
DogFaceNet_420,dog,test,7
DogFaceNet_421,dog,train,5
DogFaceNet_422,dog,train,7
DogFaceNet_423,dog,train,6
DogFaceNet_424,dog,test,5
DogFaceNet_425,dog,test,8
DogFaceNet_426,dog,train,18
DogFaceNet_427,dog,train,10
DogFaceNet_428,dog,train,15
DogFaceNet_429,dog,train,7
DogFaceNet_43,dog,train,7
DogFaceNet_430,dog,train,10
DogFaceNet_431,dog,train,5
DogFaceNet_432,dog,train,14
DogFaceNet_433,dog,test,5
DogFaceNet_434,dog,train,3
DogFaceNet_435,dog,train,6
DogFaceNet_436,dog,test,7
DogFaceNet_437,dog,validation,6
DogFaceNet_438,dog,train,7
DogFaceNet_439,dog,validation,20
DogFaceNet_44,dog,validation,2
DogFaceNet_440,dog,validation,6
DogFaceNet_441,dog,train,8
DogFaceNet_442,dog,train,3
DogFaceNet_443,dog,train,8
DogFaceNet_444,dog,train,21
DogFaceNet_445,dog,train,11
DogFaceNet_446,dog,validation,3
DogFaceNet_447,dog,train,12
DogFaceNet_448,dog,test,23
DogFaceNet_449,dog,train,3
DogFaceNet_45,dog,train,4
DogFaceNet_450,dog,train,13
DogFaceNet_451,dog,validation,7
DogFaceNet_452,dog,train,21
DogFaceNet_453,dog,train,10
DogFaceNet_454,dog,train,3
DogFaceNet_455,dog,train,5
DogFaceNet_456,dog,train,3
DogFaceNet_457,dog,validation,5
DogFaceNet_458,dog,train,41
DogFaceNet_459,dog,train,13
DogFaceNet_46,dog,train,5
DogFaceNet_460,dog,train,13
DogFaceNet_461,dog,train,7
DogFaceNet_462,dog,train,8
DogFaceNet_463,dog,train,16
DogFaceNet_464,dog,validation,2
DogFaceNet_465,dog,train,5
DogFaceNet_466,dog,train,7
DogFaceNet_467,dog,train,4
DogFaceNet_468,dog,test,9
DogFaceNet_469,dog,train,6
DogFaceNet_47,dog,test,6
DogFaceNet_470,dog,train,10
DogFaceNet_471,dog,validation,7
DogFaceNet_472,dog,train,6
DogFaceNet_473,dog,test,7
DogFaceNet_474,dog,validation,5
DogFaceNet_475,dog,train,8
DogFaceNet_476,dog,train,5
DogFaceNet_477,dog,train,2
DogFaceNet_478,dog,train,13
DogFaceNet_479,dog,train,5
DogFaceNet_48,dog,train,4
DogFaceNet_480,dog,train,18
DogFaceNet_481,dog,train,14
DogFaceNet_482,dog,train,7
DogFaceNet_483,dog,test,12
DogFaceNet_484,dog,test,6
DogFaceNet_485,dog,train,9
DogFaceNet_486,dog,test,10
DogFaceNet_487,dog,train,3
DogFaceNet_488,dog,test,11
DogFaceNet_489,dog,train,7
DogFaceNet_49,dog,validation,5
DogFaceNet_490,dog,train,5
DogFaceNet_491,dog,validation,17
DogFaceNet_492,dog,train,11
DogFaceNet_493,dog,validation,7
DogFaceNet_494,dog,train,2
DogFaceNet_495,dog,train,10
DogFaceNet_496,dog,train,5
DogFaceNet_497,dog,test,5
DogFaceNet_498,dog,validation,6
DogFaceNet_499,dog,train,9
DogFaceNet_5,dog,train,6
DogFaceNet_50,dog,train,3
DogFaceNet_500,dog,test,7
DogFaceNet_501,dog,train,2
DogFaceNet_502,dog,test,5
DogFaceNet_503,dog,validation,6
DogFaceNet_504,dog,train,5
DogFaceNet_505,dog,validation,8
DogFaceNet_506,dog,validation,3
DogFaceNet_507,dog,validation,3
DogFaceNet_508,dog,train,5
DogFaceNet_509,dog,train,3
DogFaceNet_51,dog,train,5
DogFaceNet_510,dog,validation,5
DogFaceNet_511,dog,test,5
DogFaceNet_512,dog,validation,6
DogFaceNet_513,dog,train,7
DogFaceNet_514,dog,train,4
DogFaceNet_515,dog,train,3
DogFaceNet_516,dog,train,8
DogFaceNet_517,dog,train,6
DogFaceNet_518,dog,train,4
DogFaceNet_519,dog,train,7
DogFaceNet_52,dog,train,3
DogFaceNet_520,dog,train,8
DogFaceNet_521,dog,train,6
DogFaceNet_522,dog,train,6
DogFaceNet_523,dog,train,5
DogFaceNet_524,dog,test,8
DogFaceNet_525,dog,validation,5
DogFaceNet_526,dog,train,8
DogFaceNet_527,dog,train,5
DogFaceNet_528,dog,validation,7
DogFaceNet_529,dog,validation,6
DogFaceNet_53,dog,train,6
DogFaceNet_530,dog,test,9
DogFaceNet_531,dog,train,7
DogFaceNet_532,dog,train,5
DogFaceNet_533,dog,train,6
DogFaceNet_534,dog,train,9
DogFaceNet_535,dog,train,5
DogFaceNet_536,dog,train,5
DogFaceNet_537,dog,test,3
DogFaceNet_538,dog,train,8
DogFaceNet_539,dog,test,10
DogFaceNet_54,dog,train,5
DogFaceNet_540,dog,train,5
DogFaceNet_541,dog,test,4
DogFaceNet_542,dog,train,3
DogFaceNet_543,dog,test,3
DogFaceNet_544,dog,train,5
DogFaceNet_545,dog,train,5
DogFaceNet_546,dog,train,2
DogFaceNet_547,dog,train,4
DogFaceNet_548,dog,train,5
DogFaceNet_549,dog,train,6
DogFaceNet_55,dog,test,5
DogFaceNet_550,dog,train,7
DogFaceNet_551,dog,train,6
DogFaceNet_552,dog,train,5
DogFaceNet_553,dog,validation,5
DogFaceNet_554,dog,train,6
DogFaceNet_555,dog,train,5
DogFaceNet_556,dog,train,5
DogFaceNet_557,dog,train,6
DogFaceNet_558,dog,train,5
DogFaceNet_559,dog,train,6
DogFaceNet_56,dog,train,6
DogFaceNet_560,dog,validation,4
DogFaceNet_561,dog,validation,8
DogFaceNet_562,dog,train,6
DogFaceNet_563,dog,train,5
DogFaceNet_564,dog,test,5
DogFaceNet_565,dog,train,6
DogFaceNet_566,dog,train,6
DogFaceNet_567,dog,test,7
DogFaceNet_568,dog,train,4
DogFaceNet_569,dog,train,8
DogFaceNet_57,dog,train,3
DogFaceNet_570,dog,train,7
DogFaceNet_571,dog,train,3
DogFaceNet_572,dog,train,6
DogFaceNet_573,dog,train,7
DogFaceNet_574,dog,train,5
DogFaceNet_575,dog,train,8
DogFaceNet_576,dog,test,4
DogFaceNet_577,dog,train,3
DogFaceNet_578,dog,train,9
DogFaceNet_579,dog,train,7
DogFaceNet_58,dog,train,4
DogFaceNet_580,dog,test,5
DogFaceNet_581,dog,train,4
DogFaceNet_582,dog,train,9
DogFaceNet_583,dog,train,5
DogFaceNet_584,dog,validation,5
DogFaceNet_585,dog,train,5
DogFaceNet_586,dog,train,5
DogFaceNet_587,dog,validation,4
DogFaceNet_588,dog,train,6
DogFaceNet_589,dog,test,3
DogFaceNet_59,dog,train,5
DogFaceNet_590,dog,train,6
DogFaceNet_591,dog,train,7
DogFaceNet_592,dog,train,6
DogFaceNet_593,dog,test,7
DogFaceNet_594,dog,validation,3
DogFaceNet_595,dog,train,7
DogFaceNet_596,dog,train,3
DogFaceNet_597,dog,train,5
DogFaceNet_598,dog,test,5
DogFaceNet_599,dog,test,4
DogFaceNet_6,dog,train,4
DogFaceNet_60,dog,test,6
DogFaceNet_600,dog,validation,3
DogFaceNet_601,dog,train,5
DogFaceNet_602,dog,train,5
DogFaceNet_603,dog,train,3
DogFaceNet_604,dog,test,4
DogFaceNet_605,dog,test,5
DogFaceNet_606,dog,validation,6
DogFaceNet_607,dog,train,7
DogFaceNet_608,dog,test,3
DogFaceNet_609,dog,train,7
DogFaceNet_61,dog,train,4
DogFaceNet_610,dog,validation,6
DogFaceNet_611,dog,validation,5
DogFaceNet_612,dog,train,3
DogFaceNet_613,dog,train,3
DogFaceNet_614,dog,validation,3
DogFaceNet_615,dog,train,5
DogFaceNet_616,dog,validation,4
DogFaceNet_617,dog,train,5
DogFaceNet_618,dog,test,9
DogFaceNet_619,dog,train,9
DogFaceNet_62,dog,validation,5
DogFaceNet_620,dog,validation,4
DogFaceNet_621,dog,test,5
DogFaceNet_622,dog,train,5
DogFaceNet_623,dog,train,5
DogFaceNet_624,dog,train,5
DogFaceNet_625,dog,validation,4
DogFaceNet_626,dog,train,7
DogFaceNet_627,dog,train,4
DogFaceNet_628,dog,validation,5
DogFaceNet_629,dog,train,5
DogFaceNet_63,dog,test,5
DogFaceNet_630,dog,validation,5
DogFaceNet_631,dog,validation,5
DogFaceNet_632,dog,train,5
DogFaceNet_633,dog,train,7
DogFaceNet_634,dog,train,5
DogFaceNet_635,dog,train,6
DogFaceNet_636,dog,train,5
DogFaceNet_637,dog,validation,5
DogFaceNet_638,dog,train,6
DogFaceNet_639,dog,train,5
DogFaceNet_64,dog,train,6
DogFaceNet_640,dog,test,6
DogFaceNet_641,dog,train,6
DogFaceNet_642,dog,train,5
DogFaceNet_643,dog,train,4
DogFaceNet_644,dog,train,10
DogFaceNet_645,dog,train,4
DogFaceNet_646,dog,test,4
DogFaceNet_647,dog,train,5
DogFaceNet_648,dog,train,5
DogFaceNet_649,dog,train,3
DogFaceNet_65,dog,validation,7
DogFaceNet_650,dog,train,5
DogFaceNet_651,dog,train,4
DogFaceNet_652,dog,test,5
DogFaceNet_653,dog,test,5
DogFaceNet_654,dog,validation,5
DogFaceNet_655,dog,train,6
DogFaceNet_656,dog,train,6
DogFaceNet_657,dog,test,6
DogFaceNet_658,dog,test,5
DogFaceNet_659,dog,validation,5
DogFaceNet_66,dog,train,4
DogFaceNet_660,dog,test,5
DogFaceNet_661,dog,train,5
DogFaceNet_662,dog,train,10
DogFaceNet_663,dog,train,3
DogFaceNet_664,dog,test,7
DogFaceNet_665,dog,train,8
DogFaceNet_666,dog,train,6
DogFaceNet_667,dog,train,5
DogFaceNet_668,dog,test,5
DogFaceNet_669,dog,validation,5
DogFaceNet_67,dog,train,3
DogFaceNet_670,dog,train,6
DogFaceNet_671,dog,train,5
DogFaceNet_672,dog,train,6
DogFaceNet_673,dog,validation,7
DogFaceNet_674,dog,train,8
DogFaceNet_675,dog,test,4
DogFaceNet_676,dog,train,5
DogFaceNet_677,dog,test,4
DogFaceNet_678,dog,test,7
DogFaceNet_679,dog,test,5
DogFaceNet_68,dog,train,5
DogFaceNet_680,dog,train,5
DogFaceNet_681,dog,train,4
DogFaceNet_682,dog,train,5
DogFaceNet_683,dog,test,5
DogFaceNet_684,dog,train,3
DogFaceNet_685,dog,train,3
DogFaceNet_686,dog,train,4
DogFaceNet_687,dog,train,2
DogFaceNet_688,dog,validation,5
DogFaceNet_689,dog,train,5
DogFaceNet_69,dog,train,6
DogFaceNet_690,dog,train,5
DogFaceNet_691,dog,train,8
DogFaceNet_692,dog,validation,5
DogFaceNet_693,dog,train,6
DogFaceNet_694,dog,validation,5
DogFaceNet_695,dog,train,4
DogFaceNet_696,dog,test,6
DogFaceNet_697,dog,test,2
DogFaceNet_698,dog,test,6
DogFaceNet_699,dog,train,5
DogFaceNet_7,dog,train,4
DogFaceNet_70,dog,validation,5
DogFaceNet_700,dog,train,3
DogFaceNet_701,dog,train,4
DogFaceNet_702,dog,train,7
DogFaceNet_703,dog,validation,3
DogFaceNet_704,dog,train,6
DogFaceNet_705,dog,train,4
DogFaceNet_706,dog,validation,6
DogFaceNet_707,dog,train,6
DogFaceNet_708,dog,train,5
DogFaceNet_709,dog,train,2
DogFaceNet_71,dog,validation,5
DogFaceNet_710,dog,train,5
DogFaceNet_711,dog,train,3
DogFaceNet_712,dog,train,4
DogFaceNet_713,dog,train,5
DogFaceNet_714,dog,test,6
DogFaceNet_715,dog,test,7
DogFaceNet_716,dog,train,5
DogFaceNet_717,dog,train,6
DogFaceNet_718,dog,train,4
DogFaceNet_719,dog,train,5
DogFaceNet_72,dog,validation,4
DogFaceNet_720,dog,train,5
DogFaceNet_721,dog,train,6
DogFaceNet_722,dog,train,5
DogFaceNet_723,dog,validation,3
DogFaceNet_724,dog,train,5
DogFaceNet_725,dog,validation,5
DogFaceNet_726,dog,test,7
DogFaceNet_727,dog,train,5
DogFaceNet_728,dog,train,5
DogFaceNet_729,dog,test,2
DogFaceNet_73,dog,train,4
DogFaceNet_730,dog,train,4
DogFaceNet_731,dog,train,4
DogFaceNet_732,dog,validation,3
DogFaceNet_733,dog,validation,6
DogFaceNet_734,dog,test,5
DogFaceNet_735,dog,train,2
DogFaceNet_736,dog,test,5
DogFaceNet_737,dog,validation,5
DogFaceNet_738,dog,train,6
DogFaceNet_739,dog,train,6
DogFaceNet_74,dog,train,5
DogFaceNet_740,dog,train,6
DogFaceNet_741,dog,train,4
DogFaceNet_742,dog,train,3
DogFaceNet_743,dog,validation,4
DogFaceNet_744,dog,train,5
DogFaceNet_745,dog,train,3
DogFaceNet_746,dog,train,2
DogFaceNet_747,dog,train,3
DogFaceNet_748,dog,train,4
DogFaceNet_749,dog,train,4
DogFaceNet_75,dog,validation,3
DogFaceNet_750,dog,train,4
DogFaceNet_751,dog,train,4
DogFaceNet_752,dog,train,4
DogFaceNet_753,dog,train,3
DogFaceNet_754,dog,validation,4
DogFaceNet_755,dog,train,4
DogFaceNet_756,dog,train,7
DogFaceNet_757,dog,train,2
DogFaceNet_758,dog,train,5
DogFaceNet_759,dog,train,2
DogFaceNet_76,dog,train,5
DogFaceNet_760,dog,train,3
DogFaceNet_761,dog,train,3
DogFaceNet_762,dog,validation,6
DogFaceNet_763,dog,train,6
DogFaceNet_764,dog,train,6
DogFaceNet_765,dog,train,4
DogFaceNet_766,dog,train,5
DogFaceNet_767,dog,validation,3
DogFaceNet_768,dog,train,2
DogFaceNet_769,dog,train,3
DogFaceNet_77,dog,train,5
DogFaceNet_770,dog,train,3
DogFaceNet_771,dog,train,5
DogFaceNet_772,dog,train,6
DogFaceNet_773,dog,train,6
DogFaceNet_774,dog,train,6
DogFaceNet_775,dog,test,6
DogFaceNet_776,dog,train,6
DogFaceNet_777,dog,train,6
DogFaceNet_778,dog,train,3
DogFaceNet_779,dog,train,6
DogFaceNet_78,dog,train,6
DogFaceNet_780,dog,train,6
DogFaceNet_781,dog,validation,5
DogFaceNet_782,dog,train,4
DogFaceNet_783,dog,test,5
DogFaceNet_784,dog,train,5
DogFaceNet_785,dog,train,5
DogFaceNet_786,dog,validation,4
DogFaceNet_787,dog,train,8
DogFaceNet_788,dog,train,6
DogFaceNet_789,dog,train,4
DogFaceNet_79,dog,train,6
DogFaceNet_790,dog,train,4
DogFaceNet_791,dog,train,4
DogFaceNet_792,dog,train,4
DogFaceNet_793,dog,train,3
DogFaceNet_794,dog,validation,4
DogFaceNet_795,dog,train,5
DogFaceNet_796,dog,train,3
DogFaceNet_797,dog,train,5
DogFaceNet_798,dog,train,8
DogFaceNet_799,dog,validation,4
DogFaceNet_8,dog,test,6
DogFaceNet_80,dog,train,6
DogFaceNet_800,dog,train,5
DogFaceNet_801,dog,train,4
DogFaceNet_802,dog,train,5
DogFaceNet_803,dog,train,2
DogFaceNet_804,dog,train,4
DogFaceNet_805,dog,train,3
DogFaceNet_806,dog,train,2
DogFaceNet_807,dog,validation,3
DogFaceNet_808,dog,train,3
DogFaceNet_809,dog,train,7
DogFaceNet_81,dog,test,6
DogFaceNet_810,dog,train,4
DogFaceNet_811,dog,train,4
DogFaceNet_812,dog,train,3
DogFaceNet_813,dog,train,6
DogFaceNet_814,dog,train,6
DogFaceNet_815,dog,train,4
DogFaceNet_816,dog,train,4
DogFaceNet_817,dog,train,6
DogFaceNet_818,dog,train,5
DogFaceNet_819,dog,test,5
DogFaceNet_82,dog,train,4
DogFaceNet_820,dog,train,10
DogFaceNet_821,dog,train,6
DogFaceNet_824,dog,validation,5
DogFaceNet_825,dog,train,6
DogFaceNet_826,dog,train,4
DogFaceNet_827,dog,train,3
DogFaceNet_828,dog,train,4
DogFaceNet_829,dog,train,4
DogFaceNet_83,dog,train,5
DogFaceNet_830,dog,train,4
DogFaceNet_831,dog,test,4
DogFaceNet_832,dog,test,6
DogFaceNet_833,dog,test,4
DogFaceNet_834,dog,train,5
DogFaceNet_835,dog,validation,6
DogFaceNet_836,dog,train,4
DogFaceNet_837,dog,train,4
DogFaceNet_838,dog,train,4
DogFaceNet_839,dog,train,4
DogFaceNet_840,dog,train,6
DogFaceNet_841,dog,train,5
DogFaceNet_842,dog,train,3
DogFaceNet_843,dog,train,5
DogFaceNet_844,dog,test,2
DogFaceNet_845,dog,train,2
DogFaceNet_846,dog,train,5
DogFaceNet_847,dog,test,3
DogFaceNet_848,dog,test,4
DogFaceNet_849,dog,train,4
DogFaceNet_85,dog,train,18
DogFaceNet_850,dog,train,4
DogFaceNet_851,dog,train,3
DogFaceNet_852,dog,train,5
DogFaceNet_853,dog,train,4
DogFaceNet_854,dog,train,4
DogFaceNet_855,dog,train,4
DogFaceNet_856,dog,train,5
DogFaceNet_857,dog,train,5
DogFaceNet_858,dog,train,6
DogFaceNet_859,dog,train,3
DogFaceNet_86,dog,train,6
DogFaceNet_860,dog,train,4
DogFaceNet_861,dog,validation,6
DogFaceNet_862,dog,train,6
DogFaceNet_863,dog,train,5
DogFaceNet_864,dog,test,5
DogFaceNet_865,dog,train,6
DogFaceNet_866,dog,test,4
DogFaceNet_867,dog,train,6
DogFaceNet_868,dog,train,2
DogFaceNet_869,dog,validation,6
DogFaceNet_87,dog,train,3
DogFaceNet_870,dog,train,2
DogFaceNet_871,dog,train,3
DogFaceNet_872,dog,train,4
DogFaceNet_874,dog,train,5
DogFaceNet_875,dog,train,4
DogFaceNet_876,dog,train,3
DogFaceNet_877,dog,train,2
DogFaceNet_878,dog,train,6
DogFaceNet_879,dog,train,5
DogFaceNet_88,dog,test,5
DogFaceNet_880,dog,test,4
DogFaceNet_881,dog,test,6
DogFaceNet_882,dog,train,3
DogFaceNet_883,dog,train,4
DogFaceNet_884,dog,test,3
DogFaceNet_885,dog,train,3
DogFaceNet_886,dog,validation,6
DogFaceNet_887,dog,train,5
DogFaceNet_888,dog,train,4
DogFaceNet_889,dog,train,3
DogFaceNet_89,dog,test,14
DogFaceNet_890,dog,train,6
DogFaceNet_891,dog,train,3
DogFaceNet_892,dog,test,3
DogFaceNet_893,dog,train,3
DogFaceNet_894,dog,train,5
DogFaceNet_895,dog,train,5
DogFaceNet_896,dog,test,6
DogFaceNet_897,dog,train,7
DogFaceNet_898,dog,train,6
DogFaceNet_899,dog,train,3
DogFaceNet_90,dog,train,3
DogFaceNet_900,dog,test,6
DogFaceNet_901,dog,validation,5
DogFaceNet_902,dog,train,2
DogFaceNet_903,dog,validation,3
DogFaceNet_904,dog,train,2
DogFaceNet_905,dog,train,5
DogFaceNet_906,dog,train,6
DogFaceNet_907,dog,train,4
DogFaceNet_908,dog,train,5
DogFaceNet_909,dog,test,5
DogFaceNet_91,dog,train,5
DogFaceNet_910,dog,train,5
DogFaceNet_911,dog,test,4
DogFaceNet_912,dog,validation,6
DogFaceNet_913,dog,validation,5
DogFaceNet_914,dog,train,5
DogFaceNet_915,dog,train,3
DogFaceNet_916,dog,train,4
DogFaceNet_917,dog,validation,5
DogFaceNet_918,dog,train,5
DogFaceNet_919,dog,train,6
DogFaceNet_92,dog,train,5
DogFaceNet_920,dog,train,6
DogFaceNet_921,dog,train,4
DogFaceNet_922,dog,validation,5
DogFaceNet_923,dog,validation,6
DogFaceNet_924,dog,validation,3
DogFaceNet_925,dog,test,3
DogFaceNet_926,dog,validation,3
DogFaceNet_927,dog,train,4
DogFaceNet_928,dog,train,6
DogFaceNet_929,dog,test,4
DogFaceNet_93,dog,train,8
DogFaceNet_930,dog,train,5
DogFaceNet_931,dog,train,3
DogFaceNet_932,dog,train,6
DogFaceNet_933,dog,validation,5
DogFaceNet_934,dog,train,6
DogFaceNet_937,dog,validation,2
DogFaceNet_939,dog,train,6
DogFaceNet_94,dog,test,3
DogFaceNet_940,dog,train,2
DogFaceNet_941,dog,train,6
DogFaceNet_942,dog,validation,5
DogFaceNet_943,dog,validation,6
DogFaceNet_944,dog,test,5
DogFaceNet_945,dog,train,3
DogFaceNet_946,dog,train,3
DogFaceNet_947,dog,train,2
DogFaceNet_948,dog,train,2
DogFaceNet_949,dog,train,2
DogFaceNet_95,dog,train,5
DogFaceNet_950,dog,train,5
DogFaceNet_951,dog,train,6
DogFaceNet_953,dog,test,3
DogFaceNet_954,dog,train,4
DogFaceNet_955,dog,validation,5
DogFaceNet_956,dog,validation,6
DogFaceNet_957,dog,train,3
DogFaceNet_959,dog,train,5
DogFaceNet_96,dog,train,12
DogFaceNet_960,dog,train,6
DogFaceNet_961,dog,train,5
DogFaceNet_962,dog,train,6
DogFaceNet_963,dog,train,2
DogFaceNet_964,dog,train,6
DogFaceNet_965,dog,train,6
DogFaceNet_966,dog,train,4
DogFaceNet_967,dog,validation,5
DogFaceNet_968,dog,test,6
DogFaceNet_969,dog,validation,6
DogFaceNet_97,dog,train,6
DogFaceNet_970,dog,train,4
DogFaceNet_971,dog,test,5
DogFaceNet_972,dog,train,5
DogFaceNet_973,dog,validation,5
DogFaceNet_974,dog,validation,3
DogFaceNet_975,dog,train,2
DogFaceNet_976,dog,validation,4
DogFaceNet_977,dog,train,5
DogFaceNet_978,dog,train,5
DogFaceNet_979,dog,validation,3
DogFaceNet_98,dog,train,13
DogFaceNet_980,dog,validation,5
DogFaceNet_981,dog,train,5
DogFaceNet_982,dog,train,2
DogFaceNet_983,dog,train,9
DogFaceNet_984,dog,train,2
DogFaceNet_985,dog,train,5
DogFaceNet_986,dog,train,5
DogFaceNet_987,dog,validation,4
DogFaceNet_988,dog,train,5
DogFaceNet_989,dog,train,5
DogFaceNet_99,dog,train,13
DogFaceNet_990,dog,train,5
DogFaceNet_991,dog,train,5
DogFaceNet_992,dog,validation,5
DogFaceNet_993,dog,train,7
DogFaceNet_994,dog,validation,8
DogFaceNet_995,dog,test,5
DogFaceNet_996,dog,train,5
DogFaceNet_997,dog,validation,5
DogFaceNet_998,dog,validation,6
DogFaceNet_999,dog,train,6
FriesianCattle2015_1,cow,train,10
FriesianCattle2015_10,cow,train,5
FriesianCattle2015_11,cow,train,10
FriesianCattle2015_12,cow,train,10
FriesianCattle2015_13,cow,train,8
FriesianCattle2015_14,cow,test,7
FriesianCattle2015_15,cow,train,10
FriesianCattle2015_16,cow,train,6
FriesianCattle2015_17,cow,train,9
FriesianCattle2015_18,cow,train,9
FriesianCattle2015_2,cow,test,10
FriesianCattle2015_3,cow,train,4
FriesianCattle2015_30,cow,train,3
FriesianCattle2015_34,cow,test,5
FriesianCattle2015_35,cow,train,3
FriesianCattle2015_36,cow,train,8
FriesianCattle2015_38,cow,test,8
FriesianCattle2015_39,cow,test,6
FriesianCattle2015_4,cow,train,6
FriesianCattle2015_40,cow,train,8
FriesianCattle2015_5,cow,train,10
FriesianCattle2015_6,cow,train,8
FriesianCattle2015_7,cow,train,10
FriesianCattle2015_8,cow,train,10
FriesianCattle2015_9,cow,train,10
FriesianCattle2017_1,cow,train,32
FriesianCattle2017_10,cow,train,47
FriesianCattle2017_11,cow,train,33
FriesianCattle2017_12,cow,test,8
FriesianCattle2017_13,cow,test,34
FriesianCattle2017_14,cow,train,13
FriesianCattle2017_15,cow,train,8
FriesianCattle2017_16,cow,train,15
FriesianCattle2017_17,cow,validation,11
FriesianCattle2017_18,cow,train,2
FriesianCattle2017_19,cow,train,16
FriesianCattle2017_2,cow,train,7
FriesianCattle2017_20,cow,train,6
FriesianCattle2017_21,cow,train,18
FriesianCattle2017_22,cow,validation,3
FriesianCattle2017_23,cow,train,3
FriesianCattle2017_24,cow,test,6
FriesianCattle2017_25,cow,train,3
FriesianCattle2017_26,cow,train,3
FriesianCattle2017_27,cow,train,6
FriesianCattle2017_28,cow,train,5
FriesianCattle2017_29,cow,train,5
FriesianCattle2017_3,cow,train,15
FriesianCattle2017_30,cow,train,4
FriesianCattle2017_31,cow,train,2
FriesianCattle2017_32,cow,train,11
FriesianCattle2017_33,cow,train,3
FriesianCattle2017_34,cow,train,41
FriesianCattle2017_35,cow,train,19
FriesianCattle2017_36,cow,test,12
FriesianCattle2017_37,cow,test,4
FriesianCattle2017_38,cow,train,8
FriesianCattle2017_39,cow,validation,16
FriesianCattle2017_4,cow,validation,3
FriesianCattle2017_40,cow,train,7
FriesianCattle2017_41,cow,train,2
FriesianCattle2017_42,cow,validation,6
FriesianCattle2017_43,cow,train,4
FriesianCattle2017_44,cow,train,2
FriesianCattle2017_45,cow,train,38
FriesianCattle2017_46,cow,train,24
FriesianCattle2017_47,cow,train,9
FriesianCattle2017_48,cow,test,3
FriesianCattle2017_49,cow,train,7
FriesianCattle2017_5,cow,train,10
FriesianCattle2017_50,cow,train,2
FriesianCattle2017_51,cow,train,5
FriesianCattle2017_52,cow,train,4
FriesianCattle2017_53,cow,train,16
FriesianCattle2017_54,cow,train,9
FriesianCattle2017_55,cow,train,14
FriesianCattle2017_56,cow,train,11
FriesianCattle2017_57,cow,train,13
FriesianCattle2017_58,cow,test,6
FriesianCattle2017_59,cow,train,32
FriesianCattle2017_6,cow,test,3
FriesianCattle2017_60,cow,train,6
FriesianCattle2017_61,cow,train,3
FriesianCattle2017_62,cow,train,4
FriesianCattle2017_63,cow,train,3
FriesianCattle2017_64,cow,validation,15
FriesianCattle2017_65,cow,validation,13
FriesianCattle2017_66,cow,train,9
FriesianCattle2017_67,cow,train,7
FriesianCattle2017_68,cow,train,9
FriesianCattle2017_69,cow,train,1
FriesianCattle2017_7,cow,validation,5
FriesianCattle2017_70,cow,validation,4
FriesianCattle2017_71,cow,validation,3
FriesianCattle2017_72,cow,test,1
FriesianCattle2017_73,cow,train,26
FriesianCattle2017_74,cow,train,12
FriesianCattle2017_75,cow,test,8
FriesianCattle2017_76,cow,train,8
FriesianCattle2017_77,cow,train,14
FriesianCattle2017_78,cow,train,5
FriesianCattle2017_79,cow,train,1
FriesianCattle2017_8,cow,train,15
FriesianCattle2017_80,cow,train,2
FriesianCattle2017_81,cow,train,3
FriesianCattle2017_82,cow,train,44
FriesianCattle2017_83,cow,test,4
FriesianCattle2017_84,cow,train,1
FriesianCattle2017_85,cow,validation,4
FriesianCattle2017_86,cow,train,1
FriesianCattle2017_87,cow,train,8
FriesianCattle2017_88,cow,train,5
FriesianCattle2017_89,cow,train,4
FriesianCattle2017_9,cow,train,43
GiraffeZebraID_IBEIS_PZ_0001,zebra,train,17
GiraffeZebraID_IBEIS_PZ_0002,zebra,train,7
GiraffeZebraID_IBEIS_PZ_0003,zebra,train,4
GiraffeZebraID_IBEIS_PZ_0004,zebra,train,5
GiraffeZebraID_IBEIS_PZ_0005,zebra,train,15
GiraffeZebraID_IBEIS_PZ_0006,zebra,train,2
GiraffeZebraID_IBEIS_PZ_0007,zebra,train,2
GiraffeZebraID_IBEIS_PZ_0008,zebra,train,3
GiraffeZebraID_IBEIS_PZ_0009,zebra,train,7
GiraffeZebraID_IBEIS_PZ_0010,zebra,validation,3
GiraffeZebraID_IBEIS_PZ_0011,zebra,train,2
GiraffeZebraID_IBEIS_PZ_0012,zebra,validation,5
GiraffeZebraID_IBEIS_PZ_0013,zebra,train,2
GiraffeZebraID_IBEIS_PZ_0014,zebra,train,4
GiraffeZebraID_IBEIS_PZ_0015,zebra,train,4
GiraffeZebraID_IBEIS_PZ_0016,zebra,train,3
GiraffeZebraID_IBEIS_PZ_0017,zebra,train,3
GiraffeZebraID_IBEIS_PZ_0018,zebra,train,3
GiraffeZebraID_IBEIS_PZ_0019,zebra,train,2
GiraffeZebraID_IBEIS_PZ_0020,zebra,test,5
GiraffeZebraID_IBEIS_PZ_0021,zebra,validation,10
GiraffeZebraID_IBEIS_PZ_0022,zebra,train,2
GiraffeZebraID_IBEIS_PZ_0023,zebra,train,5
GiraffeZebraID_IBEIS_PZ_0024,zebra,test,6
GiraffeZebraID_IBEIS_PZ_0025,zebra,train,8
GiraffeZebraID_IBEIS_PZ_0026,zebra,test,8
GiraffeZebraID_IBEIS_PZ_0027,zebra,test,5
GiraffeZebraID_IBEIS_PZ_0028,zebra,validation,3
GiraffeZebraID_IBEIS_PZ_0029,zebra,train,1
GiraffeZebraID_IBEIS_PZ_0030,zebra,validation,1
GiraffeZebraID_IBEIS_PZ_0031,zebra,validation,7
GiraffeZebraID_IBEIS_PZ_0032,zebra,train,3
GiraffeZebraID_IBEIS_PZ_0033,zebra,train,4
GiraffeZebraID_IBEIS_PZ_0034,zebra,test,2
GiraffeZebraID_IBEIS_PZ_0035,zebra,train,3
GiraffeZebraID_IBEIS_PZ_0036,zebra,validation,1
GiraffeZebraID_IBEIS_PZ_0037,zebra,train,10
GiraffeZebraID_IBEIS_PZ_0038,zebra,train,1
GiraffeZebraID_IBEIS_PZ_0039,zebra,test,1
GiraffeZebraID_IBEIS_PZ_0040,zebra,test,1
GiraffeZebraID_IBEIS_PZ_0041,zebra,train,7
GiraffeZebraID_IBEIS_PZ_0042,zebra,test,3
GiraffeZebraID_IBEIS_PZ_0043,zebra,train,7
GiraffeZebraID_IBEIS_PZ_0044,zebra,test,3
GiraffeZebraID_IBEIS_PZ_0045,zebra,train,4
GiraffeZebraID_IBEIS_PZ_0046,zebra,train,1
GiraffeZebraID_IBEIS_PZ_0047,zebra,train,5
GiraffeZebraID_IBEIS_PZ_0048,zebra,train,1
GiraffeZebraID_IBEIS_PZ_0049,zebra,train,7
GiraffeZebraID_IBEIS_PZ_0050,zebra,train,1
GiraffeZebraID_IBEIS_PZ_0051,zebra,train,2
GiraffeZebraID_IBEIS_PZ_0052,zebra,test,2
GiraffeZebraID_IBEIS_PZ_0053,zebra,train,3
GiraffeZebraID_IBEIS_PZ_0054,zebra,train,1
GiraffeZebraID_IBEIS_PZ_0055,zebra,train,11
GiraffeZebraID_IBEIS_PZ_0056,zebra,validation,12
GiraffeZebraID_IBEIS_PZ_0057,zebra,train,13
GiraffeZebraID_IBEIS_PZ_0058,zebra,train,5
GiraffeZebraID_IBEIS_PZ_0059,zebra,train,2
GiraffeZebraID_IBEIS_PZ_0060,zebra,train,7
GiraffeZebraID_IBEIS_PZ_0061,zebra,train,3
GiraffeZebraID_IBEIS_PZ_0062,zebra,train,1
GiraffeZebraID_IBEIS_PZ_0063,zebra,train,4
GiraffeZebraID_IBEIS_PZ_0064,zebra,train,2
GiraffeZebraID_IBEIS_PZ_0065,zebra,train,12
GiraffeZebraID_IBEIS_PZ_0066,zebra,test,4
GiraffeZebraID_IBEIS_PZ_0067,zebra,train,15
GiraffeZebraID_IBEIS_PZ_0068,zebra,test,8
GiraffeZebraID_IBEIS_PZ_0069,zebra,train,4
GiraffeZebraID_IBEIS_PZ_0070,zebra,train,7
GiraffeZebraID_IBEIS_PZ_0071,zebra,train,7
GiraffeZebraID_IBEIS_PZ_0072,zebra,train,2
GiraffeZebraID_IBEIS_PZ_0073,zebra,train,3
GiraffeZebraID_IBEIS_PZ_0074,zebra,train,12
GiraffeZebraID_IBEIS_PZ_0075,zebra,train,11
GiraffeZebraID_IBEIS_PZ_0076,zebra,train,1
GiraffeZebraID_IBEIS_PZ_0077,zebra,validation,3
GiraffeZebraID_IBEIS_PZ_0078,zebra,train,4
GiraffeZebraID_IBEIS_PZ_0079,zebra,validation,12
GiraffeZebraID_IBEIS_PZ_0080,zebra,train,6
GiraffeZebraID_IBEIS_PZ_0081,zebra,train,6
GiraffeZebraID_IBEIS_PZ_0082,zebra,validation,17
GiraffeZebraID_IBEIS_PZ_0083,zebra,train,6
GiraffeZebraID_IBEIS_PZ_0084,zebra,validation,5
GiraffeZebraID_IBEIS_PZ_0085,zebra,train,6
GiraffeZebraID_IBEIS_PZ_0086,zebra,train,2
GiraffeZebraID_IBEIS_PZ_0087,zebra,validation,13
GiraffeZebraID_IBEIS_PZ_0088,zebra,train,10
GiraffeZebraID_IBEIS_PZ_0089,zebra,train,5
GiraffeZebraID_IBEIS_PZ_0090,zebra,train,5
GiraffeZebraID_IBEIS_PZ_0091,zebra,train,4
GiraffeZebraID_IBEIS_PZ_0092,zebra,train,6
GiraffeZebraID_IBEIS_PZ_0093,zebra,train,2
GiraffeZebraID_IBEIS_PZ_0094,zebra,train,2
GiraffeZebraID_IBEIS_PZ_0095,zebra,train,3
GiraffeZebraID_IBEIS_PZ_0096,zebra,train,3
GiraffeZebraID_IBEIS_PZ_0097,zebra,train,2
GiraffeZebraID_IBEIS_PZ_0098,zebra,train,2
GiraffeZebraID_IBEIS_PZ_0099,zebra,train,4
GiraffeZebraID_IBEIS_PZ_0100,zebra,train,2
GiraffeZebraID_IBEIS_PZ_0101,zebra,train,4
GiraffeZebraID_IBEIS_PZ_0102,zebra,train,5
GiraffeZebraID_IBEIS_PZ_0103,zebra,train,6
GiraffeZebraID_IBEIS_PZ_0104,zebra,validation,9
GiraffeZebraID_IBEIS_PZ_0105,zebra,train,7
GiraffeZebraID_IBEIS_PZ_0106,zebra,train,5
GiraffeZebraID_IBEIS_PZ_0107,zebra,train,14
GiraffeZebraID_IBEIS_PZ_0108,zebra,train,7
GiraffeZebraID_IBEIS_PZ_0109,zebra,test,4
GiraffeZebraID_IBEIS_PZ_0110,zebra,train,2
GiraffeZebraID_IBEIS_PZ_0111,zebra,train,6
GiraffeZebraID_IBEIS_PZ_0112,zebra,validation,5
GiraffeZebraID_IBEIS_PZ_0113,zebra,train,5
GiraffeZebraID_IBEIS_PZ_0114,zebra,test,4
GiraffeZebraID_IBEIS_PZ_0115,zebra,train,2
GiraffeZebraID_IBEIS_PZ_0116,zebra,test,2
GiraffeZebraID_IBEIS_PZ_0117,zebra,validation,6
GiraffeZebraID_IBEIS_PZ_0118,zebra,train,6
GiraffeZebraID_IBEIS_PZ_0119,zebra,train,1
GiraffeZebraID_IBEIS_PZ_0120,zebra,test,4
GiraffeZebraID_IBEIS_PZ_0121,zebra,train,3
GiraffeZebraID_IBEIS_PZ_0122,zebra,test,3
GiraffeZebraID_IBEIS_PZ_0123,zebra,train,2
GiraffeZebraID_IBEIS_PZ_0124,zebra,train,1
GiraffeZebraID_IBEIS_PZ_0125,zebra,train,3
GiraffeZebraID_IBEIS_PZ_0126,zebra,train,1
GiraffeZebraID_IBEIS_PZ_0127,zebra,train,2
GiraffeZebraID_IBEIS_PZ_0128,zebra,train,1
GiraffeZebraID_IBEIS_PZ_0129,zebra,validation,1
GiraffeZebraID_IBEIS_PZ_0130,zebra,train,1
GiraffeZebraID_IBEIS_PZ_0131,zebra,train,3
GiraffeZebraID_IBEIS_PZ_0132,zebra,train,5
GiraffeZebraID_IBEIS_PZ_0133,zebra,test,1
GiraffeZebraID_IBEIS_PZ_0134,zebra,train,4
GiraffeZebraID_IBEIS_PZ_0135,zebra,train,2
GiraffeZebraID_IBEIS_PZ_0136,zebra,train,1
GiraffeZebraID_IBEIS_PZ_0137,zebra,test,3
GiraffeZebraID_IBEIS_PZ_0138,zebra,test,3
GiraffeZebraID_IBEIS_PZ_0139,zebra,train,1
GiraffeZebraID_IBEIS_PZ_0140,zebra,train,1
GiraffeZebraID_IBEIS_PZ_0141,zebra,train,1
GiraffeZebraID_IBEIS_PZ_0142,zebra,train,1
GiraffeZebraID_IBEIS_PZ_0143,zebra,test,1
GiraffeZebraID_IBEIS_PZ_0144,zebra,train,1
GiraffeZebraID_IBEIS_PZ_0145,zebra,train,1
GiraffeZebraID_IBEIS_PZ_0146,zebra,train,1
GiraffeZebraID_IBEIS_PZ_0147,zebra,train,1
GiraffeZebraID_IBEIS_PZ_0148,zebra,train,1
GiraffeZebraID_IBEIS_PZ_0149,zebra,train,1
GiraffeZebraID_IBEIS_PZ_0150,zebra,validation,1
GiraffeZebraID_IBEIS_PZ_0151,zebra,train,1
GiraffeZebraID_IBEIS_PZ_0152,zebra,train,1
GiraffeZebraID_IBEIS_PZ_0153,zebra,validation,1
GiraffeZebraID_IBEIS_PZ_0154,zebra,test,1
GiraffeZebraID_IBEIS_PZ_0155,zebra,train,1
GiraffeZebraID_IBEIS_PZ_0156,zebra,train,1
GiraffeZebraID_IBEIS_PZ_0157,zebra,train,1
GiraffeZebraID_IBEIS_PZ_0158,zebra,train,2
GiraffeZebraID_IBEIS_PZ_0159,zebra,train,2
GiraffeZebraID_IBEIS_PZ_0160,zebra,train,1
GiraffeZebraID_IBEIS_PZ_0161,zebra,train,1
GiraffeZebraID_IBEIS_PZ_0162,zebra,test,1
GiraffeZebraID_IBEIS_PZ_0163,zebra,train,1
GiraffeZebraID_IBEIS_PZ_0164,zebra,validation,1
GiraffeZebraID_IBEIS_PZ_0165,zebra,test,1
GiraffeZebraID_IBEIS_PZ_0166,zebra,train,1
GiraffeZebraID_IBEIS_PZ_0167,zebra,train,1
GiraffeZebraID_IBEIS_PZ_0168,zebra,train,1
GiraffeZebraID_IBEIS_PZ_0169,zebra,validation,6
GiraffeZebraID_IBEIS_PZ_0170,zebra,train,1
GiraffeZebraID_IBEIS_PZ_0171,zebra,train,1
GiraffeZebraID_IBEIS_PZ_0172,zebra,train,1
GiraffeZebraID_IBEIS_PZ_0173,zebra,train,1
GiraffeZebraID_IBEIS_PZ_0174,zebra,train,4
GiraffeZebraID_IBEIS_PZ_0175,zebra,validation,1
GiraffeZebraID_IBEIS_PZ_0176,zebra,validation,1
GiraffeZebraID_IBEIS_PZ_0177,zebra,train,1
GiraffeZebraID_IBEIS_PZ_0178,zebra,train,2
GiraffeZebraID_IBEIS_PZ_0179,zebra,train,6
GiraffeZebraID_IBEIS_PZ_0180,zebra,train,1
GiraffeZebraID_IBEIS_PZ_0181,zebra,validation,4
GiraffeZebraID_IBEIS_PZ_0182,zebra,train,13
GiraffeZebraID_IBEIS_PZ_0183,zebra,train,2
GiraffeZebraID_IBEIS_PZ_0184,zebra,train,9
GiraffeZebraID_IBEIS_PZ_0185,zebra,test,5
GiraffeZebraID_IBEIS_PZ_0186,zebra,train,2
GiraffeZebraID_IBEIS_PZ_0187,zebra,train,7
GiraffeZebraID_IBEIS_PZ_0188,zebra,train,2
GiraffeZebraID_IBEIS_PZ_0189,zebra,test,3
GiraffeZebraID_IBEIS_PZ_0190,zebra,train,4
GiraffeZebraID_IBEIS_PZ_0191,zebra,train,3
GiraffeZebraID_IBEIS_PZ_0192,zebra,train,8
GiraffeZebraID_IBEIS_PZ_0193,zebra,train,2
GiraffeZebraID_IBEIS_PZ_0194,zebra,validation,3
GiraffeZebraID_IBEIS_PZ_0195,zebra,validation,5
GiraffeZebraID_IBEIS_PZ_0196,zebra,train,2
GiraffeZebraID_IBEIS_PZ_0197,zebra,train,6
GiraffeZebraID_IBEIS_PZ_0198,zebra,train,9
GiraffeZebraID_IBEIS_PZ_0199,zebra,train,2
GiraffeZebraID_IBEIS_PZ_0200,zebra,train,4
GiraffeZebraID_IBEIS_PZ_0201,zebra,train,2
GiraffeZebraID_IBEIS_PZ_0202,zebra,train,2
GiraffeZebraID_IBEIS_PZ_0203,zebra,validation,2
GiraffeZebraID_IBEIS_PZ_0204,zebra,train,5
GiraffeZebraID_IBEIS_PZ_0205,zebra,test,13
GiraffeZebraID_IBEIS_PZ_0206,zebra,train,3
GiraffeZebraID_IBEIS_PZ_0207,zebra,train,3
GiraffeZebraID_IBEIS_PZ_0208,zebra,train,3
GiraffeZebraID_IBEIS_PZ_0209,zebra,train,2
GiraffeZebraID_IBEIS_PZ_0210,zebra,validation,5
GiraffeZebraID_IBEIS_PZ_0211,zebra,test,7
GiraffeZebraID_IBEIS_PZ_0212,zebra,train,8
GiraffeZebraID_IBEIS_PZ_0213,zebra,validation,4
GiraffeZebraID_IBEIS_PZ_0214,zebra,train,13
GiraffeZebraID_IBEIS_PZ_0215,zebra,train,2
GiraffeZebraID_IBEIS_PZ_0216,zebra,train,11
GiraffeZebraID_IBEIS_PZ_0217,zebra,train,2
GiraffeZebraID_IBEIS_PZ_0218,zebra,train,2
GiraffeZebraID_IBEIS_PZ_0219,zebra,train,8
GiraffeZebraID_IBEIS_PZ_0220,zebra,train,8
GiraffeZebraID_IBEIS_PZ_0221,zebra,train,2
GiraffeZebraID_IBEIS_PZ_0222,zebra,test,4
GiraffeZebraID_IBEIS_PZ_0223,zebra,validation,3
GiraffeZebraID_IBEIS_PZ_0224,zebra,test,4
GiraffeZebraID_IBEIS_PZ_0225,zebra,validation,1
GiraffeZebraID_IBEIS_PZ_0226,zebra,train,2
GiraffeZebraID_IBEIS_PZ_0227,zebra,test,4
GiraffeZebraID_IBEIS_PZ_0228,zebra,train,2
GiraffeZebraID_IBEIS_PZ_0229,zebra,train,10
GiraffeZebraID_IBEIS_PZ_0230,zebra,train,4
GiraffeZebraID_IBEIS_PZ_0231,zebra,train,7
GiraffeZebraID_IBEIS_PZ_0232,zebra,validation,3
GiraffeZebraID_IBEIS_PZ_0233,zebra,train,1
GiraffeZebraID_IBEIS_PZ_0234,zebra,train,5
GiraffeZebraID_IBEIS_PZ_0235,zebra,test,4
GiraffeZebraID_IBEIS_PZ_0236,zebra,test,1
GiraffeZebraID_IBEIS_PZ_0237,zebra,test,2
GiraffeZebraID_IBEIS_PZ_0238,zebra,train,2
GiraffeZebraID_IBEIS_PZ_0239,zebra,train,2
GiraffeZebraID_IBEIS_PZ_0240,zebra,validation,3
GiraffeZebraID_IBEIS_PZ_0241,zebra,train,2
GiraffeZebraID_IBEIS_PZ_0242,zebra,test,2
GiraffeZebraID_IBEIS_PZ_0243,zebra,validation,1
GiraffeZebraID_IBEIS_PZ_0244,zebra,validation,1
GiraffeZebraID_IBEIS_PZ_0245,zebra,validation,1
GiraffeZebraID_IBEIS_PZ_0246,zebra,train,2
GiraffeZebraID_IBEIS_PZ_0247,zebra,train,2
GiraffeZebraID_IBEIS_PZ_0248,zebra,test,7
GiraffeZebraID_IBEIS_PZ_0249,zebra,train,1
GiraffeZebraID_IBEIS_PZ_0250,zebra,train,1
GiraffeZebraID_IBEIS_PZ_0251,zebra,train,1
GiraffeZebraID_IBEIS_PZ_0252,zebra,train,2
GiraffeZebraID_IBEIS_PZ_0253,zebra,test,1
GiraffeZebraID_IBEIS_PZ_0254,zebra,train,6
GiraffeZebraID_IBEIS_PZ_0255,zebra,test,3
GiraffeZebraID_IBEIS_PZ_0256,zebra,train,1
GiraffeZebraID_IBEIS_PZ_0257,zebra,train,1
GiraffeZebraID_IBEIS_PZ_0258,zebra,test,1
GiraffeZebraID_IBEIS_PZ_0259,zebra,train,2
GiraffeZebraID_IBEIS_PZ_0260,zebra,train,10
GiraffeZebraID_IBEIS_PZ_0261,zebra,train,2
GiraffeZebraID_IBEIS_PZ_0262,zebra,test,9
GiraffeZebraID_IBEIS_PZ_0263,zebra,train,3
GiraffeZebraID_IBEIS_PZ_0264,zebra,train,13
GiraffeZebraID_IBEIS_PZ_0265,zebra,train,1
GiraffeZebraID_IBEIS_PZ_0266,zebra,train,1
GiraffeZebraID_IBEIS_PZ_0267,zebra,test,1
GiraffeZebraID_IBEIS_PZ_0268,zebra,validation,1
GiraffeZebraID_IBEIS_PZ_0269,zebra,train,6
GiraffeZebraID_IBEIS_PZ_0270,zebra,train,13
GiraffeZebraID_IBEIS_PZ_0271,zebra,test,11
GiraffeZebraID_IBEIS_PZ_0272,zebra,validation,1
GiraffeZebraID_IBEIS_PZ_0273,zebra,test,3
GiraffeZebraID_IBEIS_PZ_0274,zebra,train,3
GiraffeZebraID_IBEIS_PZ_0275,zebra,train,1
GiraffeZebraID_IBEIS_PZ_0276,zebra,train,1
GiraffeZebraID_IBEIS_PZ_0277,zebra,train,1
GiraffeZebraID_IBEIS_PZ_0278,zebra,train,1
GiraffeZebraID_IBEIS_PZ_0279,zebra,test,2
GiraffeZebraID_IBEIS_PZ_0280,zebra,train,1
GiraffeZebraID_IBEIS_PZ_0281,zebra,validation,1
GiraffeZebraID_IBEIS_PZ_0282,zebra,train,1
GiraffeZebraID_IBEIS_PZ_0283,zebra,train,1
GiraffeZebraID_IBEIS_PZ_0284,zebra,train,1
GiraffeZebraID_IBEIS_PZ_0285,zebra,train,1
GiraffeZebraID_IBEIS_PZ_0286,zebra,train,1
GiraffeZebraID_IBEIS_PZ_0287,zebra,test,13
GiraffeZebraID_IBEIS_PZ_0288,zebra,train,1
GiraffeZebraID_IBEIS_PZ_0289,zebra,train,1
GiraffeZebraID_IBEIS_PZ_0290,zebra,train,1
GiraffeZebraID_IBEIS_PZ_0291,zebra,train,5
GiraffeZebraID_IBEIS_PZ_0292,zebra,train,1
GiraffeZebraID_IBEIS_PZ_0293,zebra,train,1
GiraffeZebraID_IBEIS_PZ_0294,zebra,validation,1
GiraffeZebraID_IBEIS_PZ_0295,zebra,train,1
GiraffeZebraID_IBEIS_PZ_0296,zebra,train,1
GiraffeZebraID_IBEIS_PZ_0297,zebra,train,1
GiraffeZebraID_IBEIS_PZ_0298,zebra,test,1
GiraffeZebraID_IBEIS_PZ_0299,zebra,train,1
GiraffeZebraID_IBEIS_PZ_0300,zebra,validation,1
GiraffeZebraID_IBEIS_PZ_0301,zebra,test,1
GiraffeZebraID_IBEIS_PZ_0302,zebra,train,7
GiraffeZebraID_IBEIS_PZ_0303,zebra,train,10
GiraffeZebraID_IBEIS_PZ_0304,zebra,validation,1
GiraffeZebraID_IBEIS_PZ_0305,zebra,test,1
GiraffeZebraID_IBEIS_PZ_0306,zebra,train,2
GiraffeZebraID_IBEIS_PZ_0307,zebra,train,2
GiraffeZebraID_IBEIS_PZ_0308,zebra,train,1
GiraffeZebraID_IBEIS_PZ_0309,zebra,train,1
GiraffeZebraID_IBEIS_PZ_0310,zebra,train,1
GiraffeZebraID_IBEIS_PZ_0311,zebra,train,1
GiraffeZebraID_IBEIS_PZ_0312,zebra,validation,14
GiraffeZebraID_IBEIS_PZ_0313,zebra,test,1
GiraffeZebraID_IBEIS_PZ_0314,zebra,test,1
GiraffeZebraID_IBEIS_PZ_0315,zebra,train,1
GiraffeZebraID_IBEIS_PZ_0316,zebra,validation,1
GiraffeZebraID_IBEIS_PZ_0317,zebra,test,1
GiraffeZebraID_IBEIS_PZ_0318,zebra,train,1
GiraffeZebraID_IBEIS_PZ_0319,zebra,train,1
GiraffeZebraID_IBEIS_PZ_0320,zebra,train,1
GiraffeZebraID_IBEIS_PZ_0321,zebra,validation,1
GiraffeZebraID_IBEIS_PZ_0322,zebra,train,1
GiraffeZebraID_IBEIS_PZ_0323,zebra,train,1
GiraffeZebraID_IBEIS_PZ_0324,zebra,test,1
GiraffeZebraID_IBEIS_PZ_0325,zebra,train,1
GiraffeZebraID_IBEIS_PZ_0326,zebra,validation,1
GiraffeZebraID_IBEIS_PZ_0327,zebra,train,1
GiraffeZebraID_IBEIS_PZ_0328,zebra,test,1
GiraffeZebraID_IBEIS_PZ_0329,zebra,train,1
GiraffeZebraID_IBEIS_PZ_0330,zebra,test,2
GiraffeZebraID_IBEIS_PZ_0331,zebra,train,7
GiraffeZebraID_IBEIS_PZ_0332,zebra,train,1
GiraffeZebraID_IBEIS_PZ_0333,zebra,train,18
GiraffeZebraID_IBEIS_PZ_0334,zebra,train,7
GiraffeZebraID_IBEIS_PZ_0335,zebra,train,1
GiraffeZebraID_IBEIS_PZ_0336,zebra,train,9
GiraffeZebraID_IBEIS_PZ_0337,zebra,train,5
GiraffeZebraID_IBEIS_PZ_0338,zebra,train,1
GiraffeZebraID_IBEIS_PZ_0339,zebra,validation,7
GiraffeZebraID_IBEIS_PZ_0340,zebra,train,6
GiraffeZebraID_IBEIS_PZ_0341,zebra,train,4
GiraffeZebraID_IBEIS_PZ_0342,zebra,validation,10
GiraffeZebraID_IBEIS_PZ_0343,zebra,train,4
GiraffeZebraID_IBEIS_PZ_0344,zebra,train,2
GiraffeZebraID_IBEIS_PZ_0345,zebra,train,2
GiraffeZebraID_IBEIS_PZ_0346,zebra,train,6
GiraffeZebraID_IBEIS_PZ_0347,zebra,test,7
GiraffeZebraID_IBEIS_PZ_0348,zebra,train,3
GiraffeZebraID_IBEIS_PZ_0349,zebra,test,7
GiraffeZebraID_IBEIS_PZ_0350,zebra,test,3
GiraffeZebraID_IBEIS_PZ_0351,zebra,train,12
GiraffeZebraID_IBEIS_PZ_0352,zebra,train,3
GiraffeZebraID_IBEIS_PZ_0353,zebra,train,2
GiraffeZebraID_IBEIS_PZ_0354,zebra,train,2
GiraffeZebraID_IBEIS_PZ_0355,zebra,train,10
GiraffeZebraID_IBEIS_PZ_0356,zebra,test,3
GiraffeZebraID_IBEIS_PZ_0357,zebra,train,2
GiraffeZebraID_IBEIS_PZ_0358,zebra,train,1
GiraffeZebraID_IBEIS_PZ_0359,zebra,train,2
GiraffeZebraID_IBEIS_PZ_0360,zebra,train,1
GiraffeZebraID_IBEIS_PZ_0361,zebra,test,1
GiraffeZebraID_IBEIS_PZ_0362,zebra,train,1
GiraffeZebraID_IBEIS_PZ_0363,zebra,train,1
GiraffeZebraID_IBEIS_PZ_0364,zebra,train,1
GiraffeZebraID_IBEIS_PZ_0365,zebra,train,1
GiraffeZebraID_IBEIS_PZ_0366,zebra,train,1
GiraffeZebraID_IBEIS_PZ_0367,zebra,train,3
GiraffeZebraID_IBEIS_PZ_0368,zebra,train,1
GiraffeZebraID_IBEIS_PZ_0369,zebra,train,5
GiraffeZebraID_IBEIS_PZ_0370,zebra,validation,11
GiraffeZebraID_IBEIS_PZ_0371,zebra,train,6
GiraffeZebraID_IBEIS_PZ_0372,zebra,train,10
GiraffeZebraID_IBEIS_PZ_0373,zebra,train,4
GiraffeZebraID_IBEIS_PZ_0374,zebra,train,2
GiraffeZebraID_IBEIS_PZ_0375,zebra,validation,9
GiraffeZebraID_IBEIS_PZ_0376,zebra,train,10
GiraffeZebraID_IBEIS_PZ_0377,zebra,train,8
GiraffeZebraID_IBEIS_PZ_0378,zebra,train,6
GiraffeZebraID_IBEIS_PZ_0379,zebra,test,11
GiraffeZebraID_IBEIS_PZ_0380,zebra,train,4
GiraffeZebraID_IBEIS_PZ_0381,zebra,train,4
GiraffeZebraID_IBEIS_PZ_0382,zebra,train,5
GiraffeZebraID_IBEIS_PZ_0383,zebra,train,2
GiraffeZebraID_IBEIS_PZ_0384,zebra,train,6
GiraffeZebraID_IBEIS_PZ_0385,zebra,train,2
GiraffeZebraID_IBEIS_PZ_0386,zebra,train,5
GiraffeZebraID_IBEIS_PZ_0387,zebra,train,2
GiraffeZebraID_IBEIS_PZ_0388,zebra,train,2
GiraffeZebraID_IBEIS_PZ_0389,zebra,train,2
GiraffeZebraID_IBEIS_PZ_0390,zebra,train,2
GiraffeZebraID_IBEIS_PZ_0391,zebra,validation,2
GiraffeZebraID_IBEIS_PZ_0392,zebra,test,2
GiraffeZebraID_IBEIS_PZ_0393,zebra,train,4
GiraffeZebraID_IBEIS_PZ_0394,zebra,train,19
GiraffeZebraID_IBEIS_PZ_0395,zebra,train,15
GiraffeZebraID_IBEIS_PZ_0396,zebra,train,2
GiraffeZebraID_IBEIS_PZ_0397,zebra,validation,7
GiraffeZebraID_IBEIS_PZ_0398,zebra,validation,4
GiraffeZebraID_IBEIS_PZ_0399,zebra,train,3
GiraffeZebraID_IBEIS_PZ_0400,zebra,train,2
GiraffeZebraID_IBEIS_PZ_0401,zebra,validation,10
GiraffeZebraID_IBEIS_PZ_0402,zebra,train,9
GiraffeZebraID_IBEIS_PZ_0403,zebra,validation,3
GiraffeZebraID_IBEIS_PZ_0404,zebra,test,6
GiraffeZebraID_IBEIS_PZ_0405,zebra,validation,5
GiraffeZebraID_IBEIS_PZ_0406,zebra,train,5
GiraffeZebraID_IBEIS_PZ_0407,zebra,test,7
GiraffeZebraID_IBEIS_PZ_0408,zebra,train,17
GiraffeZebraID_IBEIS_PZ_0409,zebra,train,6
GiraffeZebraID_IBEIS_PZ_0410,zebra,train,16
GiraffeZebraID_IBEIS_PZ_0411,zebra,test,4
GiraffeZebraID_IBEIS_PZ_0412,zebra,test,2
GiraffeZebraID_IBEIS_PZ_0413,zebra,train,2
GiraffeZebraID_IBEIS_PZ_0414,zebra,train,3
GiraffeZebraID_IBEIS_PZ_0415,zebra,test,5
GiraffeZebraID_IBEIS_PZ_0416,zebra,train,1
GiraffeZebraID_IBEIS_PZ_0417,zebra,train,14
GiraffeZebraID_IBEIS_PZ_0418,zebra,train,8
GiraffeZebraID_IBEIS_PZ_0419,zebra,train,6
GiraffeZebraID_IBEIS_PZ_0420,zebra,train,4
GiraffeZebraID_IBEIS_PZ_0421,zebra,validation,1
GiraffeZebraID_IBEIS_PZ_0422,zebra,validation,1
GiraffeZebraID_IBEIS_PZ_0423,zebra,train,21
GiraffeZebraID_IBEIS_PZ_0424,zebra,train,8
GiraffeZebraID_IBEIS_PZ_0425,zebra,train,1
GiraffeZebraID_IBEIS_PZ_0426,zebra,validation,1
GiraffeZebraID_IBEIS_PZ_0427,zebra,validation,1
GiraffeZebraID_IBEIS_PZ_0428,zebra,test,6
GiraffeZebraID_IBEIS_PZ_0429,zebra,train,1
GiraffeZebraID_IBEIS_PZ_0430,zebra,train,1
GiraffeZebraID_IBEIS_PZ_0431,zebra,train,1
GiraffeZebraID_IBEIS_PZ_0432,zebra,validation,1
GiraffeZebraID_IBEIS_PZ_0433,zebra,train,4
GiraffeZebraID_IBEIS_PZ_0434,zebra,train,1
GiraffeZebraID_IBEIS_PZ_0435,zebra,test,1
GiraffeZebraID_IBEIS_PZ_0436,zebra,train,2
GiraffeZebraID_IBEIS_PZ_0437,zebra,validation,1
GiraffeZebraID_IBEIS_PZ_0438,zebra,train,1
GiraffeZebraID_IBEIS_PZ_0439,zebra,test,2
GiraffeZebraID_IBEIS_PZ_0440,zebra,train,1
GiraffeZebraID_IBEIS_PZ_0441,zebra,train,2
GiraffeZebraID_IBEIS_PZ_0442,zebra,test,3
GiraffeZebraID_IBEIS_PZ_0443,zebra,test,9
GiraffeZebraID_IBEIS_PZ_0444,zebra,test,15
GiraffeZebraID_IBEIS_PZ_0445,zebra,train,11
GiraffeZebraID_IBEIS_PZ_0446,zebra,train,4
GiraffeZebraID_IBEIS_PZ_0447,zebra,test,3
GiraffeZebraID_IBEIS_PZ_0448,zebra,train,6
GiraffeZebraID_IBEIS_PZ_0449,zebra,train,4
GiraffeZebraID_IBEIS_PZ_0450,zebra,train,2
GiraffeZebraID_IBEIS_PZ_0451,zebra,test,7
GiraffeZebraID_IBEIS_PZ_0452,zebra,validation,3
GiraffeZebraID_IBEIS_PZ_0453,zebra,train,12
GiraffeZebraID_IBEIS_PZ_0454,zebra,train,10
GiraffeZebraID_IBEIS_PZ_0455,zebra,validation,5
GiraffeZebraID_IBEIS_PZ_0456,zebra,train,2
GiraffeZebraID_IBEIS_PZ_0457,zebra,train,3
GiraffeZebraID_IBEIS_PZ_0458,zebra,test,2
GiraffeZebraID_IBEIS_PZ_0459,zebra,validation,2
GiraffeZebraID_IBEIS_PZ_0460,zebra,train,3
GiraffeZebraID_IBEIS_PZ_0461,zebra,test,3
GiraffeZebraID_IBEIS_PZ_0462,zebra,validation,4
GiraffeZebraID_IBEIS_PZ_0463,zebra,test,4
GiraffeZebraID_IBEIS_PZ_0464,zebra,train,6
GiraffeZebraID_IBEIS_PZ_0465,zebra,train,7
GiraffeZebraID_IBEIS_PZ_0466,zebra,test,5
GiraffeZebraID_IBEIS_PZ_0467,zebra,train,6
GiraffeZebraID_IBEIS_PZ_0468,zebra,train,14
GiraffeZebraID_IBEIS_PZ_0469,zebra,train,4
GiraffeZebraID_IBEIS_PZ_0470,zebra,train,4
GiraffeZebraID_IBEIS_PZ_0471,zebra,train,2
GiraffeZebraID_IBEIS_PZ_0472,zebra,train,4
GiraffeZebraID_IBEIS_PZ_0473,zebra,validation,2
GiraffeZebraID_IBEIS_PZ_0474,zebra,train,6
GiraffeZebraID_IBEIS_PZ_0475,zebra,train,2
GiraffeZebraID_IBEIS_PZ_0476,zebra,train,2
GiraffeZebraID_IBEIS_PZ_0477,zebra,train,2
GiraffeZebraID_IBEIS_PZ_0478,zebra,train,1
GiraffeZebraID_IBEIS_PZ_0479,zebra,test,1
GiraffeZebraID_IBEIS_PZ_0480,zebra,validation,1
GiraffeZebraID_IBEIS_PZ_0481,zebra,train,1
GiraffeZebraID_IBEIS_PZ_0482,zebra,train,1
GiraffeZebraID_IBEIS_PZ_0483,zebra,train,1
GiraffeZebraID_IBEIS_PZ_0484,zebra,test,1
GiraffeZebraID_IBEIS_PZ_0485,zebra,train,1
GiraffeZebraID_IBEIS_PZ_0486,zebra,train,1
GiraffeZebraID_IBEIS_PZ_0487,zebra,train,1
GiraffeZebraID_IBEIS_PZ_0488,zebra,train,1
GiraffeZebraID_IBEIS_PZ_0489,zebra,train,1
GiraffeZebraID_IBEIS_PZ_0490,zebra,train,1
GiraffeZebraID_IBEIS_PZ_0491,zebra,train,1
GiraffeZebraID_IBEIS_PZ_0492,zebra,train,1
GiraffeZebraID_IBEIS_PZ_0493,zebra,train,1
GiraffeZebraID_IBEIS_PZ_0494,zebra,train,1
GiraffeZebraID_IBEIS_PZ_0495,zebra,train,11
GiraffeZebraID_IBEIS_PZ_0496,zebra,train,12
GiraffeZebraID_IBEIS_PZ_0497,zebra,train,15
GiraffeZebraID_IBEIS_PZ_0498,zebra,test,4
GiraffeZebraID_IBEIS_PZ_0499,zebra,train,5
GiraffeZebraID_IBEIS_PZ_0500,zebra,train,6
GiraffeZebraID_IBEIS_PZ_0501,zebra,validation,2
GiraffeZebraID_IBEIS_PZ_0502,zebra,train,6
GiraffeZebraID_IBEIS_PZ_0503,zebra,validation,10
GiraffeZebraID_IBEIS_PZ_0504,zebra,train,7
GiraffeZebraID_IBEIS_PZ_0505,zebra,train,6
GiraffeZebraID_IBEIS_PZ_0506,zebra,train,3
GiraffeZebraID_IBEIS_PZ_0507,zebra,train,7
GiraffeZebraID_IBEIS_PZ_0508,zebra,train,7
GiraffeZebraID_IBEIS_PZ_0509,zebra,train,3
GiraffeZebraID_IBEIS_PZ_0510,zebra,validation,5
GiraffeZebraID_IBEIS_PZ_0511,zebra,train,6
GiraffeZebraID_IBEIS_PZ_0512,zebra,train,11
GiraffeZebraID_IBEIS_PZ_0513,zebra,train,10
GiraffeZebraID_IBEIS_PZ_0514,zebra,test,4
GiraffeZebraID_IBEIS_PZ_0515,zebra,validation,13
GiraffeZebraID_IBEIS_PZ_0516,zebra,train,10
GiraffeZebraID_IBEIS_PZ_0517,zebra,train,10
GiraffeZebraID_IBEIS_PZ_0518,zebra,train,14
GiraffeZebraID_IBEIS_PZ_0519,zebra,train,21
GiraffeZebraID_IBEIS_PZ_0520,zebra,train,15
GiraffeZebraID_IBEIS_PZ_0521,zebra,train,2
GiraffeZebraID_IBEIS_PZ_0522,zebra,train,9
GiraffeZebraID_IBEIS_PZ_0523,zebra,train,9
GiraffeZebraID_IBEIS_PZ_0524,zebra,train,2
GiraffeZebraID_IBEIS_PZ_0525,zebra,train,4
GiraffeZebraID_IBEIS_PZ_0526,zebra,train,3
GiraffeZebraID_IBEIS_PZ_0527,zebra,train,3
GiraffeZebraID_IBEIS_PZ_0528,zebra,train,6
GiraffeZebraID_IBEIS_PZ_0529,zebra,train,2
GiraffeZebraID_IBEIS_PZ_0530,zebra,train,9
GiraffeZebraID_IBEIS_PZ_0531,zebra,train,3
GiraffeZebraID_IBEIS_PZ_0532,zebra,train,5
GiraffeZebraID_IBEIS_PZ_0533,zebra,test,1
GiraffeZebraID_IBEIS_PZ_0534,zebra,train,1
GiraffeZebraID_IBEIS_PZ_0535,zebra,train,1
GiraffeZebraID_IBEIS_PZ_0536,zebra,test,1
GiraffeZebraID_IBEIS_PZ_0537,zebra,validation,1
GiraffeZebraID_IBEIS_PZ_0538,zebra,test,1
GiraffeZebraID_IBEIS_PZ_0539,zebra,validation,4
GiraffeZebraID_IBEIS_PZ_0540,zebra,train,2
GiraffeZebraID_IBEIS_PZ_0541,zebra,train,1
GiraffeZebraID_IBEIS_PZ_0542,zebra,validation,1
GiraffeZebraID_IBEIS_PZ_0543,zebra,train,1
GiraffeZebraID_IBEIS_PZ_0544,zebra,train,1
GiraffeZebraID_IBEIS_PZ_0545,zebra,train,1
GiraffeZebraID_IBEIS_PZ_0546,zebra,train,1
GiraffeZebraID_IBEIS_PZ_0547,zebra,test,1
GiraffeZebraID_IBEIS_PZ_0548,zebra,validation,4
GiraffeZebraID_IBEIS_PZ_0549,zebra,train,5
GiraffeZebraID_IBEIS_PZ_0550,zebra,train,3
GiraffeZebraID_IBEIS_PZ_0551,zebra,validation,10
GiraffeZebraID_IBEIS_PZ_0552,zebra,train,5
GiraffeZebraID_IBEIS_PZ_0553,zebra,validation,2
GiraffeZebraID_IBEIS_PZ_0554,zebra,train,2
GiraffeZebraID_IBEIS_PZ_0555,zebra,train,3
GiraffeZebraID_IBEIS_PZ_0556,zebra,train,3
GiraffeZebraID_IBEIS_PZ_0557,zebra,train,2
GiraffeZebraID_IBEIS_PZ_0558,zebra,test,3
GiraffeZebraID_IBEIS_PZ_0559,zebra,test,3
GiraffeZebraID_IBEIS_PZ_0560,zebra,train,6
GiraffeZebraID_IBEIS_PZ_0561,zebra,validation,3
GiraffeZebraID_IBEIS_PZ_0562,zebra,test,3
GiraffeZebraID_IBEIS_PZ_0563,zebra,train,2
GiraffeZebraID_IBEIS_PZ_0564,zebra,train,2
GiraffeZebraID_IBEIS_PZ_0565,zebra,train,2
GiraffeZebraID_IBEIS_PZ_0566,zebra,train,12
GiraffeZebraID_IBEIS_PZ_0567,zebra,train,2
GiraffeZebraID_IBEIS_PZ_0568,zebra,train,2
GiraffeZebraID_IBEIS_PZ_0569,zebra,train,1
GiraffeZebraID_IBEIS_PZ_0570,zebra,train,1
GiraffeZebraID_IBEIS_PZ_0571,zebra,train,9
GiraffeZebraID_IBEIS_PZ_0572,zebra,validation,1
GiraffeZebraID_IBEIS_PZ_0573,zebra,test,1
GiraffeZebraID_IBEIS_PZ_0574,zebra,validation,1
GiraffeZebraID_IBEIS_PZ_0575,zebra,train,1
GiraffeZebraID_IBEIS_PZ_0576,zebra,train,1
GiraffeZebraID_IBEIS_PZ_0577,zebra,train,1
GiraffeZebraID_IBEIS_PZ_0578,zebra,train,1
GiraffeZebraID_IBEIS_PZ_0579,zebra,train,1
GiraffeZebraID_IBEIS_PZ_0580,zebra,validation,1
GiraffeZebraID_IBEIS_PZ_0581,zebra,train,1
GiraffeZebraID_IBEIS_PZ_0582,zebra,train,2
GiraffeZebraID_IBEIS_PZ_0583,zebra,test,1
GiraffeZebraID_IBEIS_PZ_0584,zebra,validation,1
GiraffeZebraID_IBEIS_PZ_0585,zebra,train,1
GiraffeZebraID_IBEIS_PZ_0586,zebra,test,1
GiraffeZebraID_IBEIS_PZ_0587,zebra,train,10
GiraffeZebraID_IBEIS_PZ_0588,zebra,train,1
GiraffeZebraID_IBEIS_PZ_0589,zebra,train,4
GiraffeZebraID_IBEIS_PZ_0590,zebra,train,2
GiraffeZebraID_IBEIS_PZ_0591,zebra,train,2
GiraffeZebraID_IBEIS_PZ_0592,zebra,train,18
GiraffeZebraID_IBEIS_PZ_0593,zebra,train,2
GiraffeZebraID_IBEIS_PZ_0594,zebra,validation,2
GiraffeZebraID_IBEIS_PZ_0595,zebra,validation,14
GiraffeZebraID_IBEIS_PZ_0596,zebra,train,2
GiraffeZebraID_IBEIS_PZ_0597,zebra,train,4
GiraffeZebraID_IBEIS_PZ_0598,zebra,validation,15
GiraffeZebraID_IBEIS_PZ_0599,zebra,train,2
GiraffeZebraID_IBEIS_PZ_0600,zebra,train,2
GiraffeZebraID_IBEIS_PZ_0601,zebra,test,1
GiraffeZebraID_IBEIS_PZ_0602,zebra,train,1
GiraffeZebraID_IBEIS_PZ_0603,zebra,train,4
GiraffeZebraID_IBEIS_PZ_0604,zebra,train,1
GiraffeZebraID_IBEIS_PZ_0605,zebra,train,1
GiraffeZebraID_IBEIS_PZ_0606,zebra,validation,3
GiraffeZebraID_IBEIS_PZ_0607,zebra,train,6
GiraffeZebraID_IBEIS_PZ_0608,zebra,train,7
GiraffeZebraID_IBEIS_PZ_0609,zebra,train,4
GiraffeZebraID_IBEIS_PZ_0610,zebra,train,14
GiraffeZebraID_IBEIS_PZ_0611,zebra,test,1
GiraffeZebraID_IBEIS_PZ_0612,zebra,train,1
GiraffeZebraID_IBEIS_PZ_0613,zebra,train,1
GiraffeZebraID_IBEIS_PZ_0614,zebra,train,1
GiraffeZebraID_IBEIS_PZ_0615,zebra,train,1
GiraffeZebraID_IBEIS_PZ_0616,zebra,train,1
GiraffeZebraID_IBEIS_PZ_0617,zebra,train,3
GiraffeZebraID_IBEIS_PZ_0618,zebra,train,8
GiraffeZebraID_IBEIS_PZ_0619,zebra,train,4
GiraffeZebraID_IBEIS_PZ_0620,zebra,train,9
GiraffeZebraID_IBEIS_PZ_0621,zebra,train,1
GiraffeZebraID_IBEIS_PZ_0622,zebra,validation,1
GiraffeZebraID_IBEIS_PZ_0623,zebra,train,10
GiraffeZebraID_IBEIS_PZ_0624,zebra,train,3
GiraffeZebraID_IBEIS_PZ_0625,zebra,train,1
GiraffeZebraID_IBEIS_PZ_0626,zebra,validation,10
GiraffeZebraID_IBEIS_PZ_0627,zebra,train,1
GiraffeZebraID_IBEIS_PZ_0628,zebra,test,1
GiraffeZebraID_IBEIS_PZ_0629,zebra,test,2
GiraffeZebraID_IBEIS_PZ_0630,zebra,train,3
GiraffeZebraID_IBEIS_PZ_0631,zebra,test,1
GiraffeZebraID_IBEIS_PZ_0632,zebra,train,1
GiraffeZebraID_IBEIS_PZ_0633,zebra,train,1
GiraffeZebraID_IBEIS_PZ_0634,zebra,train,1
GiraffeZebraID_IBEIS_PZ_0635,zebra,train,1
GiraffeZebraID_IBEIS_PZ_0636,zebra,train,1
GiraffeZebraID_IBEIS_PZ_0637,zebra,train,1
GiraffeZebraID_IBEIS_PZ_0638,zebra,train,1
GiraffeZebraID_IBEIS_PZ_0639,zebra,train,1
GiraffeZebraID_IBEIS_PZ_0640,zebra,train,2
GiraffeZebraID_IBEIS_PZ_0641,zebra,test,1
GiraffeZebraID_IBEIS_PZ_0642,zebra,train,1
GiraffeZebraID_IBEIS_PZ_0643,zebra,train,1
GiraffeZebraID_IBEIS_PZ_0644,zebra,train,1
GiraffeZebraID_IBEIS_PZ_0645,zebra,train,1
GiraffeZebraID_IBEIS_PZ_0646,zebra,train,1
GiraffeZebraID_IBEIS_PZ_0647,zebra,train,2
GiraffeZebraID_IBEIS_PZ_0648,zebra,train,1
GiraffeZebraID_IBEIS_PZ_0649,zebra,train,1
GiraffeZebraID_IBEIS_PZ_0650,zebra,train,5
GiraffeZebraID_IBEIS_PZ_0651,zebra,train,5
GiraffeZebraID_IBEIS_PZ_0652,zebra,train,3
GiraffeZebraID_IBEIS_PZ_0653,zebra,train,5
GiraffeZebraID_IBEIS_PZ_0654,zebra,validation,3
GiraffeZebraID_IBEIS_PZ_0655,zebra,train,2
GiraffeZebraID_IBEIS_PZ_0656,zebra,train,2
GiraffeZebraID_IBEIS_PZ_0657,zebra,train,1
GiraffeZebraID_IBEIS_PZ_0658,zebra,test,1
GiraffeZebraID_IBEIS_PZ_0659,zebra,train,2
GiraffeZebraID_IBEIS_PZ_0660,zebra,train,4
GiraffeZebraID_IBEIS_PZ_0661,zebra,train,4
GiraffeZebraID_IBEIS_PZ_0662,zebra,train,7
GiraffeZebraID_IBEIS_PZ_0663,zebra,train,2
GiraffeZebraID_IBEIS_PZ_0664,zebra,test,2
GiraffeZebraID_IBEIS_PZ_0665,zebra,train,2
GiraffeZebraID_IBEIS_PZ_0666,zebra,train,4
GiraffeZebraID_IBEIS_PZ_0667,zebra,train,2
GiraffeZebraID_IBEIS_PZ_0668,zebra,train,2
GiraffeZebraID_IBEIS_PZ_0669,zebra,train,1
GiraffeZebraID_IBEIS_PZ_0670,zebra,train,1
GiraffeZebraID_IBEIS_PZ_0671,zebra,train,1
GiraffeZebraID_IBEIS_PZ_0672,zebra,train,1
GiraffeZebraID_IBEIS_PZ_0673,zebra,train,1
GiraffeZebraID_IBEIS_PZ_0674,zebra,train,1
GiraffeZebraID_IBEIS_PZ_0675,zebra,test,1
GiraffeZebraID_IBEIS_PZ_0676,zebra,train,1
GiraffeZebraID_IBEIS_PZ_0677,zebra,train,10
GiraffeZebraID_IBEIS_PZ_0678,zebra,validation,3
GiraffeZebraID_IBEIS_PZ_0679,zebra,validation,2
GiraffeZebraID_IBEIS_PZ_0680,zebra,train,8
GiraffeZebraID_IBEIS_PZ_0681,zebra,train,2
GiraffeZebraID_IBEIS_PZ_0682,zebra,validation,1
GiraffeZebraID_IBEIS_PZ_0683,zebra,train,1
GiraffeZebraID_IBEIS_PZ_0684,zebra,test,1
GiraffeZebraID_IBEIS_PZ_0685,zebra,train,1
GiraffeZebraID_IBEIS_PZ_0686,zebra,test,5
GiraffeZebraID_IBEIS_PZ_0687,zebra,test,1
GiraffeZebraID_IBEIS_PZ_0688,zebra,train,1
GiraffeZebraID_IBEIS_PZ_0689,zebra,train,2
GiraffeZebraID_IBEIS_PZ_0690,zebra,validation,3
GiraffeZebraID_IBEIS_PZ_0691,zebra,train,2
GiraffeZebraID_IBEIS_PZ_0692,zebra,train,2
GiraffeZebraID_IBEIS_PZ_0693,zebra,train,2
GiraffeZebraID_IBEIS_PZ_0694,zebra,train,2
GiraffeZebraID_IBEIS_PZ_0695,zebra,train,2
GiraffeZebraID_IBEIS_PZ_0696,zebra,train,2
GiraffeZebraID_IBEIS_PZ_0697,zebra,train,2
GiraffeZebraID_IBEIS_PZ_0698,zebra,train,1
GiraffeZebraID_IBEIS_PZ_0699,zebra,train,1
GiraffeZebraID_IBEIS_PZ_0700,zebra,train,1
GiraffeZebraID_IBEIS_PZ_0701,zebra,train,1
GiraffeZebraID_IBEIS_PZ_0702,zebra,train,1
GiraffeZebraID_IBEIS_PZ_0703,zebra,test,1
GiraffeZebraID_IBEIS_PZ_0704,zebra,train,1
GiraffeZebraID_IBEIS_PZ_0705,zebra,train,1
GiraffeZebraID_IBEIS_PZ_0706,zebra,train,1
GiraffeZebraID_IBEIS_PZ_0707,zebra,train,1
GiraffeZebraID_IBEIS_PZ_0708,zebra,train,3
GiraffeZebraID_IBEIS_PZ_0709,zebra,validation,4
GiraffeZebraID_IBEIS_PZ_0710,zebra,test,2
GiraffeZebraID_IBEIS_PZ_0711,zebra,train,5
GiraffeZebraID_IBEIS_PZ_0712,zebra,train,5
GiraffeZebraID_IBEIS_PZ_0713,zebra,train,2
GiraffeZebraID_IBEIS_PZ_0714,zebra,train,5
GiraffeZebraID_IBEIS_PZ_0715,zebra,train,2
GiraffeZebraID_IBEIS_PZ_0716,zebra,train,2
GiraffeZebraID_IBEIS_PZ_0717,zebra,test,4
GiraffeZebraID_IBEIS_PZ_0718,zebra,train,2
GiraffeZebraID_IBEIS_PZ_0719,zebra,train,9
GiraffeZebraID_IBEIS_PZ_0720,zebra,train,2
GiraffeZebraID_IBEIS_PZ_0721,zebra,validation,2
GiraffeZebraID_IBEIS_PZ_0722,zebra,train,13
GiraffeZebraID_IBEIS_PZ_0723,zebra,train,2
GiraffeZebraID_IBEIS_PZ_0724,zebra,validation,2
GiraffeZebraID_IBEIS_PZ_0725,zebra,test,2
GiraffeZebraID_IBEIS_PZ_0726,zebra,test,4
GiraffeZebraID_IBEIS_PZ_0727,zebra,train,2
GiraffeZebraID_IBEIS_PZ_0728,zebra,train,2
GiraffeZebraID_IBEIS_PZ_0729,zebra,test,2
GiraffeZebraID_IBEIS_PZ_0730,zebra,validation,1
GiraffeZebraID_IBEIS_PZ_0731,zebra,train,1
GiraffeZebraID_IBEIS_PZ_0732,zebra,train,1
GiraffeZebraID_IBEIS_PZ_0733,zebra,train,1
GiraffeZebraID_IBEIS_PZ_0734,zebra,train,1
GiraffeZebraID_IBEIS_PZ_0735,zebra,train,1
GiraffeZebraID_IBEIS_PZ_0736,zebra,train,1
GiraffeZebraID_IBEIS_PZ_0737,zebra,train,1
GiraffeZebraID_IBEIS_PZ_0738,zebra,train,2
GiraffeZebraID_IBEIS_PZ_0739,zebra,test,5
GiraffeZebraID_IBEIS_PZ_0740,zebra,train,1
GiraffeZebraID_IBEIS_PZ_0741,zebra,train,1
GiraffeZebraID_IBEIS_PZ_0742,zebra,train,1
GiraffeZebraID_IBEIS_PZ_0743,zebra,train,1
GiraffeZebraID_IBEIS_PZ_0744,zebra,test,1
GiraffeZebraID_IBEIS_PZ_0745,zebra,train,1
GiraffeZebraID_IBEIS_PZ_0746,zebra,train,1
GiraffeZebraID_IBEIS_PZ_0747,zebra,train,1
GiraffeZebraID_IBEIS_PZ_0748,zebra,train,1
GiraffeZebraID_IBEIS_PZ_0749,zebra,validation,1
GiraffeZebraID_IBEIS_PZ_0750,zebra,train,1
GiraffeZebraID_IBEIS_PZ_0751,zebra,train,1
GiraffeZebraID_IBEIS_PZ_0752,zebra,test,2
GiraffeZebraID_IBEIS_PZ_0753,zebra,validation,1
GiraffeZebraID_IBEIS_PZ_0754,zebra,test,4
GiraffeZebraID_IBEIS_PZ_0755,zebra,validation,14
GiraffeZebraID_IBEIS_PZ_0756,zebra,train,1
GiraffeZebraID_IBEIS_PZ_0757,zebra,test,1
GiraffeZebraID_IBEIS_PZ_0758,zebra,train,3
GiraffeZebraID_IBEIS_PZ_0759,zebra,validation,1
GiraffeZebraID_IBEIS_PZ_0760,zebra,train,1
GiraffeZebraID_IBEIS_PZ_0761,zebra,train,5
GiraffeZebraID_IBEIS_PZ_0762,zebra,validation,2
GiraffeZebraID_IBEIS_PZ_0763,zebra,train,3
GiraffeZebraID_IBEIS_PZ_0764,zebra,train,5
GiraffeZebraID_IBEIS_PZ_0765,zebra,train,1
GiraffeZebraID_IBEIS_PZ_0766,zebra,test,2
GiraffeZebraID_IBEIS_PZ_0767,zebra,train,1
GiraffeZebraID_IBEIS_PZ_0768,zebra,validation,2
GiraffeZebraID_IBEIS_PZ_0769,zebra,train,7
GiraffeZebraID_IBEIS_PZ_0770,zebra,train,3
GiraffeZebraID_IBEIS_PZ_0771,zebra,train,3
GiraffeZebraID_IBEIS_PZ_0772,zebra,test,1
GiraffeZebraID_IBEIS_PZ_0773,zebra,test,5
GiraffeZebraID_IBEIS_PZ_0774,zebra,train,4
GiraffeZebraID_IBEIS_PZ_0775,zebra,validation,7
GiraffeZebraID_IBEIS_PZ_0776,zebra,validation,2
GiraffeZebraID_IBEIS_PZ_0777,zebra,test,4
GiraffeZebraID_IBEIS_PZ_0778,zebra,train,7
GiraffeZebraID_IBEIS_PZ_0779,zebra,train,6
GiraffeZebraID_IBEIS_PZ_0780,zebra,validation,2
GiraffeZebraID_IBEIS_PZ_0781,zebra,validation,4
GiraffeZebraID_IBEIS_PZ_0782,zebra,train,2
GiraffeZebraID_IBEIS_PZ_0783,zebra,train,3
GiraffeZebraID_IBEIS_PZ_0784,zebra,train,4
GiraffeZebraID_IBEIS_PZ_0785,zebra,train,3
GiraffeZebraID_IBEIS_PZ_0786,zebra,test,3
GiraffeZebraID_IBEIS_PZ_0787,zebra,train,5
GiraffeZebraID_IBEIS_PZ_0788,zebra,test,2
GiraffeZebraID_IBEIS_PZ_0789,zebra,train,2
GiraffeZebraID_IBEIS_PZ_0790,zebra,validation,1
GiraffeZebraID_IBEIS_PZ_0791,zebra,train,2
GiraffeZebraID_IBEIS_PZ_0792,zebra,validation,5
GiraffeZebraID_IBEIS_PZ_0793,zebra,train,2
GiraffeZebraID_IBEIS_PZ_0794,zebra,train,2
GiraffeZebraID_IBEIS_PZ_0795,zebra,train,1
GiraffeZebraID_IBEIS_PZ_0796,zebra,train,1
GiraffeZebraID_IBEIS_PZ_0797,zebra,train,1
GiraffeZebraID_IBEIS_PZ_0798,zebra,test,1
GiraffeZebraID_IBEIS_PZ_0799,zebra,train,1
GiraffeZebraID_IBEIS_PZ_0800,zebra,test,2
GiraffeZebraID_IBEIS_PZ_0801,zebra,train,1
GiraffeZebraID_IBEIS_PZ_0802,zebra,train,1
GiraffeZebraID_IBEIS_PZ_0803,zebra,train,1
GiraffeZebraID_IBEIS_PZ_0804,zebra,train,1
GiraffeZebraID_IBEIS_PZ_0805,zebra,validation,1
GiraffeZebraID_IBEIS_PZ_0806,zebra,train,1
GiraffeZebraID_IBEIS_PZ_0807,zebra,train,1
GiraffeZebraID_IBEIS_PZ_0808,zebra,train,1
GiraffeZebraID_IBEIS_PZ_0809,zebra,train,1
GiraffeZebraID_IBEIS_PZ_0810,zebra,train,1
GiraffeZebraID_IBEIS_PZ_0811,zebra,test,1
GiraffeZebraID_IBEIS_PZ_0812,zebra,test,1
GiraffeZebraID_IBEIS_PZ_0813,zebra,validation,1
GiraffeZebraID_IBEIS_PZ_0814,zebra,train,1
GiraffeZebraID_IBEIS_PZ_0815,zebra,train,1
GiraffeZebraID_IBEIS_PZ_0816,zebra,train,1
GiraffeZebraID_IBEIS_PZ_0817,zebra,train,1
GiraffeZebraID_IBEIS_PZ_0818,zebra,test,1
GiraffeZebraID_IBEIS_PZ_0819,zebra,train,1
GiraffeZebraID_IBEIS_PZ_0820,zebra,validation,1
GiraffeZebraID_IBEIS_PZ_0821,zebra,train,1
GiraffeZebraID_IBEIS_PZ_0822,zebra,train,1
GiraffeZebraID_IBEIS_PZ_0823,zebra,test,1
GiraffeZebraID_IBEIS_PZ_0824,zebra,train,1
GiraffeZebraID_IBEIS_PZ_0825,zebra,train,1
GiraffeZebraID_IBEIS_PZ_0826,zebra,train,1
GiraffeZebraID_IBEIS_PZ_0827,zebra,train,1
GiraffeZebraID_IBEIS_PZ_0828,zebra,train,2
GiraffeZebraID_IBEIS_PZ_0829,zebra,train,2
GiraffeZebraID_IBEIS_PZ_0830,zebra,test,5
GiraffeZebraID_IBEIS_PZ_0831,zebra,validation,3
GiraffeZebraID_IBEIS_PZ_0832,zebra,train,1
GiraffeZebraID_IBEIS_PZ_0833,zebra,train,1
GiraffeZebraID_IBEIS_PZ_0834,zebra,train,5
GiraffeZebraID_IBEIS_PZ_0835,zebra,train,3
GiraffeZebraID_IBEIS_PZ_0836,zebra,train,2
GiraffeZebraID_IBEIS_PZ_0837,zebra,validation,2
GiraffeZebraID_IBEIS_PZ_0838,zebra,train,1
GiraffeZebraID_IBEIS_PZ_0839,zebra,train,1
GiraffeZebraID_IBEIS_PZ_0840,zebra,train,2
GiraffeZebraID_IBEIS_PZ_0841,zebra,train,1
GiraffeZebraID_IBEIS_PZ_0842,zebra,test,1
GiraffeZebraID_IBEIS_PZ_0843,zebra,train,1
GiraffeZebraID_IBEIS_PZ_0844,zebra,test,1
GiraffeZebraID_IBEIS_PZ_0845,zebra,test,1
GiraffeZebraID_IBEIS_PZ_0846,zebra,train,1
GiraffeZebraID_IBEIS_PZ_0847,zebra,validation,1
GiraffeZebraID_IBEIS_PZ_0848,zebra,train,11
GiraffeZebraID_IBEIS_PZ_0849,zebra,train,1
GiraffeZebraID_IBEIS_PZ_0850,zebra,validation,1
GiraffeZebraID_IBEIS_PZ_0851,zebra,train,1
GiraffeZebraID_IBEIS_PZ_0852,zebra,train,1
GiraffeZebraID_IBEIS_PZ_0853,zebra,train,1
GiraffeZebraID_IBEIS_PZ_0854,zebra,train,1
GiraffeZebraID_IBEIS_PZ_0855,zebra,train,3
GiraffeZebraID_IBEIS_PZ_0856,zebra,train,1
GiraffeZebraID_IBEIS_PZ_0857,zebra,train,1
GiraffeZebraID_IBEIS_PZ_0858,zebra,train,1
GiraffeZebraID_IBEIS_PZ_0859,zebra,train,1
GiraffeZebraID_IBEIS_PZ_0860,zebra,validation,1
GiraffeZebraID_IBEIS_PZ_0861,zebra,train,2
GiraffeZebraID_IBEIS_PZ_0862,zebra,train,3
GiraffeZebraID_IBEIS_PZ_0863,zebra,train,2
GiraffeZebraID_IBEIS_PZ_0864,zebra,train,3
GiraffeZebraID_IBEIS_PZ_0865,zebra,train,2
GiraffeZebraID_IBEIS_PZ_0866,zebra,validation,2
GiraffeZebraID_IBEIS_PZ_0867,zebra,train,5
GiraffeZebraID_IBEIS_PZ_0868,zebra,train,2
GiraffeZebraID_IBEIS_PZ_0869,zebra,train,5
GiraffeZebraID_IBEIS_PZ_0870,zebra,train,4
GiraffeZebraID_IBEIS_PZ_0871,zebra,test,4
GiraffeZebraID_IBEIS_PZ_0872,zebra,test,2
GiraffeZebraID_IBEIS_PZ_0873,zebra,train,6
GiraffeZebraID_IBEIS_PZ_0874,zebra,validation,2
GiraffeZebraID_IBEIS_PZ_0875,zebra,train,18
GiraffeZebraID_IBEIS_PZ_0876,zebra,train,3
GiraffeZebraID_IBEIS_PZ_0877,zebra,train,6
GiraffeZebraID_IBEIS_PZ_0878,zebra,train,10
GiraffeZebraID_IBEIS_PZ_0879,zebra,validation,2
GiraffeZebraID_IBEIS_PZ_0880,zebra,train,2
GiraffeZebraID_IBEIS_PZ_0881,zebra,validation,3
GiraffeZebraID_IBEIS_PZ_0882,zebra,train,2
GiraffeZebraID_IBEIS_PZ_0883,zebra,train,2
GiraffeZebraID_IBEIS_PZ_0884,zebra,train,8
GiraffeZebraID_IBEIS_PZ_0885,zebra,train,11
GiraffeZebraID_IBEIS_PZ_0886,zebra,train,5
GiraffeZebraID_IBEIS_PZ_0887,zebra,validation,2
GiraffeZebraID_IBEIS_PZ_0888,zebra,train,5
GiraffeZebraID_IBEIS_PZ_0889,zebra,validation,2
GiraffeZebraID_IBEIS_PZ_0890,zebra,train,2
GiraffeZebraID_IBEIS_PZ_0891,zebra,train,2
GiraffeZebraID_IBEIS_PZ_0892,zebra,train,2
GiraffeZebraID_IBEIS_PZ_0893,zebra,train,2
GiraffeZebraID_IBEIS_PZ_0894,zebra,train,2
GiraffeZebraID_IBEIS_PZ_0895,zebra,validation,2
GiraffeZebraID_IBEIS_PZ_0896,zebra,validation,5
GiraffeZebraID_IBEIS_PZ_0897,zebra,train,2
GiraffeZebraID_IBEIS_PZ_0898,zebra,train,2
GiraffeZebraID_IBEIS_PZ_0899,zebra,train,1
GiraffeZebraID_IBEIS_PZ_0900,zebra,train,4
GiraffeZebraID_IBEIS_PZ_0901,zebra,test,2
GiraffeZebraID_IBEIS_PZ_0902,zebra,train,9
GiraffeZebraID_IBEIS_PZ_0903,zebra,train,1
GiraffeZebraID_IBEIS_PZ_0904,zebra,train,7
GiraffeZebraID_IBEIS_PZ_0905,zebra,train,6
GiraffeZebraID_IBEIS_PZ_0906,zebra,test,5
GiraffeZebraID_IBEIS_PZ_0907,zebra,test,1
GiraffeZebraID_IBEIS_PZ_0908,zebra,train,2
GiraffeZebraID_IBEIS_PZ_0909,zebra,test,1
GiraffeZebraID_IBEIS_PZ_0910,zebra,train,2
GiraffeZebraID_IBEIS_PZ_0911,zebra,train,2
GiraffeZebraID_IBEIS_PZ_0912,zebra,validation,2
GiraffeZebraID_IBEIS_PZ_0913,zebra,validation,1
GiraffeZebraID_IBEIS_PZ_0914,zebra,train,1
GiraffeZebraID_IBEIS_PZ_0915,zebra,train,1
GiraffeZebraID_IBEIS_PZ_0916,zebra,train,1
GiraffeZebraID_IBEIS_PZ_0917,zebra,train,3
GiraffeZebraID_IBEIS_PZ_0918,zebra,train,1
GiraffeZebraID_IBEIS_PZ_0919,zebra,train,1
GiraffeZebraID_IBEIS_PZ_0920,zebra,train,1
GiraffeZebraID_IBEIS_PZ_0921,zebra,validation,1
GiraffeZebraID_IBEIS_PZ_0922,zebra,train,2
GiraffeZebraID_IBEIS_PZ_0923,zebra,train,1
GiraffeZebraID_IBEIS_PZ_0924,zebra,validation,1
GiraffeZebraID_IBEIS_PZ_0925,zebra,train,1
GiraffeZebraID_IBEIS_PZ_0926,zebra,train,1
GiraffeZebraID_IBEIS_PZ_0927,zebra,test,1
GiraffeZebraID_IBEIS_PZ_0928,zebra,train,2
GiraffeZebraID_IBEIS_PZ_0929,zebra,train,1
GiraffeZebraID_IBEIS_PZ_0930,zebra,train,2
GiraffeZebraID_IBEIS_PZ_0931,zebra,train,1
GiraffeZebraID_IBEIS_PZ_0932,zebra,validation,1
GiraffeZebraID_IBEIS_PZ_0933,zebra,train,6
GiraffeZebraID_IBEIS_PZ_0934,zebra,validation,1
GiraffeZebraID_IBEIS_PZ_0935,zebra,train,1
GiraffeZebraID_IBEIS_PZ_0936,zebra,train,1
GiraffeZebraID_IBEIS_PZ_0937,zebra,train,11
GiraffeZebraID_IBEIS_PZ_0938,zebra,test,1
GiraffeZebraID_IBEIS_PZ_0939,zebra,train,1
GiraffeZebraID_IBEIS_PZ_0940,zebra,train,1
GiraffeZebraID_IBEIS_PZ_0941,zebra,train,3
GiraffeZebraID_IBEIS_PZ_0942,zebra,train,1
GiraffeZebraID_IBEIS_PZ_0943,zebra,validation,1
GiraffeZebraID_IBEIS_PZ_0944,zebra,train,4
GiraffeZebraID_IBEIS_PZ_0945,zebra,train,1
GiraffeZebraID_IBEIS_PZ_0946,zebra,test,2
GiraffeZebraID_IBEIS_PZ_0948,zebra,train,1
GiraffeZebraID_IBEIS_PZ_0949,zebra,validation,1
GiraffeZebraID_IBEIS_PZ_0950,zebra,train,1
GiraffeZebraID_IBEIS_PZ_0951,zebra,train,1
GiraffeZebraID_IBEIS_PZ_0952,zebra,train,1
GiraffeZebraID_IBEIS_PZ_0953,zebra,train,1
GiraffeZebraID_IBEIS_PZ_0954,zebra,test,1
GiraffeZebraID_IBEIS_PZ_0955,zebra,train,6
GiraffeZebraID_IBEIS_PZ_0956,zebra,train,5
GiraffeZebraID_IBEIS_PZ_0957,zebra,validation,1
GiraffeZebraID_IBEIS_PZ_0958,zebra,train,1
GiraffeZebraID_IBEIS_PZ_0959,zebra,train,1
GiraffeZebraID_IBEIS_PZ_0960,zebra,train,1
GiraffeZebraID_IBEIS_PZ_0961,zebra,train,1
GiraffeZebraID_IBEIS_PZ_0962,zebra,train,1
GiraffeZebraID_IBEIS_PZ_0963,zebra,train,1
GiraffeZebraID_IBEIS_PZ_0964,zebra,validation,1
GiraffeZebraID_IBEIS_PZ_0965,zebra,train,1
GiraffeZebraID_IBEIS_PZ_0966,zebra,test,1
GiraffeZebraID_IBEIS_PZ_0967,zebra,train,1
GiraffeZebraID_IBEIS_PZ_0968,zebra,train,1
GiraffeZebraID_IBEIS_PZ_0969,zebra,test,1
GiraffeZebraID_IBEIS_PZ_0970,zebra,train,4
GiraffeZebraID_IBEIS_PZ_0971,zebra,validation,1
GiraffeZebraID_IBEIS_PZ_0972,zebra,validation,1
GiraffeZebraID_IBEIS_PZ_0973,zebra,test,1
GiraffeZebraID_IBEIS_PZ_0974,zebra,train,1
GiraffeZebraID_IBEIS_PZ_0975,zebra,train,1
GiraffeZebraID_IBEIS_PZ_0976,zebra,train,1
GiraffeZebraID_IBEIS_PZ_0977,zebra,train,1
GiraffeZebraID_IBEIS_PZ_0978,zebra,train,1
GiraffeZebraID_IBEIS_PZ_0979,zebra,test,1
GiraffeZebraID_IBEIS_PZ_0980,zebra,train,1
GiraffeZebraID_IBEIS_PZ_0981,zebra,train,1
GiraffeZebraID_IBEIS_PZ_0982,zebra,test,1
GiraffeZebraID_IBEIS_PZ_0983,zebra,train,2
GiraffeZebraID_IBEIS_PZ_0984,zebra,train,1
GiraffeZebraID_IBEIS_PZ_0985,zebra,test,1
GiraffeZebraID_IBEIS_PZ_0986,zebra,train,1
GiraffeZebraID_IBEIS_PZ_0987,zebra,train,1
GiraffeZebraID_IBEIS_PZ_0988,zebra,test,1
GiraffeZebraID_IBEIS_PZ_0989,zebra,train,1
GiraffeZebraID_IBEIS_PZ_0990,zebra,validation,1
GiraffeZebraID_IBEIS_PZ_0991,zebra,train,4
GiraffeZebraID_IBEIS_PZ_0992,zebra,validation,2
GiraffeZebraID_IBEIS_PZ_0993,zebra,train,2
GiraffeZebraID_IBEIS_PZ_0994,zebra,train,2
GiraffeZebraID_IBEIS_PZ_0995,zebra,test,2
GiraffeZebraID_IBEIS_PZ_0996,zebra,train,7
GiraffeZebraID_IBEIS_PZ_0997,zebra,train,4
GiraffeZebraID_IBEIS_PZ_0998,zebra,train,4
GiraffeZebraID_IBEIS_PZ_0999,zebra,train,3
GiraffeZebraID_IBEIS_PZ_1000,zebra,train,2
GiraffeZebraID_IBEIS_PZ_1001,zebra,train,2
GiraffeZebraID_IBEIS_PZ_1002,zebra,validation,6
GiraffeZebraID_IBEIS_PZ_1003,zebra,train,3
GiraffeZebraID_IBEIS_PZ_1004,zebra,validation,2
GiraffeZebraID_IBEIS_PZ_1005,zebra,test,3
GiraffeZebraID_IBEIS_PZ_1006,zebra,test,2
GiraffeZebraID_IBEIS_PZ_1007,zebra,test,1
GiraffeZebraID_IBEIS_PZ_1008,zebra,train,2
GiraffeZebraID_IBEIS_PZ_1009,zebra,train,2
GiraffeZebraID_IBEIS_PZ_1010,zebra,test,3
GiraffeZebraID_IBEIS_PZ_1011,zebra,train,2
GiraffeZebraID_IBEIS_PZ_1012,zebra,train,4
GiraffeZebraID_IBEIS_PZ_1013,zebra,train,1
GiraffeZebraID_IBEIS_PZ_1014,zebra,train,1
GiraffeZebraID_IBEIS_PZ_1015,zebra,validation,2
GiraffeZebraID_IBEIS_PZ_1016,zebra,train,2
GiraffeZebraID_IBEIS_PZ_1017,zebra,train,1
GiraffeZebraID_IBEIS_PZ_1018,zebra,train,2
GiraffeZebraID_IBEIS_PZ_1019,zebra,train,1
GiraffeZebraID_IBEIS_PZ_1020,zebra,validation,1
GiraffeZebraID_IBEIS_PZ_1021,zebra,train,1
GiraffeZebraID_IBEIS_PZ_1022,zebra,train,1
GiraffeZebraID_IBEIS_PZ_1023,zebra,train,1
GiraffeZebraID_IBEIS_PZ_1024,zebra,validation,1
GiraffeZebraID_IBEIS_PZ_1025,zebra,train,1
GiraffeZebraID_IBEIS_PZ_1026,zebra,train,2
GiraffeZebraID_IBEIS_PZ_1027,zebra,validation,1
GiraffeZebraID_IBEIS_PZ_1028,zebra,train,2
GiraffeZebraID_IBEIS_PZ_1029,zebra,train,1
GiraffeZebraID_IBEIS_PZ_1030,zebra,validation,1
GiraffeZebraID_IBEIS_PZ_1031,zebra,test,1
GiraffeZebraID_IBEIS_PZ_1032,zebra,test,1
GiraffeZebraID_IBEIS_PZ_1033,zebra,train,2
GiraffeZebraID_IBEIS_PZ_1034,zebra,validation,1
GiraffeZebraID_IBEIS_PZ_1035,zebra,validation,1
GiraffeZebraID_IBEIS_PZ_1036,zebra,train,1
GiraffeZebraID_IBEIS_PZ_1037,zebra,train,1
GiraffeZebraID_IBEIS_PZ_1038,zebra,train,1
GiraffeZebraID_IBEIS_PZ_1039,zebra,train,1
GiraffeZebraID_IBEIS_PZ_1040,zebra,validation,1
GiraffeZebraID_IBEIS_PZ_1041,zebra,train,1
GiraffeZebraID_IBEIS_PZ_1042,zebra,validation,1
GiraffeZebraID_IBEIS_PZ_1043,zebra,test,1
GiraffeZebraID_IBEIS_PZ_1044,zebra,test,1
GiraffeZebraID_IBEIS_PZ_1045,zebra,train,2
GiraffeZebraID_IBEIS_PZ_1046,zebra,train,1
GiraffeZebraID_IBEIS_PZ_1047,zebra,train,1
GiraffeZebraID_IBEIS_PZ_1048,zebra,train,1
GiraffeZebraID_IBEIS_PZ_1049,zebra,test,1
GiraffeZebraID_IBEIS_PZ_1050,zebra,train,1
GiraffeZebraID_IBEIS_PZ_1051,zebra,train,1
GiraffeZebraID_IBEIS_PZ_1052,zebra,validation,1
GiraffeZebraID_IBEIS_PZ_1053,zebra,test,2
GiraffeZebraID_IBEIS_PZ_1054,zebra,train,1
GiraffeZebraID_IBEIS_PZ_1055,zebra,train,1
GiraffeZebraID_IBEIS_PZ_1056,zebra,train,2
GiraffeZebraID_IBEIS_PZ_1057,zebra,validation,1
GiraffeZebraID_IBEIS_PZ_1058,zebra,test,1
GiraffeZebraID_IBEIS_PZ_1059,zebra,train,2
GiraffeZebraID_IBEIS_PZ_1060,zebra,train,1
GiraffeZebraID_IBEIS_PZ_1061,zebra,train,1
GiraffeZebraID_IBEIS_PZ_1062,zebra,train,1
GiraffeZebraID_IBEIS_PZ_1063,zebra,train,1
GiraffeZebraID_IBEIS_PZ_1064,zebra,test,1
GiraffeZebraID_IBEIS_PZ_1065,zebra,train,1
GiraffeZebraID_IBEIS_PZ_1066,zebra,train,1
GiraffeZebraID_IBEIS_PZ_1067,zebra,train,1
GiraffeZebraID_IBEIS_PZ_1068,zebra,train,1
GiraffeZebraID_IBEIS_PZ_1069,zebra,train,1
GiraffeZebraID_IBEIS_PZ_1070,zebra,train,1
GiraffeZebraID_IBEIS_PZ_1071,zebra,test,1
GiraffeZebraID_IBEIS_PZ_1072,zebra,train,1
GiraffeZebraID_IBEIS_PZ_1073,zebra,train,1
GiraffeZebraID_IBEIS_PZ_1074,zebra,train,2
GiraffeZebraID_IBEIS_PZ_1075,zebra,train,1
GiraffeZebraID_IBEIS_PZ_1076,zebra,train,1
GiraffeZebraID_IBEIS_PZ_1077,zebra,train,1
GiraffeZebraID_IBEIS_PZ_1078,zebra,validation,1
GiraffeZebraID_IBEIS_PZ_1079,zebra,train,1
GiraffeZebraID_IBEIS_PZ_1080,zebra,train,1
GiraffeZebraID_IBEIS_PZ_1081,zebra,train,1
GiraffeZebraID_IBEIS_PZ_1082,zebra,test,1
GiraffeZebraID_IBEIS_PZ_1083,zebra,train,3
GiraffeZebraID_IBEIS_PZ_1084,zebra,train,4
GiraffeZebraID_IBEIS_PZ_1085,zebra,train,1
GiraffeZebraID_IBEIS_PZ_1086,zebra,train,1
GiraffeZebraID_IBEIS_PZ_1087,zebra,train,1
GiraffeZebraID_IBEIS_PZ_1088,zebra,validation,1
GiraffeZebraID_IBEIS_PZ_1089,zebra,validation,1
GiraffeZebraID_IBEIS_PZ_1090,zebra,train,1
GiraffeZebraID_IBEIS_PZ_1091,zebra,train,1
GiraffeZebraID_IBEIS_PZ_1092,zebra,train,1
GiraffeZebraID_IBEIS_PZ_1093,zebra,train,1
GiraffeZebraID_IBEIS_PZ_1094,zebra,test,1
GiraffeZebraID_IBEIS_PZ_1095,zebra,train,1
GiraffeZebraID_IBEIS_PZ_1096,zebra,train,1
GiraffeZebraID_IBEIS_PZ_1097,zebra,validation,1
GiraffeZebraID_IBEIS_PZ_1098,zebra,train,1
GiraffeZebraID_IBEIS_PZ_1099,zebra,train,1
GiraffeZebraID_IBEIS_PZ_1100,zebra,train,2
GiraffeZebraID_IBEIS_PZ_1101,zebra,validation,2
GiraffeZebraID_IBEIS_PZ_1102,zebra,validation,11
GiraffeZebraID_IBEIS_PZ_1103,zebra,validation,6
GiraffeZebraID_IBEIS_PZ_1104,zebra,train,3
GiraffeZebraID_IBEIS_PZ_1105,zebra,train,2
GiraffeZebraID_IBEIS_PZ_1106,zebra,train,2
GiraffeZebraID_IBEIS_PZ_1107,zebra,train,5
GiraffeZebraID_IBEIS_PZ_1108,zebra,test,2
GiraffeZebraID_IBEIS_PZ_1109,zebra,train,9
GiraffeZebraID_IBEIS_PZ_1110,zebra,train,2
GiraffeZebraID_IBEIS_PZ_1111,zebra,train,22
GiraffeZebraID_IBEIS_PZ_1112,zebra,train,4
GiraffeZebraID_IBEIS_PZ_1113,zebra,validation,6
GiraffeZebraID_IBEIS_PZ_1114,zebra,train,2
GiraffeZebraID_IBEIS_PZ_1115,zebra,train,2
GiraffeZebraID_IBEIS_PZ_1116,zebra,train,1
GiraffeZebraID_IBEIS_PZ_1117,zebra,validation,1
GiraffeZebraID_IBEIS_PZ_1118,zebra,train,3
GiraffeZebraID_IBEIS_PZ_1119,zebra,test,1
GiraffeZebraID_IBEIS_PZ_1120,zebra,train,1
GiraffeZebraID_IBEIS_PZ_1121,zebra,train,2
GiraffeZebraID_IBEIS_PZ_1122,zebra,validation,1
GiraffeZebraID_IBEIS_PZ_1123,zebra,train,1
GiraffeZebraID_IBEIS_PZ_1124,zebra,train,1
GiraffeZebraID_IBEIS_PZ_1125,zebra,train,6
GiraffeZebraID_IBEIS_PZ_1126,zebra,test,1
GiraffeZebraID_IBEIS_PZ_1127,zebra,test,1
GiraffeZebraID_IBEIS_PZ_1128,zebra,train,1
GiraffeZebraID_IBEIS_PZ_1129,zebra,train,1
GiraffeZebraID_IBEIS_PZ_1130,zebra,train,1
GiraffeZebraID_IBEIS_PZ_1131,zebra,test,1
GiraffeZebraID_IBEIS_PZ_1132,zebra,test,1
GiraffeZebraID_IBEIS_PZ_1133,zebra,train,1
GiraffeZebraID_IBEIS_PZ_1134,zebra,train,1
GiraffeZebraID_IBEIS_PZ_1135,zebra,train,4
GiraffeZebraID_IBEIS_PZ_1136,zebra,train,1
GiraffeZebraID_IBEIS_PZ_1137,zebra,train,1
GiraffeZebraID_IBEIS_PZ_1138,zebra,train,1
GiraffeZebraID_IBEIS_PZ_1139,zebra,train,1
GiraffeZebraID_IBEIS_PZ_1140,zebra,train,1
GiraffeZebraID_IBEIS_PZ_1141,zebra,train,1
GiraffeZebraID_IBEIS_PZ_1142,zebra,test,1
GiraffeZebraID_IBEIS_PZ_1143,zebra,train,1
GiraffeZebraID_IBEIS_PZ_1144,zebra,train,2
GiraffeZebraID_IBEIS_PZ_1145,zebra,train,1
GiraffeZebraID_IBEIS_PZ_1146,zebra,train,1
GiraffeZebraID_IBEIS_PZ_1147,zebra,train,1
GiraffeZebraID_IBEIS_PZ_1148,zebra,train,1
GiraffeZebraID_IBEIS_PZ_1149,zebra,validation,1
GiraffeZebraID_IBEIS_PZ_1150,zebra,train,1
GiraffeZebraID_IBEIS_PZ_1151,zebra,validation,1
GiraffeZebraID_IBEIS_PZ_1152,zebra,train,1
GiraffeZebraID_IBEIS_PZ_1153,zebra,test,1
GiraffeZebraID_IBEIS_PZ_1154,zebra,validation,1
GiraffeZebraID_IBEIS_PZ_1155,zebra,validation,1
GiraffeZebraID_IBEIS_PZ_1156,zebra,train,1
GiraffeZebraID_IBEIS_PZ_1157,zebra,train,1
GiraffeZebraID_IBEIS_PZ_1158,zebra,train,1
GiraffeZebraID_IBEIS_PZ_1159,zebra,train,1
GiraffeZebraID_IBEIS_PZ_1160,zebra,train,1
GiraffeZebraID_IBEIS_PZ_1161,zebra,train,1
GiraffeZebraID_IBEIS_PZ_1162,zebra,train,3
GiraffeZebraID_IBEIS_PZ_1163,zebra,train,1
GiraffeZebraID_IBEIS_PZ_1164,zebra,test,1
GiraffeZebraID_IBEIS_PZ_1165,zebra,train,1
GiraffeZebraID_IBEIS_PZ_1166,zebra,validation,3
GiraffeZebraID_IBEIS_PZ_1167,zebra,test,2
GiraffeZebraID_IBEIS_PZ_1168,zebra,train,1
GiraffeZebraID_IBEIS_PZ_1169,zebra,validation,1
GiraffeZebraID_IBEIS_PZ_1170,zebra,train,1
GiraffeZebraID_IBEIS_PZ_1171,zebra,train,1
GiraffeZebraID_IBEIS_PZ_1172,zebra,train,1
GiraffeZebraID_IBEIS_PZ_1173,zebra,train,2
GiraffeZebraID_IBEIS_PZ_1174,zebra,validation,1
GiraffeZebraID_IBEIS_PZ_1175,zebra,train,1
GiraffeZebraID_IBEIS_PZ_1176,zebra,train,1
GiraffeZebraID_IBEIS_PZ_1177,zebra,test,5
GiraffeZebraID_IBEIS_PZ_1178,zebra,train,1
GiraffeZebraID_IBEIS_PZ_1179,zebra,train,1
GiraffeZebraID_IBEIS_PZ_1180,zebra,train,1
GiraffeZebraID_IBEIS_PZ_1181,zebra,train,1
GiraffeZebraID_IBEIS_PZ_1182,zebra,train,1
GiraffeZebraID_IBEIS_PZ_1183,zebra,validation,1
GiraffeZebraID_IBEIS_PZ_1184,zebra,train,1
GiraffeZebraID_IBEIS_PZ_1185,zebra,validation,1
GiraffeZebraID_IBEIS_PZ_1186,zebra,validation,1
GiraffeZebraID_IBEIS_PZ_1187,zebra,train,1
GiraffeZebraID_IBEIS_PZ_1188,zebra,train,1
GiraffeZebraID_IBEIS_PZ_1189,zebra,test,1
GiraffeZebraID_IBEIS_PZ_1190,zebra,test,1
GiraffeZebraID_IBEIS_PZ_1191,zebra,train,1
GiraffeZebraID_IBEIS_PZ_1192,zebra,train,1
GiraffeZebraID_IBEIS_PZ_1193,zebra,train,1
GiraffeZebraID_IBEIS_PZ_1194,zebra,validation,1
GiraffeZebraID_IBEIS_PZ_1195,zebra,train,1
GiraffeZebraID_IBEIS_PZ_1196,zebra,train,1
GiraffeZebraID_IBEIS_PZ_1197,zebra,train,1
GiraffeZebraID_IBEIS_PZ_1198,zebra,train,1
GiraffeZebraID_IBEIS_PZ_1199,zebra,validation,1
GiraffeZebraID_IBEIS_PZ_1200,zebra,train,1
GiraffeZebraID_IBEIS_PZ_1201,zebra,test,1
GiraffeZebraID_IBEIS_PZ_1202,zebra,train,1
GiraffeZebraID_IBEIS_PZ_1203,zebra,train,1
GiraffeZebraID_IBEIS_PZ_1204,zebra,test,2
GiraffeZebraID_IBEIS_PZ_1205,zebra,train,3
GiraffeZebraID_IBEIS_PZ_1206,zebra,train,2
GiraffeZebraID_IBEIS_PZ_1207,zebra,train,2
GiraffeZebraID_IBEIS_PZ_1208,zebra,train,2
GiraffeZebraID_IBEIS_PZ_1209,zebra,train,2
GiraffeZebraID_IBEIS_PZ_1210,zebra,train,2
GiraffeZebraID_IBEIS_PZ_1211,zebra,test,4
GiraffeZebraID_IBEIS_PZ_1212,zebra,train,10
GiraffeZebraID_IBEIS_PZ_1213,zebra,train,3
GiraffeZebraID_IBEIS_PZ_1214,zebra,train,7
GiraffeZebraID_IBEIS_PZ_1215,zebra,train,12
GiraffeZebraID_IBEIS_PZ_1216,zebra,train,19
GiraffeZebraID_IBEIS_PZ_1217,zebra,train,4
GiraffeZebraID_IBEIS_PZ_1218,zebra,train,2
GiraffeZebraID_IBEIS_PZ_1219,zebra,validation,11
GiraffeZebraID_IBEIS_PZ_1220,zebra,train,6
GiraffeZebraID_IBEIS_PZ_1221,zebra,test,9
GiraffeZebraID_IBEIS_PZ_1222,zebra,train,9
GiraffeZebraID_IBEIS_PZ_1223,zebra,train,7
GiraffeZebraID_IBEIS_PZ_1224,zebra,train,10
GiraffeZebraID_IBEIS_PZ_1225,zebra,train,9
GiraffeZebraID_IBEIS_PZ_1226,zebra,validation,13
GiraffeZebraID_IBEIS_PZ_1227,zebra,train,9
GiraffeZebraID_IBEIS_PZ_1228,zebra,test,19
GiraffeZebraID_IBEIS_PZ_1229,zebra,train,10
GiraffeZebraID_IBEIS_PZ_1230,zebra,train,10
GiraffeZebraID_IBEIS_PZ_1231,zebra,train,9
GiraffeZebraID_IBEIS_PZ_1232,zebra,validation,5
GiraffeZebraID_IBEIS_PZ_1233,zebra,train,6
GiraffeZebraID_IBEIS_PZ_1234,zebra,train,9
GiraffeZebraID_IBEIS_PZ_1235,zebra,train,13
GiraffeZebraID_IBEIS_PZ_1236,zebra,test,4
GiraffeZebraID_IBEIS_PZ_1237,zebra,train,6
GiraffeZebraID_IBEIS_PZ_1238,zebra,train,6
GiraffeZebraID_IBEIS_PZ_1239,zebra,train,7
GiraffeZebraID_IBEIS_PZ_1240,zebra,train,12
GiraffeZebraID_IBEIS_PZ_1241,zebra,train,9
GiraffeZebraID_IBEIS_PZ_1242,zebra,test,8
GiraffeZebraID_IBEIS_PZ_1243,zebra,validation,5
GiraffeZebraID_IBEIS_PZ_1244,zebra,test,2
GiraffeZebraID_IBEIS_PZ_1245,zebra,train,6
GiraffeZebraID_IBEIS_PZ_1246,zebra,validation,9
GiraffeZebraID_IBEIS_PZ_1247,zebra,validation,5
GiraffeZebraID_IBEIS_PZ_1248,zebra,train,14
GiraffeZebraID_IBEIS_PZ_1249,zebra,train,3
GiraffeZebraID_IBEIS_PZ_1250,zebra,train,22
GiraffeZebraID_IBEIS_PZ_1251,zebra,train,3
GiraffeZebraID_IBEIS_PZ_1252,zebra,validation,2
GiraffeZebraID_IBEIS_PZ_1253,zebra,train,10
GiraffeZebraID_IBEIS_PZ_1254,zebra,validation,14
GiraffeZebraID_IBEIS_PZ_1255,zebra,train,12
GiraffeZebraID_IBEIS_PZ_1256,zebra,validation,3
GiraffeZebraID_IBEIS_PZ_1257,zebra,train,4
GiraffeZebraID_IBEIS_PZ_1258,zebra,train,2
GiraffeZebraID_IBEIS_PZ_1259,zebra,train,9
GiraffeZebraID_IBEIS_PZ_1260,zebra,train,15
GiraffeZebraID_IBEIS_PZ_1261,zebra,train,12
GiraffeZebraID_IBEIS_PZ_1262,zebra,validation,15
GiraffeZebraID_IBEIS_PZ_1263,zebra,test,2
GiraffeZebraID_IBEIS_PZ_1264,zebra,train,10
GiraffeZebraID_IBEIS_PZ_1265,zebra,test,3
GiraffeZebraID_IBEIS_PZ_1266,zebra,train,13
GiraffeZebraID_IBEIS_PZ_1267,zebra,train,14
GiraffeZebraID_IBEIS_PZ_1268,zebra,train,16
GiraffeZebraID_IBEIS_PZ_1269,zebra,train,4
GiraffeZebraID_IBEIS_PZ_1270,zebra,train,1
GiraffeZebraID_IBEIS_PZ_1271,zebra,train,1
GiraffeZebraID_IBEIS_PZ_1272,zebra,train,5
GiraffeZebraID_IBEIS_PZ_1273,zebra,test,17
GiraffeZebraID_IBEIS_PZ_1274,zebra,test,10
GiraffeZebraID_IBEIS_PZ_1275,zebra,test,20
GiraffeZebraID_IBEIS_PZ_1276,zebra,validation,17
GiraffeZebraID_IBEIS_PZ_1277,zebra,train,13
GiraffeZebraID_IBEIS_PZ_1278,zebra,train,15
GiraffeZebraID_IBEIS_PZ_1279,zebra,train,11
GiraffeZebraID_IBEIS_PZ_1280,zebra,test,6
GiraffeZebraID_IBEIS_PZ_1281,zebra,train,20
GiraffeZebraID_IBEIS_PZ_1282,zebra,train,13
GiraffeZebraID_IBEIS_PZ_1283,zebra,test,18
GiraffeZebraID_IBEIS_PZ_1284,zebra,validation,3
GiraffeZebraID_IBEIS_PZ_1285,zebra,train,12
GiraffeZebraID_IBEIS_PZ_1286,zebra,test,14
GiraffeZebraID_IBEIS_PZ_1287,zebra,train,20
GiraffeZebraID_IBEIS_PZ_1288,zebra,train,21
GiraffeZebraID_IBEIS_PZ_1289,zebra,train,11
GiraffeZebraID_IBEIS_PZ_1290,zebra,train,14
GiraffeZebraID_IBEIS_PZ_1291,zebra,train,10
GiraffeZebraID_IBEIS_PZ_1292,zebra,validation,1
GiraffeZebraID_IBEIS_PZ_1293,zebra,validation,18
GiraffeZebraID_IBEIS_PZ_1294,zebra,train,15
GiraffeZebraID_IBEIS_PZ_1295,zebra,train,2
GiraffeZebraID_IBEIS_PZ_1296,zebra,validation,1
GiraffeZebraID_IBEIS_PZ_1298,zebra,validation,2
GiraffeZebraID_IBEIS_PZ_1299,zebra,train,1
GiraffeZebraID_IBEIS_PZ_1300,zebra,test,1
GiraffeZebraID_IBEIS_PZ_1301,zebra,train,1
GiraffeZebraID_IBEIS_PZ_1302,zebra,train,1
GiraffeZebraID_IBEIS_PZ_1304,zebra,train,1
GiraffeZebraID_IBEIS_PZ_1305,zebra,train,1
GiraffeZebraID_IBEIS_PZ_1306,zebra,train,1
GiraffeZebraID_IBEIS_PZ_1308,zebra,train,1
GiraffeZebraID_IBEIS_PZ_1309,zebra,validation,1
GiraffeZebraID_IBEIS_PZ_1310,zebra,train,1
GiraffeZebraID_IBEIS_PZ_1311,zebra,test,1
GiraffeZebraID_IBEIS_PZ_1312,zebra,train,1
GiraffeZebraID_IBEIS_PZ_1314,zebra,test,1
GiraffeZebraID_IBEIS_PZ_1315,zebra,train,1
GiraffeZebraID_IBEIS_PZ_1316,zebra,train,1
GiraffeZebraID_IBEIS_PZ_1317,zebra,train,1
GiraffeZebraID_IBEIS_PZ_1318,zebra,test,7
GiraffeZebraID_IBEIS_PZ_1319,zebra,train,1
GiraffeZebraID_IBEIS_PZ_1320,zebra,train,1
GiraffeZebraID_IBEIS_PZ_1321,zebra,validation,1
GiraffeZebraID_IBEIS_PZ_1322,zebra,train,1
GiraffeZebraID_IBEIS_PZ_1323,zebra,train,1
GiraffeZebraID_IBEIS_PZ_1324,zebra,train,1
GiraffeZebraID_IBEIS_PZ_1325,zebra,train,1
GiraffeZebraID_IBEIS_PZ_1326,zebra,train,1
GiraffeZebraID_IBEIS_PZ_1327,zebra,train,1
GiraffeZebraID_IBEIS_PZ_1328,zebra,train,1
GiraffeZebraID_IBEIS_PZ_1329,zebra,train,1
GiraffeZebraID_IBEIS_PZ_1330,zebra,train,1
GiraffeZebraID_IBEIS_PZ_1331,zebra,validation,2
GiraffeZebraID_IBEIS_PZ_1332,zebra,train,2
GiraffeZebraID_IBEIS_PZ_1333,zebra,validation,2
GiraffeZebraID_IBEIS_PZ_1334,zebra,train,1
GiraffeZebraID_IBEIS_PZ_1335,zebra,train,1
GiraffeZebraID_IBEIS_PZ_1336,zebra,validation,1
GiraffeZebraID_IBEIS_PZ_1337,zebra,train,1
GiraffeZebraID_IBEIS_PZ_1338,zebra,train,1
GiraffeZebraID_IBEIS_PZ_1339,zebra,train,5
GiraffeZebraID_IBEIS_PZ_1340,zebra,train,1
GiraffeZebraID_IBEIS_PZ_1341,zebra,train,1
GiraffeZebraID_IBEIS_PZ_1342,zebra,test,1
GiraffeZebraID_IBEIS_PZ_1343,zebra,train,3
GiraffeZebraID_IBEIS_PZ_1344,zebra,validation,1
GiraffeZebraID_IBEIS_PZ_1345,zebra,train,1
GiraffeZebraID_IBEIS_PZ_1346,zebra,test,1
GiraffeZebraID_IBEIS_PZ_1347,zebra,train,5
GiraffeZebraID_IBEIS_PZ_1348,zebra,validation,4
GiraffeZebraID_IBEIS_PZ_1349,zebra,train,1
GiraffeZebraID_IBEIS_PZ_1350,zebra,train,10
GiraffeZebraID_IBEIS_PZ_1351,zebra,train,7
GiraffeZebraID_IBEIS_PZ_1352,zebra,train,5
GiraffeZebraID_IBEIS_PZ_1353,zebra,train,7
GiraffeZebraID_IBEIS_PZ_1354,zebra,train,4
GiraffeZebraID_IBEIS_PZ_1355,zebra,train,4
GiraffeZebraID_IBEIS_PZ_1356,zebra,train,1
GiraffeZebraID_IBEIS_PZ_1357,zebra,validation,2
GiraffeZebraID_IBEIS_PZ_1358,zebra,train,2
GiraffeZebraID_IBEIS_PZ_1359,zebra,train,7
GiraffeZebraID_IBEIS_PZ_1360,zebra,train,1
GiraffeZebraID_IBEIS_PZ_1361,zebra,test,1
GiraffeZebraID_IBEIS_PZ_1362,zebra,validation,8
GiraffeZebraID_IBEIS_PZ_1363,zebra,train,1
GiraffeZebraID_IBEIS_PZ_1364,zebra,train,1
GiraffeZebraID_IBEIS_PZ_1365,zebra,train,10
GiraffeZebraID_IBEIS_PZ_1366,zebra,train,11
GiraffeZebraID_IBEIS_PZ_1367,zebra,train,10
GiraffeZebraID_IBEIS_PZ_1368,zebra,validation,3
GiraffeZebraID_IBEIS_PZ_1369,zebra,train,2
GiraffeZebraID_IBEIS_PZ_1370,zebra,train,3
GiraffeZebraID_IBEIS_PZ_1371,zebra,train,3
GiraffeZebraID_IBEIS_PZ_1372,zebra,train,2
GiraffeZebraID_IBEIS_PZ_1373,zebra,validation,3
GiraffeZebraID_IBEIS_PZ_1374,zebra,test,2
GiraffeZebraID_IBEIS_PZ_1375,zebra,test,2
GiraffeZebraID_IBEIS_PZ_1376,zebra,validation,2
GiraffeZebraID_IBEIS_PZ_1377,zebra,train,2
GiraffeZebraID_IBEIS_PZ_1378,zebra,train,8
GiraffeZebraID_IBEIS_PZ_1379,zebra,train,3
GiraffeZebraID_IBEIS_PZ_1380,zebra,train,2
GiraffeZebraID_IBEIS_PZ_1381,zebra,validation,3
GiraffeZebraID_IBEIS_PZ_1382,zebra,train,12
GiraffeZebraID_IBEIS_PZ_1383,zebra,train,3
GiraffeZebraID_IBEIS_PZ_1384,zebra,train,3
GiraffeZebraID_IBEIS_PZ_1385,zebra,train,2
GiraffeZebraID_IBEIS_PZ_1386,zebra,test,12
GiraffeZebraID_IBEIS_PZ_1387,zebra,train,16
GiraffeZebraID_IBEIS_PZ_1388,zebra,train,2
GiraffeZebraID_IBEIS_PZ_1389,zebra,train,2
GiraffeZebraID_IBEIS_PZ_1390,zebra,train,1
GiraffeZebraID_IBEIS_PZ_1391,zebra,validation,1
GiraffeZebraID_IBEIS_PZ_1392,zebra,train,1
GiraffeZebraID_IBEIS_PZ_1393,zebra,train,1
GiraffeZebraID_IBEIS_PZ_1394,zebra,train,1
GiraffeZebraID_IBEIS_PZ_1395,zebra,validation,1
GiraffeZebraID_IBEIS_PZ_1396,zebra,train,1
GiraffeZebraID_IBEIS_PZ_1397,zebra,train,1
GiraffeZebraID_IBEIS_PZ_1398,zebra,train,1
GiraffeZebraID_IBEIS_PZ_1399,zebra,train,1
GiraffeZebraID_IBEIS_PZ_1400,zebra,train,3
GiraffeZebraID_IBEIS_PZ_1401,zebra,test,10
GiraffeZebraID_IBEIS_PZ_1402,zebra,test,8
GiraffeZebraID_IBEIS_PZ_1403,zebra,test,5
GiraffeZebraID_IBEIS_PZ_1404,zebra,test,2
GiraffeZebraID_IBEIS_PZ_1405,zebra,validation,3
GiraffeZebraID_IBEIS_PZ_1406,zebra,train,1
GiraffeZebraID_IBEIS_PZ_1407,zebra,train,1
GiraffeZebraID_IBEIS_PZ_1408,zebra,train,4
GiraffeZebraID_IBEIS_PZ_1409,zebra,test,1
GiraffeZebraID_IBEIS_PZ_1410,zebra,train,1
GiraffeZebraID_IBEIS_PZ_1411,zebra,test,1
GiraffeZebraID_IBEIS_PZ_1412,zebra,train,1
GiraffeZebraID_IBEIS_PZ_1413,zebra,test,20
GiraffeZebraID_IBEIS_PZ_1414,zebra,train,1
GiraffeZebraID_IBEIS_PZ_1415,zebra,train,2
GiraffeZebraID_IBEIS_PZ_1416,zebra,test,4
GiraffeZebraID_IBEIS_PZ_1417,zebra,test,1
GiraffeZebraID_IBEIS_PZ_1418,zebra,validation,1
GiraffeZebraID_IBEIS_PZ_1419,zebra,train,1
GiraffeZebraID_IBEIS_PZ_1420,zebra,train,1
GiraffeZebraID_IBEIS_PZ_1421,zebra,train,17
GiraffeZebraID_IBEIS_PZ_1422,zebra,train,1
GiraffeZebraID_IBEIS_PZ_1423,zebra,train,2
GiraffeZebraID_IBEIS_PZ_1424,zebra,train,22
GiraffeZebraID_IBEIS_PZ_1425,zebra,validation,3
GiraffeZebraID_IBEIS_PZ_1426,zebra,train,3
GiraffeZebraID_IBEIS_PZ_1427,zebra,train,1
GiraffeZebraID_IBEIS_PZ_1428,zebra,test,2
GiraffeZebraID_IBEIS_PZ_1429,zebra,train,10
GiraffeZebraID_IBEIS_PZ_1430,zebra,train,1
GiraffeZebraID_IBEIS_PZ_1431,zebra,validation,6
GiraffeZebraID_IBEIS_PZ_1432,zebra,train,2
GiraffeZebraID_IBEIS_PZ_1433,zebra,validation,1
GiraffeZebraID_IBEIS_PZ_1434,zebra,test,1
GiraffeZebraID_IBEIS_PZ_1435,zebra,train,1
GiraffeZebraID_IBEIS_PZ_1436,zebra,test,1
GiraffeZebraID_IBEIS_PZ_1437,zebra,test,1
GiraffeZebraID_IBEIS_PZ_1438,zebra,validation,1
GiraffeZebraID_IBEIS_PZ_1439,zebra,train,1
GiraffeZebraID_IBEIS_PZ_1440,zebra,test,1
GiraffeZebraID_IBEIS_PZ_1441,zebra,train,1
GiraffeZebraID_IBEIS_PZ_1442,zebra,train,17
GiraffeZebraID_IBEIS_PZ_1443,zebra,test,2
GiraffeZebraID_IBEIS_PZ_1444,zebra,train,11
GiraffeZebraID_IBEIS_PZ_1445,zebra,train,10
GiraffeZebraID_IBEIS_PZ_1446,zebra,train,5
GiraffeZebraID_IBEIS_PZ_1447,zebra,train,16
GiraffeZebraID_IBEIS_PZ_1448,zebra,validation,16
GiraffeZebraID_IBEIS_PZ_1449,zebra,validation,4
GiraffeZebraID_IBEIS_PZ_1450,zebra,train,4
GiraffeZebraID_IBEIS_PZ_1451,zebra,train,1
GiraffeZebraID_IBEIS_PZ_1452,zebra,train,1
GiraffeZebraID_IBEIS_PZ_1453,zebra,train,1
GiraffeZebraID_IBEIS_PZ_1454,zebra,train,1
GiraffeZebraID_IBEIS_PZ_1455,zebra,test,2
GiraffeZebraID_IBEIS_PZ_1456,zebra,train,1
GiraffeZebraID_IBEIS_PZ_1457,zebra,train,1
GiraffeZebraID_IBEIS_PZ_1458,zebra,validation,1
GiraffeZebraID_IBEIS_PZ_1459,zebra,train,1
GiraffeZebraID_IBEIS_PZ_1460,zebra,train,1
GiraffeZebraID_IBEIS_PZ_1461,zebra,train,1
GiraffeZebraID_IBEIS_PZ_1462,zebra,train,2
GiraffeZebraID_IBEIS_PZ_1463,zebra,validation,1
GiraffeZebraID_IBEIS_PZ_1464,zebra,train,2
GiraffeZebraID_IBEIS_PZ_1465,zebra,train,1
GiraffeZebraID_IBEIS_PZ_1466,zebra,validation,1
GiraffeZebraID_IBEIS_PZ_1467,zebra,train,1
GiraffeZebraID_IBEIS_PZ_1468,zebra,validation,1
GiraffeZebraID_IBEIS_PZ_1469,zebra,train,1
GiraffeZebraID_IBEIS_PZ_1470,zebra,train,1
GiraffeZebraID_IBEIS_PZ_1471,zebra,validation,1
GiraffeZebraID_IBEIS_PZ_1472,zebra,train,1
GiraffeZebraID_IBEIS_PZ_1473,zebra,train,1
GiraffeZebraID_IBEIS_PZ_1474,zebra,validation,1
GiraffeZebraID_IBEIS_PZ_1475,zebra,train,1
GiraffeZebraID_IBEIS_PZ_1476,zebra,train,1
GiraffeZebraID_IBEIS_PZ_1477,zebra,train,1
GiraffeZebraID_IBEIS_PZ_1478,zebra,train,1
GiraffeZebraID_IBEIS_PZ_1479,zebra,train,1
GiraffeZebraID_IBEIS_PZ_1480,zebra,validation,1
GiraffeZebraID_IBEIS_PZ_1481,zebra,test,1
GiraffeZebraID_IBEIS_PZ_1482,zebra,train,1
GiraffeZebraID_IBEIS_PZ_1483,zebra,test,1
GiraffeZebraID_IBEIS_PZ_1484,zebra,train,1
GiraffeZebraID_IBEIS_PZ_1485,zebra,test,1
GiraffeZebraID_IBEIS_PZ_1486,zebra,train,1
GiraffeZebraID_IBEIS_PZ_1487,zebra,train,1
GiraffeZebraID_IBEIS_PZ_1488,zebra,train,1
GiraffeZebraID_IBEIS_PZ_1489,zebra,validation,1
GiraffeZebraID_IBEIS_PZ_1490,zebra,train,1
GiraffeZebraID_IBEIS_PZ_1491,zebra,train,2
GiraffeZebraID_IBEIS_PZ_1492,zebra,test,1
GiraffeZebraID_IBEIS_PZ_1493,zebra,validation,1
GiraffeZebraID_IBEIS_PZ_1494,zebra,validation,2
GiraffeZebraID_IBEIS_PZ_1495,zebra,train,3
GiraffeZebraID_IBEIS_PZ_1496,zebra,train,3
GiraffeZebraID_IBEIS_PZ_1497,zebra,validation,3
GiraffeZebraID_IBEIS_PZ_1498,zebra,test,2
GiraffeZebraID_IBEIS_PZ_1499,zebra,train,1
GiraffeZebraID_IBEIS_PZ_1500,zebra,test,1
GiraffeZebraID_IBEIS_PZ_1501,zebra,test,1
GiraffeZebraID_IBEIS_PZ_1502,zebra,train,1
GiraffeZebraID_IBEIS_PZ_1503,zebra,train,1
GiraffeZebraID_IBEIS_PZ_1504,zebra,test,1
GiraffeZebraID_IBEIS_PZ_1505,zebra,validation,1
GiraffeZebraID_IBEIS_PZ_1506,zebra,train,1
GiraffeZebraID_IBEIS_PZ_1507,zebra,train,1
GiraffeZebraID_IBEIS_PZ_1508,zebra,test,1
GiraffeZebraID_IBEIS_PZ_1509,zebra,train,1
GiraffeZebraID_IBEIS_PZ_1510,zebra,train,1
GiraffeZebraID_IBEIS_PZ_1511,zebra,train,1
GiraffeZebraID_IBEIS_PZ_1512,zebra,test,5
GiraffeZebraID_IBEIS_PZ_1513,zebra,train,1
GiraffeZebraID_IBEIS_PZ_1514,zebra,train,1
GiraffeZebraID_IBEIS_PZ_1515,zebra,train,1
GiraffeZebraID_IBEIS_PZ_1516,zebra,train,1
GiraffeZebraID_IBEIS_PZ_1517,zebra,train,1
GiraffeZebraID_IBEIS_PZ_1518,zebra,test,1
GiraffeZebraID_IBEIS_PZ_1519,zebra,validation,1
GiraffeZebraID_IBEIS_PZ_1520,zebra,train,1
GiraffeZebraID_IBEIS_PZ_1521,zebra,train,1
GiraffeZebraID_IBEIS_PZ_1522,zebra,train,1
GiraffeZebraID_IBEIS_PZ_1523,zebra,train,1
GiraffeZebraID_IBEIS_PZ_1524,zebra,train,1
GiraffeZebraID_IBEIS_PZ_1525,zebra,train,1
GiraffeZebraID_IBEIS_PZ_1526,zebra,train,18
GiraffeZebraID_IBEIS_PZ_1527,zebra,train,2
GiraffeZebraID_IBEIS_PZ_1528,zebra,train,2
GiraffeZebraID_IBEIS_PZ_1529,zebra,train,3
GiraffeZebraID_IBEIS_PZ_1530,zebra,train,3
GiraffeZebraID_IBEIS_PZ_1531,zebra,validation,3
GiraffeZebraID_IBEIS_PZ_1532,zebra,train,1
GiraffeZebraID_IBEIS_PZ_1533,zebra,train,1
GiraffeZebraID_IBEIS_PZ_1534,zebra,train,1
GiraffeZebraID_IBEIS_PZ_1535,zebra,train,1
GiraffeZebraID_IBEIS_PZ_1536,zebra,train,2
GiraffeZebraID_IBEIS_PZ_1537,zebra,validation,6
GiraffeZebraID_IBEIS_PZ_1538,zebra,train,1
GiraffeZebraID_IBEIS_PZ_1539,zebra,train,1
GiraffeZebraID_IBEIS_PZ_1540,zebra,test,1
GiraffeZebraID_IBEIS_PZ_1541,zebra,train,1
GiraffeZebraID_IBEIS_PZ_1542,zebra,train,7
GiraffeZebraID_IBEIS_PZ_1543,zebra,train,3
GiraffeZebraID_IBEIS_PZ_1544,zebra,train,4
GiraffeZebraID_IBEIS_PZ_1545,zebra,train,6
GiraffeZebraID_IBEIS_PZ_1546,zebra,train,3
GiraffeZebraID_IBEIS_PZ_1547,zebra,train,6
GiraffeZebraID_IBEIS_PZ_1548,zebra,validation,2
GiraffeZebraID_IBEIS_PZ_1549,zebra,validation,2
GiraffeZebraID_IBEIS_PZ_1550,zebra,train,3
GiraffeZebraID_IBEIS_PZ_1551,zebra,train,5
GiraffeZebraID_IBEIS_PZ_1552,zebra,validation,2
GiraffeZebraID_IBEIS_PZ_1553,zebra,train,7
GiraffeZebraID_IBEIS_PZ_1554,zebra,train,2
GiraffeZebraID_IBEIS_PZ_1555,zebra,train,3
GiraffeZebraID_IBEIS_PZ_1556,zebra,train,1
GiraffeZebraID_IBEIS_PZ_1557,zebra,test,1
GiraffeZebraID_IBEIS_PZ_1558,zebra,train,1
GiraffeZebraID_IBEIS_PZ_1559,zebra,train,2
GiraffeZebraID_IBEIS_PZ_1560,zebra,train,1
GiraffeZebraID_IBEIS_PZ_1561,zebra,train,4
GiraffeZebraID_IBEIS_PZ_1562,zebra,train,2
GiraffeZebraID_IBEIS_PZ_1563,zebra,train,1
GiraffeZebraID_IBEIS_PZ_1564,zebra,train,2
GiraffeZebraID_IBEIS_PZ_1565,zebra,train,2
GiraffeZebraID_IBEIS_PZ_1566,zebra,validation,3
GiraffeZebraID_IBEIS_PZ_1567,zebra,train,6
GiraffeZebraID_IBEIS_PZ_1568,zebra,train,2
GiraffeZebraID_IBEIS_PZ_1569,zebra,train,1
GiraffeZebraID_IBEIS_PZ_1570,zebra,train,2
GiraffeZebraID_IBEIS_PZ_1571,zebra,test,1
GiraffeZebraID_IBEIS_PZ_1572,zebra,train,1
GiraffeZebraID_IBEIS_PZ_1573,zebra,train,12
GiraffeZebraID_IBEIS_PZ_1574,zebra,validation,1
GiraffeZebraID_IBEIS_PZ_1575,zebra,train,1
GiraffeZebraID_IBEIS_PZ_1576,zebra,train,1
GiraffeZebraID_IBEIS_PZ_1577,zebra,train,1
GiraffeZebraID_IBEIS_PZ_1578,zebra,train,1
GiraffeZebraID_IBEIS_PZ_1579,zebra,train,1
GiraffeZebraID_IBEIS_PZ_1580,zebra,test,1
GiraffeZebraID_IBEIS_PZ_1581,zebra,train,1
GiraffeZebraID_IBEIS_PZ_1582,zebra,train,1
GiraffeZebraID_IBEIS_PZ_1583,zebra,train,12
GiraffeZebraID_IBEIS_PZ_1584,zebra,validation,14
GiraffeZebraID_IBEIS_PZ_1585,zebra,validation,2
GiraffeZebraID_IBEIS_PZ_1586,zebra,train,13
GiraffeZebraID_IBEIS_PZ_1587,zebra,validation,10
GiraffeZebraID_IBEIS_PZ_1588,zebra,test,8
GiraffeZebraID_IBEIS_PZ_1589,zebra,train,4
GiraffeZebraID_IBEIS_PZ_1590,zebra,validation,10
GiraffeZebraID_IBEIS_PZ_1591,zebra,test,4
GiraffeZebraID_IBEIS_PZ_1592,zebra,train,10
GiraffeZebraID_IBEIS_PZ_1593,zebra,train,6
GiraffeZebraID_IBEIS_PZ_1594,zebra,train,28
GiraffeZebraID_IBEIS_PZ_1595,zebra,train,11
GiraffeZebraID_IBEIS_PZ_1596,zebra,test,8
GiraffeZebraID_IBEIS_PZ_1597,zebra,validation,2
GiraffeZebraID_IBEIS_PZ_1598,zebra,test,7
GiraffeZebraID_IBEIS_PZ_1599,zebra,train,10
GiraffeZebraID_IBEIS_PZ_1600,zebra,train,3
GiraffeZebraID_IBEIS_PZ_1601,zebra,train,6
GiraffeZebraID_IBEIS_PZ_1602,zebra,train,24
GiraffeZebraID_IBEIS_PZ_1603,zebra,train,12
GiraffeZebraID_IBEIS_PZ_1604,zebra,test,4
GiraffeZebraID_IBEIS_PZ_1605,zebra,train,2
GiraffeZebraID_IBEIS_PZ_1606,zebra,train,2
GiraffeZebraID_IBEIS_PZ_1607,zebra,validation,7
GiraffeZebraID_IBEIS_PZ_1608,zebra,train,8
GiraffeZebraID_IBEIS_PZ_1609,zebra,test,11
GiraffeZebraID_IBEIS_PZ_1610,zebra,validation,4
GiraffeZebraID_IBEIS_PZ_1611,zebra,test,3
GiraffeZebraID_IBEIS_PZ_1612,zebra,train,14
GiraffeZebraID_IBEIS_PZ_1613,zebra,test,1
GiraffeZebraID_IBEIS_PZ_1614,zebra,train,8
GiraffeZebraID_IBEIS_PZ_1615,zebra,train,2
GiraffeZebraID_IBEIS_PZ_1616,zebra,train,1
GiraffeZebraID_IBEIS_PZ_1617,zebra,test,1
GiraffeZebraID_IBEIS_PZ_1618,zebra,train,1
GiraffeZebraID_IBEIS_PZ_1619,zebra,train,3
GiraffeZebraID_IBEIS_PZ_1620,zebra,train,7
GiraffeZebraID_IBEIS_PZ_1621,zebra,train,1
GiraffeZebraID_IBEIS_PZ_1622,zebra,train,1
GiraffeZebraID_IBEIS_PZ_1623,zebra,train,1
GiraffeZebraID_IBEIS_PZ_1624,zebra,train,1
GiraffeZebraID_IBEIS_PZ_1625,zebra,train,1
GiraffeZebraID_IBEIS_PZ_1626,zebra,train,1
GiraffeZebraID_IBEIS_PZ_1627,zebra,train,1
GiraffeZebraID_IBEIS_PZ_1628,zebra,train,1
GiraffeZebraID_IBEIS_PZ_1629,zebra,test,1
GiraffeZebraID_IBEIS_PZ_1630,zebra,validation,1
GiraffeZebraID_IBEIS_PZ_1631,zebra,train,5
GiraffeZebraID_IBEIS_PZ_1632,zebra,validation,1
GiraffeZebraID_IBEIS_PZ_1633,zebra,train,1
GiraffeZebraID_IBEIS_PZ_1634,zebra,validation,1
GiraffeZebraID_IBEIS_PZ_1635,zebra,train,1
GiraffeZebraID_IBEIS_PZ_1636,zebra,train,1
GiraffeZebraID_IBEIS_PZ_1637,zebra,validation,9
GiraffeZebraID_IBEIS_PZ_1638,zebra,train,2
GiraffeZebraID_IBEIS_PZ_1639,zebra,train,1
GiraffeZebraID_IBEIS_PZ_1640,zebra,train,1
GiraffeZebraID_IBEIS_PZ_1641,zebra,validation,1
GiraffeZebraID_IBEIS_PZ_1642,zebra,train,1
GiraffeZebraID_IBEIS_PZ_1643,zebra,validation,1
GiraffeZebraID_IBEIS_PZ_1644,zebra,test,1
GiraffeZebraID_IBEIS_PZ_1645,zebra,train,1
GiraffeZebraID_IBEIS_PZ_1646,zebra,train,1
GiraffeZebraID_IBEIS_PZ_1647,zebra,train,1
GiraffeZebraID_IBEIS_PZ_1648,zebra,train,16
GiraffeZebraID_IBEIS_PZ_1649,zebra,train,1
GiraffeZebraID_IBEIS_PZ_1650,zebra,test,1
GiraffeZebraID_IBEIS_PZ_1651,zebra,train,1
GiraffeZebraID_IBEIS_PZ_1652,zebra,train,2
GiraffeZebraID_IBEIS_PZ_1653,zebra,train,1
GiraffeZebraID_IBEIS_PZ_1654,zebra,train,1
GiraffeZebraID_IBEIS_PZ_1655,zebra,train,3
GiraffeZebraID_IBEIS_PZ_1656,zebra,test,1
GiraffeZebraID_IBEIS_PZ_1657,zebra,train,1
GiraffeZebraID_IBEIS_PZ_1658,zebra,validation,2
GiraffeZebraID_IBEIS_PZ_1659,zebra,train,10
GiraffeZebraID_IBEIS_PZ_1660,zebra,validation,2
GiraffeZebraID_IBEIS_PZ_1661,zebra,validation,5
GiraffeZebraID_IBEIS_PZ_1662,zebra,validation,5
GiraffeZebraID_IBEIS_PZ_1663,zebra,train,4
GiraffeZebraID_IBEIS_PZ_1664,zebra,train,4
GiraffeZebraID_IBEIS_PZ_1665,zebra,validation,5
GiraffeZebraID_IBEIS_PZ_1666,zebra,train,5
GiraffeZebraID_IBEIS_PZ_1667,zebra,test,3
GiraffeZebraID_IBEIS_PZ_1668,zebra,train,2
GiraffeZebraID_IBEIS_PZ_1669,zebra,train,5
GiraffeZebraID_IBEIS_PZ_1670,zebra,test,2
GiraffeZebraID_IBEIS_PZ_1671,zebra,train,6
GiraffeZebraID_IBEIS_PZ_1672,zebra,train,2
GiraffeZebraID_IBEIS_PZ_1673,zebra,train,6
GiraffeZebraID_IBEIS_PZ_1674,zebra,train,6
GiraffeZebraID_IBEIS_PZ_1675,zebra,test,2
GiraffeZebraID_IBEIS_PZ_1676,zebra,train,4
GiraffeZebraID_IBEIS_PZ_1677,zebra,test,3
GiraffeZebraID_IBEIS_PZ_1678,zebra,validation,3
GiraffeZebraID_IBEIS_PZ_1679,zebra,train,4
GiraffeZebraID_IBEIS_PZ_1680,zebra,train,3
GiraffeZebraID_IBEIS_PZ_1681,zebra,train,3
GiraffeZebraID_IBEIS_PZ_1682,zebra,train,2
GiraffeZebraID_IBEIS_PZ_1683,zebra,test,3
GiraffeZebraID_IBEIS_PZ_1684,zebra,train,3
GiraffeZebraID_IBEIS_PZ_1685,zebra,test,5
GiraffeZebraID_IBEIS_PZ_1686,zebra,train,7
GiraffeZebraID_IBEIS_PZ_1687,zebra,train,4
GiraffeZebraID_IBEIS_PZ_1688,zebra,train,2
GiraffeZebraID_IBEIS_PZ_1689,zebra,train,4
GiraffeZebraID_IBEIS_PZ_1690,zebra,train,2
GiraffeZebraID_IBEIS_PZ_1691,zebra,train,4
GiraffeZebraID_IBEIS_PZ_1692,zebra,train,2
GiraffeZebraID_IBEIS_PZ_1693,zebra,train,3
GiraffeZebraID_IBEIS_PZ_1694,zebra,train,5
GiraffeZebraID_IBEIS_PZ_1695,zebra,train,3
GiraffeZebraID_IBEIS_PZ_1696,zebra,test,3
GiraffeZebraID_IBEIS_PZ_1697,zebra,train,2
GiraffeZebraID_IBEIS_PZ_1698,zebra,validation,14
GiraffeZebraID_IBEIS_PZ_1699,zebra,test,2
GiraffeZebraID_IBEIS_PZ_1700,zebra,train,1
GiraffeZebraID_IBEIS_PZ_1701,zebra,train,3
GiraffeZebraID_IBEIS_PZ_1702,zebra,train,1
GiraffeZebraID_IBEIS_PZ_1703,zebra,validation,20
GiraffeZebraID_IBEIS_PZ_1704,zebra,train,2
GiraffeZebraID_IBEIS_PZ_1705,zebra,train,3
GiraffeZebraID_IBEIS_PZ_1706,zebra,validation,2
GiraffeZebraID_IBEIS_PZ_1707,zebra,train,1
GiraffeZebraID_IBEIS_PZ_1708,zebra,train,1
GiraffeZebraID_IBEIS_PZ_1709,zebra,test,2
GiraffeZebraID_IBEIS_PZ_1710,zebra,train,1
GiraffeZebraID_IBEIS_PZ_1711,zebra,validation,1
GiraffeZebraID_IBEIS_PZ_1712,zebra,train,14
GiraffeZebraID_IBEIS_PZ_1713,zebra,train,1
GiraffeZebraID_IBEIS_PZ_1714,zebra,train,1
GiraffeZebraID_IBEIS_PZ_1715,zebra,test,1
GiraffeZebraID_IBEIS_PZ_1716,zebra,train,1
GiraffeZebraID_IBEIS_PZ_1717,zebra,train,4
GiraffeZebraID_IBEIS_PZ_1718,zebra,train,3
GiraffeZebraID_IBEIS_PZ_1719,zebra,validation,1
GiraffeZebraID_IBEIS_PZ_1720,zebra,validation,1
GiraffeZebraID_IBEIS_PZ_1721,zebra,train,1
GiraffeZebraID_IBEIS_PZ_1722,zebra,train,7
GiraffeZebraID_IBEIS_PZ_1723,zebra,train,2
GiraffeZebraID_IBEIS_PZ_1724,zebra,train,1
GiraffeZebraID_IBEIS_PZ_1725,zebra,train,4
GiraffeZebraID_IBEIS_PZ_1726,zebra,train,3
GiraffeZebraID_IBEIS_PZ_1727,zebra,test,1
GiraffeZebraID_IBEIS_PZ_1728,zebra,validation,1
GiraffeZebraID_IBEIS_PZ_1729,zebra,train,1
GiraffeZebraID_IBEIS_PZ_1730,zebra,train,3
GiraffeZebraID_IBEIS_PZ_1731,zebra,train,3
GiraffeZebraID_IBEIS_PZ_1732,zebra,train,3
GiraffeZebraID_IBEIS_PZ_1733,zebra,train,6
GiraffeZebraID_IBEIS_PZ_1734,zebra,train,2
GiraffeZebraID_IBEIS_PZ_1735,zebra,train,2
GiraffeZebraID_IBEIS_PZ_1736,zebra,test,2
GiraffeZebraID_IBEIS_PZ_1737,zebra,train,3
GiraffeZebraID_IBEIS_PZ_1738,zebra,train,6
GiraffeZebraID_IBEIS_PZ_1739,zebra,train,3
GiraffeZebraID_IBEIS_PZ_1740,zebra,train,4
GiraffeZebraID_IBEIS_PZ_1741,zebra,train,13
GiraffeZebraID_IBEIS_PZ_1742,zebra,train,6
GiraffeZebraID_IBEIS_PZ_1743,zebra,train,2
GiraffeZebraID_IBEIS_PZ_1744,zebra,validation,2
GiraffeZebraID_IBEIS_PZ_1745,zebra,train,3
GiraffeZebraID_IBEIS_PZ_1746,zebra,validation,2
GiraffeZebraID_IBEIS_PZ_1747,zebra,test,3
GiraffeZebraID_IBEIS_PZ_1748,zebra,train,3
GiraffeZebraID_IBEIS_PZ_1749,zebra,train,2
GiraffeZebraID_IBEIS_PZ_1750,zebra,train,6
GiraffeZebraID_IBEIS_PZ_1751,zebra,validation,4
GiraffeZebraID_IBEIS_PZ_1752,zebra,train,3
GiraffeZebraID_IBEIS_PZ_1753,zebra,train,2
GiraffeZebraID_IBEIS_PZ_1754,zebra,train,2
GiraffeZebraID_IBEIS_PZ_1755,zebra,train,4
GiraffeZebraID_IBEIS_PZ_1756,zebra,train,2
GiraffeZebraID_IBEIS_PZ_1757,zebra,train,2
GiraffeZebraID_IBEIS_PZ_1758,zebra,test,2
GiraffeZebraID_IBEIS_PZ_1759,zebra,train,2
GiraffeZebraID_IBEIS_PZ_1760,zebra,train,3
GiraffeZebraID_IBEIS_PZ_1761,zebra,train,5
GiraffeZebraID_IBEIS_PZ_1762,zebra,train,2
GiraffeZebraID_IBEIS_PZ_1763,zebra,train,3
GiraffeZebraID_IBEIS_PZ_1764,zebra,train,3
GiraffeZebraID_IBEIS_PZ_1765,zebra,validation,2
GiraffeZebraID_IBEIS_PZ_1766,zebra,train,6
GiraffeZebraID_IBEIS_PZ_1767,zebra,train,4
GiraffeZebraID_IBEIS_PZ_1768,zebra,train,2
GiraffeZebraID_IBEIS_PZ_1769,zebra,train,2
GiraffeZebraID_IBEIS_PZ_1770,zebra,train,1
GiraffeZebraID_IBEIS_PZ_1771,zebra,train,4
GiraffeZebraID_IBEIS_PZ_1772,zebra,validation,1
GiraffeZebraID_IBEIS_PZ_1773,zebra,validation,1
GiraffeZebraID_IBEIS_PZ_1774,zebra,train,2
GiraffeZebraID_IBEIS_PZ_1775,zebra,train,1
GiraffeZebraID_IBEIS_PZ_1776,zebra,train,1
GiraffeZebraID_IBEIS_PZ_1777,zebra,train,1
GiraffeZebraID_IBEIS_PZ_1778,zebra,train,2
GiraffeZebraID_IBEIS_PZ_1779,zebra,test,1
GiraffeZebraID_IBEIS_PZ_1780,zebra,validation,1
GiraffeZebraID_IBEIS_PZ_1781,zebra,train,4
GiraffeZebraID_IBEIS_PZ_1782,zebra,train,1
GiraffeZebraID_IBEIS_PZ_1783,zebra,train,1
GiraffeZebraID_IBEIS_PZ_1784,zebra,test,1
GiraffeZebraID_IBEIS_PZ_1785,zebra,train,1
GiraffeZebraID_IBEIS_PZ_1786,zebra,train,1
GiraffeZebraID_IBEIS_PZ_1787,zebra,train,1
GiraffeZebraID_IBEIS_PZ_1788,zebra,train,1
GiraffeZebraID_IBEIS_PZ_1789,zebra,train,1
GiraffeZebraID_IBEIS_PZ_1790,zebra,train,1
GiraffeZebraID_IBEIS_PZ_1791,zebra,train,1
GiraffeZebraID_IBEIS_PZ_1792,zebra,train,1
GiraffeZebraID_IBEIS_PZ_1793,zebra,test,1
GiraffeZebraID_IBEIS_PZ_1794,zebra,test,1
GiraffeZebraID_IBEIS_PZ_1795,zebra,train,1
GiraffeZebraID_IBEIS_PZ_1796,zebra,train,1
GiraffeZebraID_IBEIS_PZ_1797,zebra,validation,1
GiraffeZebraID_IBEIS_PZ_1798,zebra,train,1
GiraffeZebraID_IBEIS_PZ_1799,zebra,validation,1
GiraffeZebraID_IBEIS_PZ_1800,zebra,test,1
GiraffeZebraID_IBEIS_PZ_1801,zebra,test,1
GiraffeZebraID_IBEIS_PZ_1802,zebra,test,1
GiraffeZebraID_IBEIS_PZ_1803,zebra,test,1
GiraffeZebraID_IBEIS_PZ_1804,zebra,test,1
GiraffeZebraID_IBEIS_PZ_1805,zebra,train,1
GiraffeZebraID_IBEIS_PZ_1806,zebra,train,1
GiraffeZebraID_IBEIS_PZ_1807,zebra,validation,1
GiraffeZebraID_IBEIS_PZ_1808,zebra,train,1
GiraffeZebraID_IBEIS_PZ_1809,zebra,train,1
GiraffeZebraID_IBEIS_PZ_1810,zebra,train,1
GiraffeZebraID_IBEIS_PZ_1811,zebra,train,1
GiraffeZebraID_IBEIS_PZ_1812,zebra,train,1
GiraffeZebraID_IBEIS_PZ_1813,zebra,train,1
GiraffeZebraID_IBEIS_PZ_1814,zebra,train,1
GiraffeZebraID_IBEIS_PZ_1815,zebra,train,1
GiraffeZebraID_IBEIS_PZ_1816,zebra,train,1
GiraffeZebraID_IBEIS_PZ_1817,zebra,test,1
GiraffeZebraID_IBEIS_PZ_1818,zebra,test,1
GiraffeZebraID_IBEIS_PZ_1819,zebra,train,1
GiraffeZebraID_IBEIS_PZ_1820,zebra,validation,1
GiraffeZebraID_IBEIS_PZ_1821,zebra,train,10
GiraffeZebraID_IBEIS_PZ_1822,zebra,validation,2
GiraffeZebraID_IBEIS_PZ_1823,zebra,train,4
GiraffeZebraID_IBEIS_PZ_1824,zebra,train,2
GiraffeZebraID_IBEIS_PZ_1825,zebra,test,5
GiraffeZebraID_IBEIS_PZ_1826,zebra,test,2
GiraffeZebraID_IBEIS_PZ_1827,zebra,train,3
GiraffeZebraID_IBEIS_PZ_1828,zebra,train,2
GiraffeZebraID_IBEIS_PZ_1829,zebra,train,2
GiraffeZebraID_IBEIS_PZ_1830,zebra,train,2
GiraffeZebraID_IBEIS_PZ_1831,zebra,train,2
GiraffeZebraID_IBEIS_PZ_1832,zebra,test,4
GiraffeZebraID_IBEIS_PZ_1833,zebra,train,2
GiraffeZebraID_IBEIS_PZ_1834,zebra,train,2
GiraffeZebraID_IBEIS_PZ_1835,zebra,train,2
GiraffeZebraID_IBEIS_PZ_1836,zebra,train,2
GiraffeZebraID_IBEIS_PZ_1837,zebra,train,3
GiraffeZebraID_IBEIS_PZ_1838,zebra,test,2
GiraffeZebraID_IBEIS_PZ_1839,zebra,train,2
GiraffeZebraID_IBEIS_PZ_1840,zebra,validation,2
GiraffeZebraID_IBEIS_PZ_1841,zebra,train,3
GiraffeZebraID_IBEIS_PZ_1842,zebra,train,2
GiraffeZebraID_IBEIS_PZ_1843,zebra,train,2
GiraffeZebraID_IBEIS_PZ_1844,zebra,validation,2
GiraffeZebraID_IBEIS_PZ_1845,zebra,train,1
GiraffeZebraID_IBEIS_PZ_1846,zebra,test,2
GiraffeZebraID_IBEIS_PZ_1847,zebra,train,1
GiraffeZebraID_IBEIS_PZ_1848,zebra,train,2
GiraffeZebraID_IBEIS_PZ_1849,zebra,train,1
GiraffeZebraID_IBEIS_PZ_1850,zebra,train,1
GiraffeZebraID_IBEIS_PZ_1851,zebra,train,1
GiraffeZebraID_IBEIS_PZ_1852,zebra,train,1
GiraffeZebraID_IBEIS_PZ_1853,zebra,train,1
GiraffeZebraID_IBEIS_PZ_1854,zebra,train,1
GiraffeZebraID_IBEIS_PZ_1855,zebra,train,6
GiraffeZebraID_IBEIS_PZ_1856,zebra,train,4
GiraffeZebraID_IBEIS_PZ_1857,zebra,train,7
GiraffeZebraID_IBEIS_PZ_1858,zebra,train,2
GiraffeZebraID_IBEIS_PZ_1859,zebra,train,1
GiraffeZebraID_IBEIS_PZ_1860,zebra,validation,1
GiraffeZebraID_IBEIS_PZ_1861,zebra,train,1
GiraffeZebraID_IBEIS_PZ_1862,zebra,train,1
GiraffeZebraID_IBEIS_PZ_1863,zebra,test,1
GiraffeZebraID_IBEIS_PZ_1864,zebra,train,2
GiraffeZebraID_IBEIS_PZ_1865,zebra,train,2
GiraffeZebraID_IBEIS_PZ_1866,zebra,validation,1
GiraffeZebraID_IBEIS_PZ_1867,zebra,train,1
GiraffeZebraID_IBEIS_PZ_1868,zebra,train,1
GiraffeZebraID_IBEIS_PZ_1869,zebra,train,1
GiraffeZebraID_IBEIS_PZ_1870,zebra,train,3
GiraffeZebraID_IBEIS_PZ_1871,zebra,train,3
GiraffeZebraID_IBEIS_PZ_1872,zebra,train,1
GiraffeZebraID_IBEIS_PZ_1873,zebra,validation,1
GiraffeZebraID_IBEIS_PZ_1874,zebra,test,1
GiraffeZebraID_IBEIS_PZ_1875,zebra,test,1
GiraffeZebraID_IBEIS_PZ_1876,zebra,train,1
GiraffeZebraID_IBEIS_PZ_1877,zebra,validation,1
GiraffeZebraID_IBEIS_PZ_1878,zebra,train,1
GiraffeZebraID_IBEIS_PZ_1879,zebra,train,1
GiraffeZebraID_IBEIS_PZ_1880,zebra,train,1
GiraffeZebraID_IBEIS_PZ_1881,zebra,train,1
GiraffeZebraID_IBEIS_PZ_1882,zebra,validation,1
GiraffeZebraID_IBEIS_PZ_1883,zebra,validation,1
GiraffeZebraID_IBEIS_PZ_1884,zebra,validation,1
GiraffeZebraID_IBEIS_PZ_1885,zebra,validation,1
GiraffeZebraID_IBEIS_PZ_1886,zebra,train,1
GiraffeZebraID_IBEIS_PZ_1887,zebra,train,1
GiraffeZebraID_IBEIS_PZ_1888,zebra,train,1
GiraffeZebraID_IBEIS_PZ_1889,zebra,train,1
GiraffeZebraID_IBEIS_PZ_1890,zebra,test,1
GiraffeZebraID_IBEIS_PZ_1891,zebra,train,1
GiraffeZebraID_IBEIS_PZ_1892,zebra,train,21
GiraffeZebraID_IBEIS_PZ_1893,zebra,train,9
GiraffeZebraID_IBEIS_PZ_1894,zebra,train,5
GiraffeZebraID_IBEIS_PZ_1895,zebra,test,4
GiraffeZebraID_IBEIS_PZ_1896,zebra,train,9
GiraffeZebraID_IBEIS_PZ_1897,zebra,train,1
GiraffeZebraID_IBEIS_PZ_1899,zebra,train,1
GiraffeZebraID_IBEIS_PZ_1902,zebra,train,3
GiraffeZebraID_IBEIS_PZ_1904,zebra,test,4
GiraffeZebraID_IBEIS_PZ_1905,zebra,train,3
GiraffeZebraID_IBEIS_PZ_1906,zebra,test,2
GiraffeZebraID_IBEIS_PZ_1907,zebra,train,2
GiraffeZebraID_IBEIS_PZ_1908,zebra,train,4
GiraffeZebraID_IBEIS_PZ_1909,zebra,train,16
GiraffeZebraID_IBEIS_PZ_1910,zebra,train,1
GiraffeZebraID_NNP_GIRM_0001,giraffe,test,3
GiraffeZebraID_NNP_GIRM_0002,giraffe,train,2
GiraffeZebraID_NNP_GIRM_0003,giraffe,test,2
GiraffeZebraID_NNP_GIRM_0004,giraffe,train,5
GiraffeZebraID_NNP_GIRM_0005,giraffe,train,2
GiraffeZebraID_NNP_GIRM_0006,giraffe,train,2
GiraffeZebraID_NNP_GIRM_0007,giraffe,train,6
GiraffeZebraID_NNP_GIRM_0008,giraffe,test,6
GiraffeZebraID_NNP_GIRM_0009,giraffe,train,2
GiraffeZebraID_NNP_GIRM_0010,giraffe,test,6
GiraffeZebraID_NNP_GIRM_0011,giraffe,train,4
GiraffeZebraID_NNP_GIRM_0012,giraffe,train,2
GiraffeZebraID_NNP_GIRM_0013,giraffe,test,2
GiraffeZebraID_NNP_GIRM_0014,giraffe,test,4
GiraffeZebraID_NNP_GIRM_0015,giraffe,train,4
GiraffeZebraID_NNP_GIRM_0016,giraffe,train,5
GiraffeZebraID_NNP_GIRM_0017,giraffe,train,3
GiraffeZebraID_NNP_GIRM_0018,giraffe,train,5
GiraffeZebraID_NNP_GIRM_0019,giraffe,train,15
GiraffeZebraID_NNP_GIRM_0020,giraffe,train,3
GiraffeZebraID_NNP_GIRM_0021,giraffe,test,2
GiraffeZebraID_NNP_GIRM_0022,giraffe,train,8
GiraffeZebraID_NNP_GIRM_0023,giraffe,train,4
GiraffeZebraID_NNP_GIRM_0024,giraffe,train,6
GiraffeZebraID_NNP_GIRM_0025,giraffe,train,7
GiraffeZebraID_NNP_GIRM_0026,giraffe,train,4
GiraffeZebraID_NNP_GIRM_0027,giraffe,train,2
GiraffeZebraID_NNP_GIRM_0028,giraffe,train,2
GiraffeZebraID_NNP_GIRM_0029,giraffe,validation,5
GiraffeZebraID_NNP_GIRM_0030,giraffe,train,2
GiraffeZebraID_NNP_GIRM_0031,giraffe,train,8
GiraffeZebraID_NNP_GIRM_0032,giraffe,test,2
GiraffeZebraID_NNP_GIRM_0033,giraffe,train,2
GiraffeZebraID_NNP_GIRM_0034,giraffe,validation,6
GiraffeZebraID_NNP_GIRM_0035,giraffe,train,5
GiraffeZebraID_NNP_GIRM_0036,giraffe,train,4
GiraffeZebraID_NNP_GIRM_0037,giraffe,train,9
GiraffeZebraID_NNP_GIRM_0038,giraffe,validation,4
GiraffeZebraID_NNP_GIRM_0039,giraffe,train,2
GiraffeZebraID_NNP_GIRM_0040,giraffe,test,5
GiraffeZebraID_NNP_GIRM_0041,giraffe,train,4
GiraffeZebraID_NNP_GIRM_0042,giraffe,train,5
GiraffeZebraID_NNP_GIRM_0043,giraffe,train,15
GiraffeZebraID_NNP_GIRM_0044,giraffe,train,2
GiraffeZebraID_NNP_GIRM_0045,giraffe,test,2
GiraffeZebraID_NNP_GIRM_0046,giraffe,train,10
GiraffeZebraID_NNP_GIRM_0047,giraffe,train,8
GiraffeZebraID_NNP_GIRM_0048,giraffe,test,2
GiraffeZebraID_NNP_GIRM_0049,giraffe,train,4
GiraffeZebraID_NNP_GIRM_0050,giraffe,validation,2
GiraffeZebraID_NNP_GIRM_0051,giraffe,train,2
GiraffeZebraID_NNP_GIRM_0052,giraffe,test,2
GiraffeZebraID_NNP_GIRM_0053,giraffe,train,7
GiraffeZebraID_NNP_GIRM_0054,giraffe,train,4
GiraffeZebraID_NNP_GIRM_0055,giraffe,train,18
GiraffeZebraID_NNP_GIRM_0056,giraffe,train,1
GiraffeZebraID_NNP_GIRM_0057,giraffe,test,2
GiraffeZebraID_NNP_GIRM_0058,giraffe,train,4
GiraffeZebraID_NNP_GIRM_0059,giraffe,validation,5
GiraffeZebraID_NNP_GIRM_0060,giraffe,validation,3
GiraffeZebraID_NNP_GIRM_0061,giraffe,validation,2
GiraffeZebraID_NNP_GIRM_0062,giraffe,train,2
GiraffeZebraID_NNP_GIRM_0063,giraffe,train,3
GiraffeZebraID_NNP_GIRM_0064,giraffe,train,2
GiraffeZebraID_NNP_GIRM_0065,giraffe,train,3
GiraffeZebraID_NNP_GIRM_0066,giraffe,train,2
GiraffeZebraID_NNP_GIRM_0067,giraffe,validation,1
GiraffeZebraID_NNP_GIRM_0068,giraffe,test,5
GiraffeZebraID_NNP_GIRM_0069,giraffe,train,2
GiraffeZebraID_NNP_GIRM_0070,giraffe,test,5
GiraffeZebraID_NNP_GIRM_0071,giraffe,train,1
GiraffeZebraID_NNP_GIRM_0072,giraffe,train,1
GiraffeZebraID_NNP_GIRM_0073,giraffe,train,2
GiraffeZebraID_NNP_GIRM_0074,giraffe,train,3
GiraffeZebraID_NNP_GIRM_0075,giraffe,train,1
GiraffeZebraID_NNP_GIRM_0076,giraffe,validation,10
GiraffeZebraID_NNP_GIRM_0077,giraffe,validation,2
GiraffeZebraID_NNP_GIRM_0078,giraffe,train,1
GiraffeZebraID_NNP_GIRM_0079,giraffe,train,1
GiraffeZebraID_NNP_GIRM_0080,giraffe,train,2
GiraffeZebraID_NNP_GIRM_0081,giraffe,train,13
GiraffeZebraID_NNP_GIRM_0082,giraffe,train,1
GiraffeZebraID_NNP_GIRM_0083,giraffe,train,1
GiraffeZebraID_NNP_GIRM_0084,giraffe,train,1
GiraffeZebraID_NNP_GIRM_0085,giraffe,validation,1
GiraffeZebraID_NNP_GIRM_0086,giraffe,validation,9
GiraffeZebraID_NNP_GIRM_0087,giraffe,train,1
GiraffeZebraID_NNP_GIRM_0088,giraffe,train,2
GiraffeZebraID_NNP_GIRM_0089,giraffe,train,2
GiraffeZebraID_NNP_GIRM_0090,giraffe,train,3
GiraffeZebraID_NNP_GIRM_0091,giraffe,test,1
GiraffeZebraID_NNP_GIRM_0092,giraffe,train,1
GiraffeZebraID_NNP_GIRM_0093,giraffe,train,1
GiraffeZebraID_NNP_GIRM_0094,giraffe,validation,1
GiraffeZebraID_NNP_GIRM_0095,giraffe,train,12
GiraffeZebraID_NNP_GIRM_0096,giraffe,test,4
GiraffeZebraID_NNP_GIRM_0097,giraffe,train,4
GiraffeZebraID_NNP_GIRM_0098,giraffe,train,5
GiraffeZebraID_NNP_GIRM_0099,giraffe,train,8
GiraffeZebraID_NNP_GIRM_0100,giraffe,validation,1
GiraffeZebraID_NNP_GIRM_0101,giraffe,train,9
GiraffeZebraID_NNP_GIRM_0102,giraffe,train,1
GiraffeZebraID_NNP_GIRM_0103,giraffe,train,5
GiraffeZebraID_NNP_GIRM_0104,giraffe,train,2
GiraffeZebraID_NNP_GIRM_0105,giraffe,train,10
GiraffeZebraID_NNP_GIRM_0106,giraffe,train,5
GiraffeZebraID_NNP_GIRM_0107,giraffe,train,1
GiraffeZebraID_NNP_GIRM_0108,giraffe,test,1
GiraffeZebraID_NNP_GIRM_0109,giraffe,train,7
GiraffeZebraID_NNP_GIRM_0110,giraffe,train,8
GiraffeZebraID_NNP_GIRM_0111,giraffe,train,22
GiraffeZebraID_NNP_GIRM_0112,giraffe,train,7
GiraffeZebraID_NNP_GIRM_0114,giraffe,train,1
GiraffeZebraID_NNP_GIRM_0115,giraffe,validation,9
GiraffeZebraID_NNP_GIRM_0116,giraffe,train,4
GiraffeZebraID_NNP_GIRM_0117,giraffe,train,1
GiraffeZebraID_NNP_GIRM_0118,giraffe,train,1
GiraffeZebraID_NNP_GIRM_0119,giraffe,train,9
GiraffeZebraID_NNP_GIRM_0120,giraffe,train,1
GiraffeZebraID_NNP_GIRM_0121,giraffe,test,1
GiraffeZebraID_NNP_GIRM_0122,giraffe,test,1
GiraffeZebraID_NNP_GIRM_0123,giraffe,train,7
GiraffeZebraID_NNP_GIRM_0124,giraffe,train,6
GiraffeZebraID_NNP_GIRM_0125,giraffe,train,2
GiraffeZebraID_NNP_GIRM_0126,giraffe,validation,1
GiraffeZebraID_NNP_GIRM_0127,giraffe,train,1
GiraffeZebraID_NNP_GIRM_0128,giraffe,train,1
GiraffeZebraID_NNP_GIRM_0129,giraffe,train,1
GiraffeZebraID_NNP_GIRM_0130,giraffe,train,1
GiraffeZebraID_NNP_GIRM_0131,giraffe,train,1
GiraffeZebraID_NNP_GIRM_0132,giraffe,test,2
GiraffeZebraID_NNP_GIRM_0133,giraffe,validation,1
GiraffeZebraID_NNP_GIRM_0134,giraffe,validation,1
GiraffeZebraID_NNP_GIRM_0135,giraffe,train,1
GiraffeZebraID_NNP_GIRM_0136,giraffe,validation,1
GiraffeZebraID_NNP_GIRM_0137,giraffe,train,1
GiraffeZebraID_NNP_GIRM_0138,giraffe,train,1
GiraffeZebraID_NNP_GIRM_0139,giraffe,train,1
GiraffeZebraID_NNP_GIRM_0140,giraffe,train,5
GiraffeZebraID_NNP_GIRM_0141,giraffe,train,2
GiraffeZebraID_NNP_GIRM_0142,giraffe,train,2
GiraffeZebraID_NNP_GIRM_0143,giraffe,train,21
GiraffeZebraID_NNP_GIRM_0144,giraffe,train,1
GiraffeZebraID_NNP_GIRM_0145,giraffe,train,3
GiraffeZebraID_NNP_GIRM_0146,giraffe,train,6
GiraffeZebraID_NNP_GIRM_0147,giraffe,train,2
GiraffeZebraID_NNP_GIRM_0148,giraffe,train,2
GiraffeZebraID_NNP_GIRM_0149,giraffe,train,2
GiraffeZebraID_NNP_GIRM_0150,giraffe,train,1
GiraffeZebraID_NNP_GIRM_0151,giraffe,train,54
Giraffes_cluster1.01,giraffe,train,10
Giraffes_cluster1.02,giraffe,test,9
Giraffes_cluster1001,giraffe,train,5
Giraffes_cluster102,giraffe,train,8
Giraffes_cluster103,giraffe,train,6
Giraffes_cluster106,giraffe,validation,8
Giraffes_cluster1069,giraffe,train,14
Giraffes_cluster107,giraffe,train,7
Giraffes_cluster1124,giraffe,train,6
Giraffes_cluster1131.01,giraffe,train,7
Giraffes_cluster1135,giraffe,train,6
Giraffes_cluster114,giraffe,validation,4
Giraffes_cluster1158,giraffe,test,9
Giraffes_cluster1159,giraffe,train,7
Giraffes_cluster1172,giraffe,test,6
Giraffes_cluster1173,giraffe,train,5
Giraffes_cluster1176,giraffe,validation,5
Giraffes_cluster1178,giraffe,validation,6
Giraffes_cluster1185,giraffe,train,6
Giraffes_cluster12,giraffe,train,5
Giraffes_cluster1208,giraffe,test,6
Giraffes_cluster1214,giraffe,train,6
Giraffes_cluster1218,giraffe,train,6
Giraffes_cluster122,giraffe,train,10
Giraffes_cluster1229,giraffe,train,8
Giraffes_cluster1233,giraffe,train,6
Giraffes_cluster1234.01,giraffe,train,7
Giraffes_cluster1236,giraffe,test,6
Giraffes_cluster1242,giraffe,train,5
Giraffes_cluster1250,giraffe,train,7
Giraffes_cluster1253,giraffe,test,5
Giraffes_cluster126,giraffe,train,5
Giraffes_cluster1261,giraffe,train,5
Giraffes_cluster1266,giraffe,train,12
Giraffes_cluster1302,giraffe,train,6
Giraffes_cluster131,giraffe,train,8
Giraffes_cluster135,giraffe,test,13
Giraffes_cluster1353,giraffe,train,5
Giraffes_cluster137,giraffe,train,7
Giraffes_cluster1377,giraffe,validation,6
Giraffes_cluster139,giraffe,train,5
Giraffes_cluster1391,giraffe,train,6
Giraffes_cluster14,giraffe,train,6
Giraffes_cluster140,giraffe,validation,9
Giraffes_cluster142.01,giraffe,validation,6
Giraffes_cluster142.02,giraffe,train,5
Giraffes_cluster147.02,giraffe,train,5
Giraffes_cluster157,giraffe,train,11
Giraffes_cluster164.01,giraffe,train,14
Giraffes_cluster167,giraffe,train,5
Giraffes_cluster170,giraffe,train,6
Giraffes_cluster183,giraffe,train,10
Giraffes_cluster189,giraffe,train,5
Giraffes_cluster19,giraffe,train,16
Giraffes_cluster190,giraffe,train,6
Giraffes_cluster195,giraffe,test,10
Giraffes_cluster198,giraffe,train,5
Giraffes_cluster2,giraffe,validation,5
Giraffes_cluster20,giraffe,train,2
Giraffes_cluster200,giraffe,validation,5
Giraffes_cluster203,giraffe,train,7
Giraffes_cluster204,giraffe,train,5
Giraffes_cluster218,giraffe,train,16
Giraffes_cluster220,giraffe,train,5
Giraffes_cluster223,giraffe,train,20
Giraffes_cluster224,giraffe,train,5
Giraffes_cluster225,giraffe,train,7
Giraffes_cluster227,giraffe,train,10
Giraffes_cluster232,giraffe,train,7
Giraffes_cluster234,giraffe,train,14
Giraffes_cluster237.01,giraffe,validation,8
Giraffes_cluster238,giraffe,train,6
Giraffes_cluster243,giraffe,train,7
Giraffes_cluster249,giraffe,validation,5
Giraffes_cluster251,giraffe,train,5
Giraffes_cluster254,giraffe,test,7
Giraffes_cluster255,giraffe,validation,7
Giraffes_cluster261,giraffe,train,10
Giraffes_cluster262,giraffe,train,7
Giraffes_cluster272,giraffe,test,5
Giraffes_cluster275,giraffe,train,6
Giraffes_cluster277,giraffe,test,26
Giraffes_cluster284,giraffe,validation,6
Giraffes_cluster288,giraffe,test,5
Giraffes_cluster290,giraffe,test,14
Giraffes_cluster293,giraffe,test,5
Giraffes_cluster294,giraffe,validation,6
Giraffes_cluster30.01,giraffe,train,21
Giraffes_cluster309,giraffe,test,5
Giraffes_cluster320,giraffe,validation,5
Giraffes_cluster329,giraffe,validation,14
Giraffes_cluster339,giraffe,train,12
Giraffes_cluster34,giraffe,validation,10
Giraffes_cluster341,giraffe,train,9
Giraffes_cluster351,giraffe,train,7
Giraffes_cluster352,giraffe,train,5
Giraffes_cluster354,giraffe,validation,6
Giraffes_cluster358,giraffe,train,5
Giraffes_cluster36,giraffe,train,17
Giraffes_cluster371,giraffe,train,7
Giraffes_cluster4,giraffe,validation,8
Giraffes_cluster405,giraffe,validation,7
Giraffes_cluster41,giraffe,train,6
Giraffes_cluster412,giraffe,train,8
Giraffes_cluster414.01,giraffe,test,11
Giraffes_cluster415,giraffe,test,5
Giraffes_cluster418,giraffe,train,5
Giraffes_cluster419,giraffe,train,7
Giraffes_cluster42.01,giraffe,train,8
Giraffes_cluster42.02,giraffe,train,5
Giraffes_cluster423,giraffe,train,7
Giraffes_cluster424,giraffe,train,10
Giraffes_cluster429,giraffe,validation,6
Giraffes_cluster43.01,giraffe,validation,10
Giraffes_cluster430,giraffe,train,9
Giraffes_cluster455,giraffe,train,6
Giraffes_cluster461,giraffe,test,6
Giraffes_cluster466,giraffe,train,9
Giraffes_cluster467,giraffe,train,12
Giraffes_cluster47,giraffe,train,5
Giraffes_cluster487,giraffe,train,6
Giraffes_cluster49.01,giraffe,train,5
Giraffes_cluster49.02,giraffe,train,8
Giraffes_cluster498,giraffe,validation,5
Giraffes_cluster519,giraffe,train,14
Giraffes_cluster529,giraffe,train,5
Giraffes_cluster539,giraffe,validation,5
Giraffes_cluster540,giraffe,train,5
Giraffes_cluster56,giraffe,train,10
Giraffes_cluster566,giraffe,train,5
Giraffes_cluster567,giraffe,validation,7
Giraffes_cluster637,giraffe,test,14
Giraffes_cluster638.01,giraffe,train,9
Giraffes_cluster638.02,giraffe,validation,6
Giraffes_cluster68,giraffe,train,6
Giraffes_cluster680,giraffe,train,8
Giraffes_cluster69.01,giraffe,train,6
Giraffes_cluster7,giraffe,train,6
Giraffes_cluster70,giraffe,train,15
Giraffes_cluster72,giraffe,train,7
Giraffes_cluster73,giraffe,train,13
Giraffes_cluster74,giraffe,test,15
Giraffes_cluster76,giraffe,train,5
Giraffes_cluster77,giraffe,test,10
Giraffes_cluster78,giraffe,train,6
Giraffes_cluster79,giraffe,train,10
Giraffes_cluster791,giraffe,validation,12
Giraffes_cluster8,giraffe,train,9
Giraffes_cluster82,giraffe,train,11
Giraffes_cluster834,giraffe,train,6
Giraffes_cluster843,giraffe,train,9
Giraffes_cluster85,giraffe,train,6
Giraffes_cluster852,giraffe,test,6
Giraffes_cluster853,giraffe,train,6
Giraffes_cluster858,giraffe,validation,5
Giraffes_cluster865,giraffe,train,7
Giraffes_cluster866,giraffe,train,5
Giraffes_cluster868,giraffe,validation,6
Giraffes_cluster87,giraffe,test,7
Giraffes_cluster871,giraffe,train,8
Giraffes_cluster872,giraffe,test,5
Giraffes_cluster875,giraffe,train,8
Giraffes_cluster876,giraffe,train,6
Giraffes_cluster877,giraffe,train,5
Giraffes_cluster883,giraffe,train,8
Giraffes_cluster885,giraffe,train,9
Giraffes_cluster889,giraffe,test,8
Giraffes_cluster892,giraffe,train,12
Giraffes_cluster896,giraffe,train,5
Giraffes_cluster9.01,giraffe,train,13
Giraffes_cluster9.02,giraffe,test,6
Giraffes_cluster9.03,giraffe,train,5
Giraffes_cluster9.04,giraffe,train,5
Giraffes_cluster90,giraffe,train,6
Giraffes_cluster911,giraffe,test,5
Giraffes_cluster927,giraffe,test,7
Giraffes_cluster950,giraffe,test,5
Giraffes_cluster98,giraffe,validation,12
HyenaID2022_02e5fbda-3d57-4b0a-be41-2b151ac1ff30,hyena,train,56
HyenaID2022_02f49469-a41a-4829-b9b5-33b9f6f24a88,hyena,train,6
HyenaID2022_0469ca59-fa1d-4e41-9885-f797f7b6670b,hyena,train,8
HyenaID2022_06569257-d4a3-45a1-af58-688cb9a7bf5a,hyena,train,9
HyenaID2022_06fed4b8-bd2d-4410-a9b5-84f030997d01,hyena,train,6
HyenaID2022_08626c7e-f14d-4a22-8b38-f8474c0196de,hyena,train,27
HyenaID2022_0965523b-f66a-4413-99b4-c7483c3cfd27,hyena,validation,6
HyenaID2022_0a5cd6a9-b021-4725-acca-6d5b257d2e67,hyena,train,8
HyenaID2022_0b85b8c4-5ea9-46bd-8ba2-86ee385b1eb3,hyena,validation,5
HyenaID2022_0d234988-cf58-4e62-b45b-4f23b54b1f2a,hyena,train,9
HyenaID2022_0de12031-f35f-41d5-aced-5ea6ba6e1236,hyena,validation,7
HyenaID2022_0e0b6c85-b5d2-479d-93b1-ee4fbea7f463,hyena,train,5
HyenaID2022_0eac9e8c-6604-4224-8017-7552aea6cf42,hyena,validation,5
HyenaID2022_0fe176d4-93fd-4d08-b0fa-a5c571579188,hyena,validation,4
HyenaID2022_10d0c599-86ff-4965-a23b-4cd1c951768c,hyena,test,28
HyenaID2022_11ae9785-7d82-4bd6-8ce9-e94ed362c23f,hyena,train,7
HyenaID2022_1220f464-0f56-455a-891b-98e895b73bae,hyena,train,6
HyenaID2022_126523de-9fe0-4630-8fb3-256a723adb4a,hyena,train,9
HyenaID2022_12a16fc6-0581-4276-9dc4-ffe7d8c13617,hyena,validation,13
HyenaID2022_143bf01f-d0f1-4ec9-bedd-ad0aa26e0cc2,hyena,train,14
HyenaID2022_160e1683-7837-43ea-8ce7-755d101c419c,hyena,train,25
HyenaID2022_1848c437-2486-4485-a725-f1db51065599,hyena,test,6
HyenaID2022_18d82d10-7fdf-4306-9fe7-73a7f6152e53,hyena,train,13
HyenaID2022_1ad6ea04-7e16-4875-aeb8-d088f5ac7325,hyena,validation,9
HyenaID2022_1b72f52c-12ba-43bb-8b2f-64975becab88,hyena,train,8
HyenaID2022_1b7c302c-68ae-46a7-b18e-a97d342081a9,hyena,train,5
HyenaID2022_1c6b6027-329e-4703-9580-bbf1e8a08647,hyena,train,6
HyenaID2022_1da24c9f-d62d-48a6-81b9-afbdc5c0e7af,hyena,validation,25
HyenaID2022_1e5eea5f-ede8-4660-9314-5b3e53b2cfcc,hyena,test,5
HyenaID2022_1ec97520-1eae-4b9e-9f5c-1f181a8daf3a,hyena,train,22
HyenaID2022_1ff8ad98-b860-4de4-ba7d-9c0177c44bab,hyena,train,5
HyenaID2022_20086390-26ac-4539-9130-b31b9d993672,hyena,train,13
HyenaID2022_204b687d-7113-4c69-95a9-6d40ef0e59e8,hyena,train,9
HyenaID2022_20c4e967-97c4-4546-b7ca-6b57b6f4c19a,hyena,test,10
HyenaID2022_20e1204f-ae7b-4297-b578-ef07ac24829a,hyena,test,7
HyenaID2022_21ff4f8a-be18-46de-872c-c10cd153631a,hyena,train,6
HyenaID2022_23784095-dc48-48a0-8326-9340074ab4d1,hyena,train,20
HyenaID2022_238a48f4-e86d-42d8-a18a-ae526e48f5c4,hyena,train,31
HyenaID2022_23950465-b1cb-4e7e-a861-b18ce82aac55,hyena,train,13
HyenaID2022_2434dcf2-9360-46ae-b7be-96de59209f91,hyena,train,5
HyenaID2022_248353ce-530e-4dea-97c7-31f6029b2088,hyena,train,6
HyenaID2022_249a4d40-2256-444e-a4d5-68209d8d134d,hyena,train,8
HyenaID2022_252b0d87-abfc-4622-b3b6-2c815900026f,hyena,train,12
HyenaID2022_280baaed-937b-4984-b7af-3ab6cefd61f9,hyena,train,10
HyenaID2022_281d2f9c-e9d9-4125-9ecf-e5fd4c4f9fa0,hyena,train,2
HyenaID2022_2b13d5a4-831c-4c87-8294-4b0c61541e3b,hyena,train,10
HyenaID2022_2b733eca-99a6-482f-b57f-567970a2e8dd,hyena,validation,9
HyenaID2022_2c44f7c6-44e5-4d34-9304-7807962aa038,hyena,train,5
HyenaID2022_2c47b308-3b61-45db-b6fd-f1560b32f358,hyena,train,58
HyenaID2022_2d191ce6-09a1-427e-b32c-4001038057c3,hyena,test,5
HyenaID2022_2db6e83c-f316-45ea-9a60-b1fc2482a2f8,hyena,train,10
HyenaID2022_2f698ae6-cb0a-44e4-b813-ebd2faf0af13,hyena,train,10
HyenaID2022_306f89ef-3312-4218-8c1c-59f94f3fc32c,hyena,train,10
HyenaID2022_310eb8ee-7097-4ea5-b91e-31ce40b9685c,hyena,train,31
HyenaID2022_3347e8b1-1d84-412a-8e3f-5b0c146f9b95,hyena,train,4
HyenaID2022_34365bcc-5b2d-4f80-b721-ef7039e64fe8,hyena,train,73
HyenaID2022_36fe7f0d-eb06-416e-b9c3-0387b970ccc9,hyena,train,5
HyenaID2022_3772d75f-1801-4307-a18f-5fbcc1c10897,hyena,train,8
HyenaID2022_3975753d-27c1-4733-ac0e-a547772c331c,hyena,train,2
HyenaID2022_39e2a478-dfec-4851-be25-af197a3d183f,hyena,train,6
HyenaID2022_3a43347c-9ad1-47aa-969b-843ce5a0eac7,hyena,train,15
HyenaID2022_3be4ffda-e5d4-4ff8-bed2-da0417e3636f,hyena,train,10
HyenaID2022_3c5a76ad-2355-4293-a88a-03d7f6296c65,hyena,train,20
HyenaID2022_3c7716c2-9660-4e75-8db1-3739a147837d,hyena,train,2
HyenaID2022_3d7cacfc-f9da-4922-8603-69f8007b2e55,hyena,train,8
HyenaID2022_3e73eeb2-add8-4aa2-9641-96c456ad837a,hyena,train,3
HyenaID2022_4004afe6-b476-475e-867c-8d3b17e378c6,hyena,train,65
HyenaID2022_400b4d96-c51c-4184-8f66-7f95319e45f3,hyena,train,13
HyenaID2022_400b6573-9ae7-400a-b437-b18098f2a67f,hyena,train,3
HyenaID2022_41eef245-4fd5-42e4-9db8-c2076bd902b9,hyena,train,10
HyenaID2022_42779875-0894-4e77-99f4-da82f72a17fa,hyena,validation,15
HyenaID2022_44af1942-49f4-45ef-aed6-df0ce47d4bc9,hyena,test,8
HyenaID2022_44b705bc-5e1f-4759-aa8d-a888223e921f,hyena,train,7
HyenaID2022_45712db8-9da3-4558-bcc9-22d25d842af7,hyena,train,14
HyenaID2022_477d721a-6027-42a5-a2d7-94dc7e550fcc,hyena,validation,15
HyenaID2022_48a2a80a-436d-4af1-b67a-8084c52f60d4,hyena,test,14
HyenaID2022_49993bd8-5e05-48a1-a8eb-1aa5212aea36,hyena,train,8
HyenaID2022_4b3d02b4-f522-464b-ab0e-79e1089c5b57,hyena,validation,14
HyenaID2022_4bb25d71-806b-442d-950b-f137f820a90f,hyena,train,8
HyenaID2022_4c139246-f943-4f0b-a658-d1a2fac27dc7,hyena,test,15
HyenaID2022_4f461caa-6f3a-47c7-8926-050f87f9c8f0,hyena,test,5
HyenaID2022_4f895a17-6192-4ff1-863a-004837871796,hyena,train,10
HyenaID2022_51029c66-ec8d-4601-afb1-6c0164c303b4,hyena,train,8
HyenaID2022_525405f2-808c-4ab9-9364-f7fd9d076f6b,hyena,train,8
HyenaID2022_5260c0df-76a3-4cb1-82fc-fd2f6a6440ad,hyena,train,35
HyenaID2022_5610d2b4-3e70-4ba0-8d05-47957e68b512,hyena,test,4
HyenaID2022_56d1a077-635d-4401-a74b-ce92bad46e70,hyena,train,14
HyenaID2022_5714276c-6415-4eae-980b-1e4b923847b2,hyena,train,25
HyenaID2022_57a99b4b-793b-423b-97f2-0c41eaae7006,hyena,train,2
HyenaID2022_5b3f1cd0-8656-4803-b85a-ac405603f434,hyena,test,8
HyenaID2022_5c6bdd77-0364-48e8-8022-591ca47f076e,hyena,train,10
HyenaID2022_5fdac45d-b5e7-4133-a8f4-05b28552990c,hyena,train,14
HyenaID2022_5ff6a7d1-4616-4201-a82f-30fad5e933a1,hyena,train,8
HyenaID2022_60a80045-52d9-4d37-abc6-a396254d59f0,hyena,test,5
HyenaID2022_60b9e2bb-87ef-4b1d-923c-f0585a74d0b7,hyena,train,7
HyenaID2022_610a34bf-1456-4efe-b5c7-10c5b588be2e,hyena,test,5
HyenaID2022_61f3efff-c86f-48ed-8b36-0dec4078b231,hyena,train,7
HyenaID2022_62087513-88bc-4a3f-8699-cb8db0665501,hyena,train,7
HyenaID2022_656932aa-cf53-4f70-985b-a388f6c88f69,hyena,test,7
HyenaID2022_66a99503-a6e9-47cd-b28a-ac543d20f110,hyena,test,9
HyenaID2022_66f06e87-bcea-487d-b5c6-6e5cbfb52ce4,hyena,train,6
HyenaID2022_67006b29-4adc-41dc-9b30-39a94363a81a,hyena,train,16
HyenaID2022_6810b958-c4ad-4c34-9590-94b819ff444b,hyena,test,8
HyenaID2022_68996e21-12ab-4183-ab94-d2b0331efb10,hyena,train,13
HyenaID2022_6a1fc5e8-c077-41c4-9c3b-ff5d0b0364a2,hyena,train,8
HyenaID2022_6e8d3aef-1f16-4b06-a5d4-9cf11fd29530,hyena,train,42
HyenaID2022_7145ff09-9841-43c9-8137-9bb3ea90a5b8,hyena,train,7
HyenaID2022_7153eda6-946a-4e9d-9c3d-c5c034cbc5e3,hyena,test,21
HyenaID2022_71d1140b-f983-4554-8283-d1c162cebc94,hyena,train,3
HyenaID2022_7201896a-1323-4e70-b147-4cc6d13b2784,hyena,train,17
HyenaID2022_7250d64b-90db-40d5-8db0-db0b74f86cd3,hyena,train,9
HyenaID2022_7251cda9-d3d5-4249-baf0-4f4c1480adc9,hyena,train,50
HyenaID2022_736ca848-7821-430b-9aaa-f8870e80aec4,hyena,train,12
HyenaID2022_73ccff66-e431-422c-9c79-3026cb1280a1,hyena,train,12
HyenaID2022_73f670e9-5ee3-49f3-8db2-3ea557a428b8,hyena,train,9
HyenaID2022_74b049c5-916c-4dad-96f4-d34a63ef6e26,hyena,test,13
HyenaID2022_74d538f0-cb3e-4982-9584-7e0f886b8397,hyena,validation,45
HyenaID2022_761abc97-f81c-4a09-823b-7cb1c528c290,hyena,train,10
HyenaID2022_763682fe-336a-4e52-b076-e904de642832,hyena,train,7
HyenaID2022_7802d893-e75c-48c3-b822-8a9704bbbd4d,hyena,test,5
HyenaID2022_79dafc01-fa64-4db3-b3b6-ed5236ed6a68,hyena,test,6
HyenaID2022_7a0e8d37-e27f-4378-bab8-7cc37821cd8e,hyena,validation,6
HyenaID2022_7a2a6f84-a929-4b78-999b-a299daa575da,hyena,validation,6
HyenaID2022_7b38f393-27e8-45e1-9769-fa9af9f591f9,hyena,train,45
HyenaID2022_7b9a9e8d-86d5-4c6c-8b10-8a129f8a10c4,hyena,train,18
HyenaID2022_7dd17d2d-1eb3-4ccd-afc3-527226c935e6,hyena,test,5
HyenaID2022_7e67fb5a-4323-46b1-9686-68f84d2ee169,hyena,train,10
HyenaID2022_7e9d299f-be22-497a-9d79-a1e9d909c013,hyena,test,5
HyenaID2022_7f9b060d-6457-4c82-bd00-37dfaec1d1d0,hyena,train,9
HyenaID2022_81725e48-3c1f-4c7c-89d6-334c10234cf9,hyena,train,22
HyenaID2022_831e0a81-f0e5-435c-a1f3-6cd854e9ef3a,hyena,train,5
HyenaID2022_83207e09-61eb-4594-80f5-6a452cdd1dcf,hyena,train,17
HyenaID2022_837298c0-13cb-470f-8a28-f513694ee20e,hyena,test,8
HyenaID2022_83c4c239-d588-4d69-b848-dadb4810487c,hyena,train,17
HyenaID2022_84040874-ad2a-4c44-9f3d-50d044367062,hyena,train,9
HyenaID2022_844640ea-498e-4d2e-a578-3783c217fb3c,hyena,validation,10
HyenaID2022_844cb3cc-89dc-4609-b33a-3ffc2bb85fd7,hyena,train,8
HyenaID2022_85527fa6-6c14-45eb-91eb-32106f41f728,hyena,validation,15
HyenaID2022_88db538e-05ee-4e9f-8163-e1bb7e4743fc,hyena,test,4
HyenaID2022_89390731-0ff1-454f-a2ac-8017c49d8da6,hyena,train,8
HyenaID2022_89d1463d-4e1c-4edd-88a1-19f30914d459,hyena,train,11
HyenaID2022_8a8944da-f6b6-46a5-8b6c-2952d7a1733c,hyena,train,4
HyenaID2022_8a8f6936-9ca2-49d1-a7b5-e6733beaebdf,hyena,train,5
HyenaID2022_8aa6f9e4-e249-494f-a762-11e847296544,hyena,train,6
HyenaID2022_8b046377-529a-460d-8114-887322c52cde,hyena,train,33
HyenaID2022_8b530229-7b7d-4744-a09d-d489933fc659,hyena,validation,5
HyenaID2022_8b7d4bbc-67e2-4588-9156-9748edce3fb5,hyena,train,6
HyenaID2022_8c3be170-b41e-411e-9940-1f5960cfa850,hyena,train,8
HyenaID2022_8c5534ba-2153-455d-b8e5-468a1c35b511,hyena,test,7
HyenaID2022_8c755bf5-a137-4d36-b924-def3665fc42e,hyena,train,8
HyenaID2022_8d704d6e-76b3-4fef-b7e7-5522bc453d98,hyena,test,9
HyenaID2022_8e52a7f7-8046-4567-b92a-e5941b184745,hyena,train,6
HyenaID2022_8e9cd5f5-095b-4295-8bbc-a3a67cffd935,hyena,train,12
HyenaID2022_9003c31f-6d6f-4ad9-b535-4e5c5698659b,hyena,train,28
HyenaID2022_9110686e-9241-4260-ab50-18cf4ae4a49f,hyena,train,10
HyenaID2022_91be8644-a55d-45bf-9b4e-34c56c607690,hyena,validation,13
HyenaID2022_95a161f7-5a75-4e56-9b3e-ae37f1d61a31,hyena,validation,4
HyenaID2022_96229e46-d462-4f06-a46b-8661b61fb0ec,hyena,validation,6
HyenaID2022_970a8e69-2ce2-4515-bb96-de91d7afcb00,hyena,train,3
HyenaID2022_981331f5-85cc-41d1-bbf6-6733aa8e2c42,hyena,test,8
HyenaID2022_992f8369-b55b-43c6-b0ce-a9a51a54320c,hyena,train,11
HyenaID2022_9aeef74b-58bf-4133-abd3-e611b7ba11f7,hyena,train,11
HyenaID2022_9d4d0203-ff17-4318-bd95-f1871e4aba4b,hyena,train,5
HyenaID2022_a052575c-682f-488a-8034-ce8b0d68e6dd,hyena,train,4
HyenaID2022_a0539b15-8bd3-4931-9e63-8d956755d9a6,hyena,train,6
HyenaID2022_a06366b7-a0e0-471e-9595-8eb50b6d499f,hyena,train,13
HyenaID2022_a220a462-baa7-4dc0-b011-12c38649674c,hyena,train,6
HyenaID2022_a539ecd4-d1a5-49d8-aa11-e4a6d9bf3c70,hyena,train,5
HyenaID2022_a5e8a2bf-014f-41eb-b33b-7249b2ea3637,hyena,train,7
HyenaID2022_a5f6a30d-faa1-4d73-aebd-5dff073c6191,hyena,train,16
HyenaID2022_a6d6607a-edd0-45a9-a9bf-7bac78c1db29,hyena,validation,5
HyenaID2022_a6eae8cd-910e-44a2-a5f4-4766b66fc7b2,hyena,train,6
HyenaID2022_a7288960-d2a0-41fe-9617-3c45ee3fb409,hyena,train,5
HyenaID2022_aa5f5b18-31cf-4278-b92a-d22d3fc5ddf9,hyena,train,12
HyenaID2022_aa99b035-19c0-4cfb-9c06-a58914422fc5,hyena,train,5
HyenaID2022_ac7a3ba9-58c0-47e0-8814-1c5ba150c70d,hyena,train,3
HyenaID2022_ace33278-b65f-43d4-9c12-530e420ddef5,hyena,train,22
HyenaID2022_aed03e34-d258-4795-bd37-d63eb4c49802,hyena,test,24
HyenaID2022_aeea8cca-a56f-4662-8f86-3a7f8f7237a0,hyena,train,6
HyenaID2022_b07dd6f4-8c65-4c6c-b4eb-a65188e81c2c,hyena,train,14
HyenaID2022_b0d09afd-0469-48b6-9718-02f644ba1969,hyena,train,9
HyenaID2022_b0fb2cd7-62b2-46ff-9893-f23def9d9b8f,hyena,train,14
HyenaID2022_b257ec4e-0b36-4e80-85be-b75c8df39b01,hyena,validation,6
HyenaID2022_b38b7f3d-5275-467d-a9fa-7a66af3d5b3e,hyena,train,6
HyenaID2022_b422e55f-0afc-4b34-922e-9da329a2f53e,hyena,train,12
HyenaID2022_b4f217b9-8188-4f1e-a9a6-a1e67e809c8a,hyena,validation,5
HyenaID2022_b5c37454-cf12-49c5-96c0-aff806c293c2,hyena,validation,6
HyenaID2022_b734856c-cfc6-4b40-abff-48e7b29496c6,hyena,test,7
HyenaID2022_b881438e-7b28-4d49-a263-9cbca96e62ba,hyena,train,5
HyenaID2022_b8f52f8c-3f36-4970-8813-0093fedc6081,hyena,validation,7
HyenaID2022_bb7b8783-ecf2-466b-956a-b07381a49e31,hyena,train,8
HyenaID2022_bbbaafbc-3889-4d6f-843b-d58fb94fb07c,hyena,train,48
HyenaID2022_bc95fccf-3431-4dee-b23f-c0a10f19b05c,hyena,train,5
HyenaID2022_bfa8b15b-15b7-4f41-b44e-fdec1e1bb74c,hyena,train,6
HyenaID2022_bfab3e8b-c8a4-40d7-9a55-ad0e9c744283,hyena,train,6
HyenaID2022_bff16f45-9acf-4eac-8d62-52b1fefb9e0f,hyena,train,12
HyenaID2022_c1593d0b-5f78-4f62-8304-932d7fbcc9fe,hyena,validation,7
HyenaID2022_c273c534-7efa-4da8-bdba-6fdb44d92fed,hyena,test,6
HyenaID2022_c3835fcb-41e1-4d3a-877c-ca359a7c4e74,hyena,train,19
HyenaID2022_c5c66d36-d1a6-412e-8289-0b5d8b275be9,hyena,test,7
HyenaID2022_c6241bf0-3991-48e7-862b-052e4c1eef69,hyena,train,11
HyenaID2022_c755133f-a088-47fb-be84-0c36422a9901,hyena,test,30
HyenaID2022_c7fc642b-3a46-4bda-ac76-abcbffdf2260,hyena,test,11
HyenaID2022_c9b45bc0-1fd5-4ce9-8421-6372800eb59b,hyena,validation,2
HyenaID2022_c9c4d9d7-11c7-4b16-91f7-f554f081e639,hyena,test,7
HyenaID2022_cc198eff-cbca-4c78-8e28-00592ef701f7,hyena,train,10
HyenaID2022_ccf6e18f-f6bb-4cd7-8166-31a1a8cce2ce,hyena,validation,7
HyenaID2022_cd551358-32f0-45dd-8199-029eca63fa81,hyena,validation,6
HyenaID2022_cec93868-770e-44c5-8bbd-097be098f498,hyena,train,9
HyenaID2022_cefe7503-7a7b-4573-b0a1-465cb3580565,hyena,train,7
HyenaID2022_cf07567a-7a4f-42a1-86f3-0cc569dcefae,hyena,validation,3
HyenaID2022_cf22e101-9fef-48d5-9b40-a9a143c96a92,hyena,train,7
HyenaID2022_d0d01842-f151-46dd-85e8-e7f141de39ef,hyena,train,8
HyenaID2022_d11e7615-c86e-40f5-bf09-41cc4e39f863,hyena,train,5
HyenaID2022_d395c979-0cc5-456a-bbb3-c71f42849a88,hyena,train,7
HyenaID2022_d3977dfd-d0f9-4318-8ea9-f7c337898633,hyena,train,10
HyenaID2022_d548ac7d-62f0-48cb-a8eb-4b7e0a5191b4,hyena,train,6
HyenaID2022_d653ccd7-98af-4641-bdad-47dd2242501a,hyena,train,5
HyenaID2022_d68ac804-a792-44c8-af29-a8e80a7848f1,hyena,train,5
HyenaID2022_d7b3e671-bcbe-4fec-8566-16d26bfb12f0,hyena,train,3
HyenaID2022_d7cd8e39-12e4-40a8-b2f7-7c24f291d2aa,hyena,validation,11
HyenaID2022_d8653bff-a5e8-4b3a-bffd-a861abad29bf,hyena,train,19
HyenaID2022_d8681847-63c6-40eb-8980-a3a4a09efb36,hyena,train,4
HyenaID2022_d8ec02f0-6a21-48a8-b2cc-f0005764bc2a,hyena,train,9
HyenaID2022_d9ca2395-17db-4aa9-8749-51a78eba5feb,hyena,train,5
HyenaID2022_db3de022-02a6-455a-8d26-5746c2a79514,hyena,train,6
HyenaID2022_ddda7c68-86ac-4448-9795-e1cc33d704bc,hyena,test,6
HyenaID2022_e0233424-00dc-4c88-9e76-5741a76d5781,hyena,validation,21
HyenaID2022_e0c249f3-ec24-4a7e-97c8-abefd7cd27b1,hyena,train,5
HyenaID2022_e146c860-5de6-4870-978b-bb2f35f75d20,hyena,train,15
HyenaID2022_e1cb11c3-48d4-474d-9881-affe8b0d02d5,hyena,train,7
HyenaID2022_e217374d-17e1-4fa2-b4aa-868033edc1ed,hyena,validation,70
HyenaID2022_e3e8dcae-7c7c-4492-812c-313c35c88f51,hyena,train,8
HyenaID2022_e77d385c-2200-4fa5-b90a-0dea100e69e5,hyena,train,34
HyenaID2022_e7d7fd1f-5a2d-4073-ac1f-59f6268ba8de,hyena,train,10
HyenaID2022_ea524367-fb6b-438f-a077-aae1f8fe4b08,hyena,test,9
HyenaID2022_ebe55d08-674f-417a-a8f6-c776dca6ee8c,hyena,train,6
HyenaID2022_ecda2205-db0b-4160-a40f-b6825fb43770,hyena,validation,21
HyenaID2022_ed4a92c6-3d4e-40e0-b055-3175620123c1,hyena,train,6
HyenaID2022_eeed33f6-863c-49df-a1e3-1f711738b244,hyena,train,23
HyenaID2022_ef582f4d-8d4e-4962-aeb4-3fd48824c85f,hyena,validation,9
HyenaID2022_f0981810-e7ce-4e48-b699-c17fbbca7f3c,hyena,test,5
HyenaID2022_f1aa3589-f203-4455-a293-86f392932895,hyena,train,52
HyenaID2022_f283fa30-6a63-47e6-82f5-0db96d01feb0,hyena,train,7
HyenaID2022_f4a2038b-8da9-451e-ae71-80cb90cb07b3,hyena,train,28
HyenaID2022_f5536888-9190-4314-a13f-7ca19b1f07a9,hyena,train,17
HyenaID2022_f83057a7-a975-4900-a056-99f453bdf15f,hyena,validation,6
HyenaID2022_fa2abd16-8947-4685-9d94-a389233cba74,hyena,train,20
HyenaID2022_fac82e27-beb0-4e8e-bf1f-13a381f0d459,hyena,train,7
HyenaID2022_faf75b6e-88a9-4213-ad92-b3c8d1accdfc,hyena,test,8
HyenaID2022_fb14f620-2472-467f-a38d-b2d0a2b8081c,hyena,train,20
HyenaID2022_fd17ea5e-9fc6-4027-9f2f-5d5a5e67d653,hyena,train,6
HyenaID2022_fd56348b-a8c7-4635-800f-bf5f8c3dd4a0,hyena,train,26
HyenaID2022_fdcab2e1-312d-4116-bdef-7bfdfcefe705,hyena,train,8
HyenaID2022_fe44d727-75e4-4452-9428-95a5f3c7ea73,hyena,train,11
HyenaID2022_fee1977a-deac-4eb4-a1ba-5a5f669a9817,hyena,validation,90
IPanda50_00_aibang,panda,train,261
IPanda50_01_aoliao,panda,train,62
IPanda50_02_baolan,panda,train,186
IPanda50_03_bingdian,panda,validation,91
IPanda50_04_chengdui,panda,validation,58
IPanda50_05_chengjiu,panda,train,96
IPanda50_06_chengshi,panda,train,80
IPanda50_07_chengshuang,panda,train,52
IPanda50_08_fulai,panda,train,79
IPanda50_09_fushun,panda,train,165
IPanda50_10_hexing,panda,train,242
IPanda50_11_jiaoao,panda,train,77
IPanda50_12_jingjing,panda,train,50
IPanda50_13_jingliang,panda,train,292
IPanda50_14_maodou,panda,train,166
IPanda50_15_maosun,panda,train,180
IPanda50_16_maotao,panda,train,114
IPanda50_17_meibang,panda,train,189
IPanda50_18_miaomiao,panda,train,50
IPanda50_19_nannan,panda,test,267
IPanda50_20_nike,panda,validation,108
IPanda50_21_nina,panda,train,98
IPanda50_22_nini,panda,test,202
IPanda50_23_qiubang,panda,train,129
IPanda50_24_qixi,panda,train,49
IPanda50_25_qiyi,panda,train,78
IPanda50_26_qiyuan,panda,validation,243
IPanda50_27_rourou,panda,train,141
IPanda50_28_sa,panda,test,260
IPanda50_29_shuangxiong,panda,train,59
IPanda50_30_shuqing,panda,train,164
IPanda50_31_shurong,panda,train,95
IPanda50_32_susu,panda,test,229
IPanda50_33_wuyi,panda,validation,205
IPanda50_34_xiaoqiao,panda,test,69
IPanda50_35_xilan,panda,validation,235
IPanda50_36_xingda,panda,train,182
IPanda50_37_xinger,panda,train,162
IPanda50_38_xingfan,panda,train,68
IPanda50_39_xinghui,panda,validation,87
IPanda50_40_xingrong,panda,train,89
IPanda50_41_xingxiao,panda,test,158
IPanda50_42_xingyi,panda,train,59
IPanda50_43_yaxing,panda,train,61
IPanda50_44_yayi,panda,train,200
IPanda50_45_yayun,panda,test,84
IPanda50_46_yazhu,panda,train,100
IPanda50_47_yingying,panda,test,248
IPanda50_48_yongbang,panda,train,197
IPanda50_49_yuanrun,panda,train,58
LeopardID2022_001e71df-ed06-43b6-bfdc-6beac644b1de,leopard,test,14
LeopardID2022_00e079c2-dc1a-4ffa-916d-6cfe90c24dc5,leopard,train,4
LeopardID2022_04b263b2-90cf-40a6-bbbc-172824b130f0,leopard,train,12
LeopardID2022_05acf123-ed55-421c-88d1-1bc9b8ebd191,leopard,validation,4
LeopardID2022_05c49b4f-845d-4257-9005-fe14e9d389ce,leopard,test,1
LeopardID2022_071c39d9-7b77-4201-8ed4-d31e04e15cca,leopard,train,3
LeopardID2022_0756c24d-5857-466b-bf2b-4238bab60902,leopard,train,5
LeopardID2022_079df424-a265-4af9-8a6f-66d2709af3e7,leopard,test,4
LeopardID2022_089a4176-f8f9-42b7-82c3-3e3933c0f91f,leopard,validation,2
LeopardID2022_08a9d69d-d0df-45f7-8486-22558e375fad,leopard,train,4
LeopardID2022_08cb52f5-570c-468d-bc68-610d75421588,leopard,train,6
LeopardID2022_092dd05b-af5a-474c-9039-48117fed348c,leopard,train,6
LeopardID2022_09cbe21a-f820-4db4-a314-cb3cc7fa17ff,leopard,train,6
LeopardID2022_09ddb320-0c6a-41c0-9f77-026e03dc8f81,leopard,train,14
LeopardID2022_0a0fe49c-6bc4-4a7f-acba-299be4dc3ca3,leopard,validation,18
LeopardID2022_0af985b0-34f5-4648-a9c2-9d7a77788996,leopard,test,1
LeopardID2022_0c3d1595-2df7-4a38-9143-57ae1d7ef129,leopard,test,2
LeopardID2022_0d3642d3-39fd-452a-8fe5-b0daa2f623e0,leopard,validation,19
LeopardID2022_0d70f477-ea09-4cb9-8b4e-e15e706b40d0,leopard,validation,4
LeopardID2022_0e347c89-c710-49e1-b706-0cb3be7210d7,leopard,train,1
LeopardID2022_0f35b112-f070-4f2b-b091-4aa57d70941e,leopard,test,4
LeopardID2022_0f38564b-babb-43bd-b8e1-3f653ec442bb,leopard,train,11
LeopardID2022_1265fe94-c093-4beb-9cf2-28b7eb458cab,leopard,train,5
LeopardID2022_13ed75ce-17fe-4e6b-aa82-cf2ff7a3473e,leopard,train,6
LeopardID2022_149720dd-294f-4f98-b3ad-8230cabbf9ee,leopard,train,1
LeopardID2022_14a1f572-2a8a-4f98-b740-0d6fb9b458e6,leopard,train,5
LeopardID2022_155a7289-83a9-45ca-933a-07460d4d48c3,leopard,validation,1
LeopardID2022_155d9edd-4783-41c6-9c88-db680c503c67,leopard,train,2
LeopardID2022_159886bb-f624-4e29-b59a-100c5741beef,leopard,train,9
LeopardID2022_1662812e-a722-4e7c-b0e5-1a60da1775b4,leopard,test,12
LeopardID2022_1678608b-cca7-46fb-a2ea-0c63ca199df1,leopard,train,2
LeopardID2022_16916b6e-6b7b-48a6-94f6-446c69761bc4,leopard,validation,2
LeopardID2022_16ba6dc5-6ea0-47df-b912-53660db9e8cd,leopard,test,28
LeopardID2022_17e9ef4d-a6f7-4a2c-8df5-04218deadd2a,leopard,train,4
LeopardID2022_18bae73b-3a3f-4328-8023-38941ac56c98,leopard,train,2
LeopardID2022_18ffc687-a6fc-4f53-b226-72eaf7f66ccc,leopard,test,264
LeopardID2022_1941c161-d169-4f94-b341-6b2fd551fca7,leopard,train,4
LeopardID2022_19b5a37a-ae79-4c7a-94f9-08f0970498ee,leopard,validation,1
LeopardID2022_19d388ba-111f-4b95-8b39-de07c9423b2d,leopard,train,9
LeopardID2022_19d5ddbd-4117-474e-b8b1-85bf71caf3ec,leopard,train,2
LeopardID2022_1a8f0efb-d26b-4441-8961-8221cda95262,leopard,train,6
LeopardID2022_1a93779a-14ac-4d13-a18e-2517c5a2e0fa,leopard,train,8
LeopardID2022_1aa72d47-3249-4746-8644-19e25341cfa7,leopard,train,2
LeopardID2022_1ba4a787-80e1-4915-97da-06ae1f4c3588,leopard,train,19
LeopardID2022_1ba98a30-cd71-4df8-ad1f-d96ed519ae36,leopard,train,4
LeopardID2022_1bdfbe29-6b69-48e9-8c8b-d8d145bdeef3,leopard,validation,18
LeopardID2022_1c020824-cb20-4b7c-b436-fc9050507fd7,leopard,train,2
LeopardID2022_1c7fb4a2-a946-4693-bb8d-2443f838801b,leopard,train,4
LeopardID2022_1c938299-6ff9-4d8b-aaeb-4f8d372093c2,leopard,train,19
LeopardID2022_1cb4c51e-e61d-4c4f-9bca-fd08c9164883,leopard,train,6
LeopardID2022_1e4941f3-fd74-4119-8dc7-120249cb9e76,leopard,train,4
LeopardID2022_1e869eda-07c6-4f08-a932-d9a04c207dbf,leopard,train,22
LeopardID2022_1e8a6ed0-37f1-4c7e-ae83-3fba62a9af49,leopard,train,9
LeopardID2022_1eec726a-99dd-403e-9cbb-aa4428fa3cf6,leopard,test,43
LeopardID2022_1f1803f4-f92d-459c-9662-c3e2c558be0b,leopard,train,2
LeopardID2022_1f68f464-2c83-4a4b-9449-172d7b700d02,leopard,train,1
LeopardID2022_2011ae38-bab2-4f5a-b452-52126cd1748a,leopard,train,1
LeopardID2022_2039c9dc-9b2d-41c0-9ffd-4bd5297813ed,leopard,validation,48
LeopardID2022_2112bdfc-4c7c-4c2a-8cfa-28ea45bf1599,leopard,train,214
LeopardID2022_21b29681-f0d4-4aa0-bcea-949d08eac27b,leopard,train,4
LeopardID2022_21e54501-a5cc-437b-9dad-169993de5878,leopard,test,4
LeopardID2022_21f9437d-0c1e-404f-a299-bb0b470f98fe,leopard,train,4
LeopardID2022_220e6e43-0723-4068-9d2b-08c125017361,leopard,test,41
LeopardID2022_224ad9fa-99cc-498b-8a5a-cdb301e44f9d,leopard,train,4
LeopardID2022_227f0796-1099-4eca-b504-e1252df57cd4,leopard,train,3
LeopardID2022_228513fe-c81d-4546-b58f-4cf3fdf45d12,leopard,test,2
LeopardID2022_22c9bed2-3698-4355-ba20-74c3ba2d80e3,leopard,train,1
LeopardID2022_23078cd2-337a-4f60-b5d1-31cff51b9c47,leopard,test,23
LeopardID2022_2437244a-dd85-470e-802d-f04123b2b290,leopard,train,2
LeopardID2022_24d62502-5218-47c3-9ee7-a14b08856b33,leopard,train,4
LeopardID2022_2580e875-8a6d-48e5-aa55-f89d4df7ad8f,leopard,train,1
LeopardID2022_271c8bfa-8dff-44d5-9d4e-72007d7ba700,leopard,train,173
LeopardID2022_274d8888-7603-441d-90ba-c2fd266e108a,leopard,validation,1
LeopardID2022_277d5b22-d689-48fc-9d02-ba9a3a39b322,leopard,validation,7
LeopardID2022_29c88755-3609-47c8-81f1-d48ee826fc5e,leopard,test,8
LeopardID2022_2a171d14-e10a-44d2-97cc-14865f315bb4,leopard,test,2
LeopardID2022_2bf7957c-ef92-416e-a15c-1b1066663757,leopard,validation,6
LeopardID2022_2c6dbe37-c4cf-41e4-a2b3-e435ea9eb046,leopard,train,67
LeopardID2022_2d485e36-2fc2-4d89-815f-c904b7d5ca7d,leopard,train,2
LeopardID2022_2e0d0629-af46-40d0-bb63-922a27af5ab6,leopard,train,124
LeopardID2022_2f19ecbf-5bea-470e-896d-86bc03702252,leopard,train,5
LeopardID2022_2f237c9c-7967-4db0-a509-c0a6ecdba5b6,leopard,train,2
LeopardID2022_2f4ba86e-c462-44fe-9fe4-3f598ba11579,leopard,train,4
LeopardID2022_2fa78422-17ff-4e2f-9df0-9d2a1859c797,leopard,train,20
LeopardID2022_2fde65e4-96f3-4f4e-9cbd-807ccd3bf353,leopard,train,2
LeopardID2022_320977e1-df5a-4c15-9c29-7bdde7c0934a,leopard,train,2
LeopardID2022_32bfbc5d-48e8-4fa6-9501-3403820c8999,leopard,test,4
LeopardID2022_336836bc-24bd-4f44-94e3-18fc1ab503c8,leopard,train,4
LeopardID2022_33d21d59-7567-4c17-9073-6d2b99859621,leopard,train,2
LeopardID2022_355c95e7-b36a-4cde-8496-fa0a2d78fa70,leopard,validation,2
LeopardID2022_36463c1d-cc84-450e-aece-73613ae5c97b,leopard,test,13
LeopardID2022_370883d8-ed6b-4f85-81b2-493ba08e6e5d,leopard,train,3
LeopardID2022_3737de68-0b0a-44bd-b108-45737956d45a,leopard,train,5
LeopardID2022_38ffb7aa-3bd4-4e81-a293-8de67b50369c,leopard,train,4
LeopardID2022_39643a79-975c-45eb-9ca0-3cb835fa9145,leopard,test,12
LeopardID2022_39664c93-f01c-4856-9b1b-33bc8bccc542,leopard,validation,2
LeopardID2022_39903d3f-8620-4256-999f-edfe188039a9,leopard,train,3
LeopardID2022_3b4882e7-1b66-4c8d-8786-be8f5cc69ee8,leopard,train,10
LeopardID2022_3b790a3b-f2a2-421a-b594-99198ce2a7c9,leopard,train,2
LeopardID2022_3ba279e7-a85f-4973-a050-f6870b51bf7b,leopard,train,3
LeopardID2022_3be270aa-bd51-4e25-b09f-1eb2d15838cc,leopard,train,58
LeopardID2022_3c117ea9-d8d2-4e41-b65a-317eea4d7650,leopard,train,11
LeopardID2022_3c375f5a-0894-41a5-8af0-0e20ce760368,leopard,train,18
LeopardID2022_3cf1095b-0ea1-427c-89a8-1c34bbf104c1,leopard,train,4
LeopardID2022_3d8b57b0-4a3d-462f-b49b-eccc67b11565,leopard,train,9
LeopardID2022_3d90cdb8-60a2-43b4-8e0f-9492f1692516,leopard,train,3
LeopardID2022_3db15604-e774-4cce-a094-e5e4a5d24725,leopard,test,5
LeopardID2022_3de10760-2a56-4499-92f9-003673aa62b2,leopard,validation,5
LeopardID2022_3e7c7443-f123-4181-aeb2-3668d36211b8,leopard,train,6
LeopardID2022_3eaaec86-a19a-40f8-b954-f062a0b34979,leopard,test,2
LeopardID2022_3ebcdf68-d7b5-4bf6-a62b-53196b35fb62,leopard,train,2
LeopardID2022_3ebf6f31-dd6d-4da8-87b4-053065bd751c,leopard,train,2
LeopardID2022_3fedbde7-4bdd-467f-ba70-f6c1013e873f,leopard,train,3
LeopardID2022_4086a094-f8d2-4952-915b-becfd2263c42,leopard,train,2
LeopardID2022_4093e559-3154-43d3-938e-d251b69b42e9,leopard,train,6
LeopardID2022_41029c04-959f-48b9-8799-d01ad35035eb,leopard,test,2
LeopardID2022_41c4f32a-6ede-4aab-95ab-13ec16610e51,leopard,train,9
LeopardID2022_42508668-124b-43b9-8638-80edf76bab8e,leopard,train,4
LeopardID2022_4621f3e7-410e-4536-9b6d-c8ad48b7c0c8,leopard,test,5
LeopardID2022_466d7a84-5ea7-4555-9396-2c7c4a4a6100,leopard,train,2
LeopardID2022_4766ff73-1ab1-49fd-8596-444d2d496dbc,leopard,train,1
LeopardID2022_476a2372-0025-44b2-93a5-7b7ce7364ad9,leopard,train,3
LeopardID2022_477e93c4-bdb6-4c83-ae6b-eb38407e7e8a,leopard,train,2
LeopardID2022_4795f419-53e7-45bf-9d9f-01a991725d3c,leopard,validation,1
LeopardID2022_47f3f548-3392-42c2-82d9-2637301a2061,leopard,train,14
LeopardID2022_4800cde0-f078-4e54-9ef4-bfe77c22a2fa,leopard,train,8
LeopardID2022_48586dfd-d491-4c06-91b9-2fbfcf5c6cdd,leopard,train,37
LeopardID2022_48db559b-abfd-40fd-aa06-33f0e16c7423,leopard,validation,8
LeopardID2022_4959533c-be2b-418f-8510-92fd01c92358,leopard,train,5
LeopardID2022_49d72f88-6862-4861-9d0b-114b5216d757,leopard,validation,4
LeopardID2022_4b50b981-92fe-4e4f-8a00-3333efe792dd,leopard,train,22
LeopardID2022_4c83a378-7e4d-457f-a85b-b31299263e92,leopard,train,3
LeopardID2022_4d7d2dcc-1cad-4800-a84c-9d87d44206a0,leopard,train,4
LeopardID2022_4d8a2b2b-6045-4f0b-b979-cddb865c01b7,leopard,train,1
LeopardID2022_4e207775-46eb-421c-8e74-680caba7c14b,leopard,train,1
LeopardID2022_4e7236e5-32ea-4782-ac57-ee8cb7d2adf6,leopard,train,4
LeopardID2022_4f4f93a5-cdc9-4fdb-901e-18d9228dd6fa,leopard,test,2
LeopardID2022_4f583226-f799-4639-8041-adc3731bb4b5,leopard,test,6
LeopardID2022_4f8ff8ad-8782-4a1c-be11-4aa4021a3706,leopard,train,6
LeopardID2022_502a3f8b-c867-49c7-854b-d2e20c9062d1,leopard,train,2
LeopardID2022_53378f50-0422-449b-8599-b47aba592476,leopard,test,10
LeopardID2022_53f919ac-1f76-4aab-9377-74369acf831f,leopard,train,1
LeopardID2022_54271604-e08e-4b3e-b249-19a0b023be0b,leopard,train,2
LeopardID2022_5533422e-8ec4-4ab9-ad56-a54fe1b5e9a4,leopard,train,1
LeopardID2022_55614ab7-ed25-4d54-8b20-fd234cbfdfe4,leopard,train,3
LeopardID2022_557919a5-c7a1-4948-becb-df90e3ff0130,leopard,train,4
LeopardID2022_557b5532-7117-40b8-b392-dac7f68da46c,leopard,validation,3
LeopardID2022_559a4a0f-4fa5-46f6-af56-f7aa36bf35dd,leopard,train,23
LeopardID2022_567348ed-b380-4c26-9993-53bfd0301e73,leopard,test,2
LeopardID2022_5677ac0a-9e2c-4650-9b91-73fe817c31ac,leopard,train,16
LeopardID2022_57e2c19c-23cc-4a01-b387-98aa5ebcf2ec,leopard,train,3
LeopardID2022_5828f7cc-0fd0-4348-94f9-77844676247c,leopard,train,8
LeopardID2022_5833eda0-d461-490f-8d71-3db4587b6222,leopard,train,5
LeopardID2022_59e30bdf-a8e4-4f2f-b003-2a84e2cd7384,leopard,test,6
LeopardID2022_59ee3bc6-07e6-4341-873b-5f8108c10827,leopard,validation,2
LeopardID2022_5a49e71c-125f-4ca7-aaae-4d7eab110cc7,leopard,train,10
LeopardID2022_5aab9fb1-2edd-4ab2-934c-5b6fd782d496,leopard,train,1
LeopardID2022_5b3adb33-5ca4-4532-9de5-6b3ed0f50c68,leopard,train,4
LeopardID2022_5c4148f1-d035-4c6f-acf9-702c84d906fc,leopard,train,8
LeopardID2022_5d4eb46f-f5f8-418f-bbf9-00007edae5c8,leopard,train,14
LeopardID2022_5dc95b47-9f6e-4119-bb52-8e592ccf559f,leopard,train,3
LeopardID2022_5e495810-8fc1-4ee9-837c-ed82e265c9b0,leopard,train,2
LeopardID2022_5eedc512-4c33-4a4f-b4f7-2315c210486b,leopard,train,3
LeopardID2022_5f3ce145-3b75-4e42-a66c-1c545c657b8b,leopard,train,43
LeopardID2022_5f3d29d1-e599-4676-8691-a593d3ba6f24,leopard,train,2
LeopardID2022_5f75d79d-1835-4da2-89e4-38f85c40cd34,leopard,train,2
LeopardID2022_5f7ddd9d-c995-4e52-b3f2-2bd2a4ef553e,leopard,train,5
LeopardID2022_5f9e6723-6dd0-4ba1-bbce-936fc6e70e90,leopard,train,14
LeopardID2022_5fd4a74f-e304-4a47-9bb0-5f47c0a29642,leopard,train,1
LeopardID2022_60fcc979-17ea-4807-bbe3-781e72b45396,leopard,test,25
LeopardID2022_61777572-7b2b-4b22-a937-cced3dde05ea,leopard,train,2
LeopardID2022_61797f62-5ccf-4895-9c2c-7463d51fc58e,leopard,train,1
LeopardID2022_622a4be5-6182-470f-8050-603e804004b4,leopard,train,5
LeopardID2022_62c96d52-6426-4489-a669-3890f37c55ea,leopard,train,3
LeopardID2022_63824a69-3a5d-4713-81af-d2aee97abeec,leopard,train,65
LeopardID2022_63b9cd1a-b09e-4b31-87cb-25957569c4c8,leopard,validation,11
LeopardID2022_63c5ceae-dd9d-4d51-83da-8dc4953530b4,leopard,train,9
LeopardID2022_644ff593-0635-45d0-96e0-64f4a39d3ca1,leopard,train,1
LeopardID2022_64bf337a-87a2-4a45-bd38-7ad66da3a95e,leopard,train,19
LeopardID2022_6884b482-7e06-461c-ab3e-42e3ac27511f,leopard,train,6
LeopardID2022_6948d96b-0b5c-422b-a65d-e5098b613b81,leopard,train,53
LeopardID2022_69a21035-4822-4ac4-9fff-8ddd6454cf06,leopard,test,3
LeopardID2022_69a226bb-64a0-4357-9f62-dcc80f403579,leopard,test,33
LeopardID2022_69b85f85-50d6-4cc6-8f79-a555afeee830,leopard,train,12
LeopardID2022_6b3c5f37-bdcf-4536-8e7b-9df42b4b9b2c,leopard,validation,4
LeopardID2022_6c3d8c29-725b-4a3d-9b7e-84fcd0b320eb,leopard,train,3
LeopardID2022_6d626199-276e-4e30-9fcc-09de694be6f1,leopard,train,5
LeopardID2022_6e7eec56-a2b2-41d1-a83e-dec0cd9f6dc3,leopard,train,2
LeopardID2022_6ea541bc-51a5-4acd-9d99-7ab00d5f9030,leopard,train,4
LeopardID2022_6ef1e021-1210-4ddd-a9ce-a64d8a8f50fe,leopard,train,2
LeopardID2022_6f7a8ad0-c1b0-4e0a-8a56-73b51cc8d633,leopard,train,4
LeopardID2022_706f8ab7-d03b-49e2-8926-46a9525f9c58,leopard,train,2
LeopardID2022_710a60d9-9510-46f5-8171-28ceeefd9c14,leopard,train,2
LeopardID2022_71705fda-1707-41ad-94fc-7b888d6354be,leopard,validation,3
LeopardID2022_722b8c92-6bd8-4224-9079-332dbcab2e48,leopard,train,6
LeopardID2022_7236933a-a356-4fd3-bcb9-9eef2c01a340,leopard,test,1
LeopardID2022_728ef545-841a-4cd8-b7dd-292f338f687e,leopard,train,2
LeopardID2022_72976e23-cf84-45cc-91bd-ab23f608c4d2,leopard,train,5
LeopardID2022_72d1db85-7b88-402f-9326-29fb6f692dda,leopard,validation,19
LeopardID2022_731cfe98-79ff-4126-97c7-6d1268fd4efc,leopard,train,16
LeopardID2022_73ad3a4b-9195-48d4-804f-b1fd9df95790,leopard,train,7
LeopardID2022_73fba6b6-232c-4160-a46c-5f85a894a9db,leopard,train,2
LeopardID2022_749f1776-65b1-466a-933d-850fb079ccdc,leopard,validation,3
LeopardID2022_76a53f14-2656-4e16-9516-0b7d6599874c,leopard,validation,4
LeopardID2022_77ac4522-b120-44d3-a930-040d13f3257e,leopard,test,2
LeopardID2022_7809ed60-598d-44b6-9899-d4e38f4c00c2,leopard,train,2
LeopardID2022_785c2dfe-1cae-4f51-a1d1-b635a36a7efd,leopard,train,2
LeopardID2022_79cf7589-f1b9-4c3d-886b-5e2f9b7903ac,leopard,train,11
LeopardID2022_7a86c9e2-259e-45f6-b12f-44fb5158f664,leopard,train,2
LeopardID2022_7b9f88b7-e323-4e7c-ae1d-0938ec0a0073,leopard,train,19
LeopardID2022_7be3b63c-b52a-4881-b520-3b03fb457195,leopard,test,4
LeopardID2022_7cd0e8a9-826f-4770-be7c-6d3f87dee9a1,leopard,test,11
LeopardID2022_7dde1f68-6041-4c1c-b735-5525b69f50ac,leopard,train,22
LeopardID2022_7e45f749-bead-43d1-ac64-e1771738d038,leopard,validation,4
LeopardID2022_7e86ebd8-9625-40c3-98b3-d9b95752a876,leopard,train,2
LeopardID2022_7ea9b95c-66b7-4032-a478-1d460291f52d,leopard,train,2
LeopardID2022_7f76fbe1-6dbf-47dd-9a1e-e858a7b6482a,leopard,validation,1
LeopardID2022_7fc7dffd-3825-4881-b1eb-4fc5cbbcc6ed,leopard,train,1
LeopardID2022_7ff5036a-e948-4756-a63f-f0ba10f9e416,leopard,train,3
LeopardID2022_808ae75e-5acb-440f-b97f-75197a706376,leopard,train,3
LeopardID2022_809104ee-efb2-4e01-93b5-368340f145e8,leopard,train,5
LeopardID2022_81224356-83ce-49ab-b20d-e2c0d0edde27,leopard,train,6
LeopardID2022_81ad30d8-15c7-492e-918b-d9592d8f3f08,leopard,train,232
LeopardID2022_81ec3fac-002e-46ef-85c6-b59d338797ef,leopard,test,5
LeopardID2022_838f7692-b42f-4f95-8894-e3269bc8d100,leopard,train,5
LeopardID2022_83ee0238-0989-4dc0-ba47-8cbb1aa54b88,leopard,train,2
LeopardID2022_84a2c56b-d51a-4883-8fde-33a11004fffc,leopard,train,34
LeopardID2022_84d4d409-cb79-48d0-8bb6-7f58e0e0bca6,leopard,test,2
LeopardID2022_85efa5e8-e730-4b21-9179-c5241cbc5cff,leopard,train,4
LeopardID2022_863f2925-6037-4ce5-b1c6-7aeb88bbf48d,leopard,train,10
LeopardID2022_86f2acec-a748-41d4-8da7-66ce785add5c,leopard,validation,1
LeopardID2022_87427ec4-0f68-49b0-b2ed-a817c88f1ece,leopard,validation,7
LeopardID2022_88509951-0d31-4405-aa75-e85a071e94a6,leopard,train,2
LeopardID2022_88890026-3c8a-4749-b247-f87739a9eb91,leopard,train,2
LeopardID2022_888afda0-3b59-4117-a89f-d310da66032b,leopard,validation,52
LeopardID2022_89304cca-2107-4be4-9e89-1446d2a6f165,leopard,train,9
LeopardID2022_89dc9164-8c29-4f6d-bbb9-747ba67fae60,leopard,test,14
LeopardID2022_8a3563e1-e39f-4158-b4c5-3c7685f09bcb,leopard,train,25
LeopardID2022_8a471b0c-46dc-4689-94eb-9b8cf77dc957,leopard,train,3
LeopardID2022_8aeb0450-bd20-4521-8282-5b5703c348c4,leopard,test,10
LeopardID2022_8b1b355c-caac-4e10-8135-0f5132c70f47,leopard,validation,6
LeopardID2022_8b295791-aaf6-4caf-a32a-2d4785098e87,leopard,test,411
LeopardID2022_8b743217-9b38-4ee1-acc9-a666e126ecc1,leopard,train,1
LeopardID2022_8bbe7eee-ece7-4600-9347-8aabd899cb77,leopard,train,15
LeopardID2022_8d0dea45-6b6b-4a17-b9a6-4442f3dd7c53,leopard,train,3
LeopardID2022_8d17ee79-32d0-49dd-9697-8c49d01f2ce9,leopard,test,1
LeopardID2022_8e293d28-d648-41cb-84ae-35913e855c72,leopard,train,3
LeopardID2022_8e37baa5-c486-4056-9db8-5d00863406bc,leopard,train,395
LeopardID2022_8ec2a1cc-fac7-4b7e-bcb0-4ce4d03be451,leopard,train,92
LeopardID2022_8f083705-655b-4a17-a983-a0742d75dcb0,leopard,train,5
LeopardID2022_8f0e6106-f58a-48c0-be8f-e300ba913c01,leopard,train,8
LeopardID2022_8f6a7492-6d59-4218-8c3e-7ecdf310752c,leopard,validation,3
LeopardID2022_8f76acd2-f3ba-4c7a-a00f-bb71343d2356,leopard,train,6
LeopardID2022_8fe3c161-b0c1-4e40-b3ba-998b37272b23,leopard,train,11
LeopardID2022_9013c3db-3a8b-4f33-9fdb-fe4e7e5d454e,leopard,train,45
LeopardID2022_915312fb-1d70-484a-9862-1d0aca47df1c,leopard,train,4
LeopardID2022_915f40d8-70cf-4d7b-b1d7-4f0444c2e0f2,leopard,validation,3
LeopardID2022_9170ae5b-fd20-48da-9bb1-cee515714e68,leopard,train,26
LeopardID2022_91f775df-2177-4ffa-90b6-f5a6a803963f,leopard,validation,1
LeopardID2022_92437da8-2675-48f5-9c85-16710baa0eef,leopard,train,3
LeopardID2022_924bdc19-a3cd-467d-abcb-36702d12f270,leopard,test,20
LeopardID2022_92979236-b885-4aa2-8f22-da447159f85a,leopard,train,156
LeopardID2022_9354aeb2-adb2-4470-ba31-ee4cbbc97ef2,leopard,train,5
LeopardID2022_93628969-5284-4115-b362-137abf93aacb,leopard,train,39
LeopardID2022_9467c306-61bd-4754-af87-abb2e1c2fd7e,leopard,train,4
LeopardID2022_94f53d61-f681-4861-b8f9-a6d3a2721501,leopard,train,4
LeopardID2022_951cc55f-b0b9-474b-a65f-8c5af4395ed5,leopard,validation,3
LeopardID2022_951f3bbf-f9f1-4ace-ab20-ef153169384f,leopard,train,107
LeopardID2022_9529feef-a4af-4783-bc46-3b8c317a3da6,leopard,train,2
LeopardID2022_9568025e-d634-45bb-ba9e-96a3dde71895,leopard,validation,7
LeopardID2022_96372678-43c8-42fd-b929-11dc9ba6f4e9,leopard,train,6
LeopardID2022_96d393be-7d3b-429f-8e51-6048a8593b47,leopard,train,62
LeopardID2022_98fef1c4-6ee8-4045-a782-bc833b43ea44,leopard,train,2
LeopardID2022_9a3319f8-f480-4cf0-b917-32bb8998f81b,leopard,train,7
LeopardID2022_9ca22065-7688-44a9-b7a4-2731b791c169,leopard,train,1
LeopardID2022_9d23970d-9b7e-40e2-813f-85cb59c7aafe,leopard,train,3
LeopardID2022_9dce1bc1-361d-45d7-9db1-2a143c732b66,leopard,test,222
LeopardID2022_9ddbb669-6b61-4171-8255-b7b9b7a67db1,leopard,validation,66
LeopardID2022_9e9ec9f9-926f-443c-b1b4-6fe6f08d5a8d,leopard,train,3
LeopardID2022_9ec659d2-2183-4f55-8882-1fe87e13d5f4,leopard,test,298
LeopardID2022_9f82dbee-20d9-47e4-96cb-3291cb5dfc27,leopard,train,5
LeopardID2022_9fe80e80-aa35-43e2-96c7-74335517fb74,leopard,train,5
LeopardID2022_a00094fa-7300-40e4-bc80-9c13f376c31f,leopard,train,24
LeopardID2022_a0d7ff43-7153-4c0d-b010-5c28a9172c9e,leopard,validation,19
LeopardID2022_a1d0fd59-883e-4e53-a313-6264f2f247fa,leopard,train,129
LeopardID2022_a2d573ca-efe0-4a20-b650-0926b14f1b5f,leopard,train,2
LeopardID2022_a3761156-b138-488b-9dd7-b29986082ad0,leopard,train,3
LeopardID2022_a41e17ba-38d9-4680-b822-4e0e6b0ccaf7,leopard,test,3
LeopardID2022_a4a30593-08c3-43aa-a1be-acd403b511c9,leopard,test,1
LeopardID2022_a566ddcd-8bf8-4f8e-9a61-f434b01b0799,leopard,validation,275
LeopardID2022_a58be6e6-9971-4774-ae07-996f321f6ff2,leopard,train,2
LeopardID2022_a59a54c2-b125-461a-9d3a-ad9d8946831a,leopard,validation,2
LeopardID2022_a5db5ae0-477f-41e6-9064-a30de3b6a275,leopard,train,2
LeopardID2022_a68c2912-b443-4e34-bb15-b63644d88135,leopard,train,2
LeopardID2022_a7253722-9f97-49e9-b70c-f23b1370fd0e,leopard,train,4
LeopardID2022_a846f24d-3e23-4b6a-9e62-72cb01e548c9,leopard,train,2
LeopardID2022_a8a4188d-54ed-416b-820b-20086e946524,leopard,train,1
LeopardID2022_a8acd24e-546b-4e61-a1cc-9043a843a9a2,leopard,train,6
LeopardID2022_a8ef3b7e-9421-44b9-9da8-c9a74218a517,leopard,train,3
LeopardID2022_a9006d2d-1e9e-43c3-b6df-3762a504995f,leopard,train,74
LeopardID2022_a9ef8555-2ebc-4345-b021-5082ffebdcb7,leopard,train,8
LeopardID2022_ab07eaed-765a-4faa-b4ce-43992596395a,leopard,test,7
LeopardID2022_ab0c45d8-0ee5-4481-979c-259db9c1fc86,leopard,train,2
LeopardID2022_ab10f39d-32f7-4806-9eba-fe81edb4c51a,leopard,validation,3
LeopardID2022_aba901ad-fec6-4a64-b477-eec337371236,leopard,train,1
LeopardID2022_ac29702e-335e-42c5-898a-a2cd8c944a1e,leopard,train,1
LeopardID2022_ac2ad6cd-b235-44c0-bee9-d3067e2c5495,leopard,train,3
LeopardID2022_aca994a2-1a92-43d9-a07a-2ef5b0f4a5f3,leopard,train,2
LeopardID2022_acf48be9-1b25-40c0-9c5f-5218ba5c3920,leopard,train,10
LeopardID2022_ad3f0d5b-de87-462c-b317-937b9babd283,leopard,train,6
LeopardID2022_ad886592-f2e1-4a83-84dd-aa9ca3b8763c,leopard,train,40
LeopardID2022_adecac15-4317-4127-8654-f465fef8e733,leopard,train,10
LeopardID2022_ae7c662c-8e9c-4bf1-af81-548afc4bcb84,leopard,train,4
LeopardID2022_ae7f4344-cbf0-4296-ab36-fa96d9305e80,leopard,train,4
LeopardID2022_ae96d044-d0dc-4eeb-bfca-f1644b2d91f7,leopard,train,3
LeopardID2022_aeb70d70-19b6-4900-b178-8853de58a2c0,leopard,train,4
LeopardID2022_af12ef21-a35b-43e0-85e6-2403ddc35e4f,leopard,test,2
LeopardID2022_af4751b7-46e6-44eb-8b5a-7042f4605b2f,leopard,train,3
LeopardID2022_afa56b39-b6dd-4bbd-99b5-33d75e4d7767,leopard,train,1
LeopardID2022_b0511113-f158-4703-83b9-0b37e92e44f5,leopard,train,3
LeopardID2022_b0910c4d-00a5-4196-8b28-abe1cccc8e8b,leopard,train,1
LeopardID2022_b16ae6bb-a818-4700-9e2d-ecdc63751243,leopard,train,1
LeopardID2022_b29befd8-9bbb-4306-aacc-01ed8573810a,leopard,train,4
LeopardID2022_b3add45e-75fc-460f-ab47-aa4b5268ce8f,leopard,train,2
LeopardID2022_b3cadf4e-6dc5-4d1a-bc0e-adc6805d9329,leopard,test,5
LeopardID2022_b3fe3b6b-b045-4153-9611-041b87a680a2,leopard,train,17
LeopardID2022_b4ba6753-bb00-4b50-b1fd-05e48e5472b8,leopard,validation,9
LeopardID2022_b522fd7e-831d-4a1d-b0e2-d269c39b4e35,leopard,test,5
LeopardID2022_b5bf8c9b-39d6-4b68-9d56-9a26a3b7de1e,leopard,test,1
LeopardID2022_b6be1873-94bd-4763-b852-78057f2cd99f,leopard,train,3
LeopardID2022_ba80db55-8aeb-4a61-a170-f44a4d6befe5,leopard,validation,4
LeopardID2022_ba8ce8ba-6311-4250-95dd-5e5efa32ebd0,leopard,test,23
LeopardID2022_bb08514b-7f5e-4481-aeed-4d0d3a05716e,leopard,validation,3
LeopardID2022_bb19ebc4-b8c9-4a03-8667-f60815eb6202,leopard,validation,1
LeopardID2022_bc3229ef-d26b-4cfc-8785-50316eb11232,leopard,train,2
LeopardID2022_bd67b977-888e-44cb-9008-a279e1acb8bf,leopard,train,2
LeopardID2022_bdd66298-65b2-4257-bd79-51ed8e448c21,leopard,test,1
LeopardID2022_bddd9524-d4a1-4ac2-877b-459211f7acc5,leopard,test,34
LeopardID2022_be2a9ca9-e59e-405d-8ec8-6049ccf359f2,leopard,test,4
LeopardID2022_bf159a20-d4d1-45a0-bf61-b04abfee1a32,leopard,train,27
LeopardID2022_c295572c-78f0-4b3e-bd73-3f6880e1324f,leopard,train,5
LeopardID2022_c300d862-2aba-42a1-8bb7-f992e1ea9dbd,leopard,validation,15
LeopardID2022_c3799f7d-5ba9-4266-beff-1cb38febbc86,leopard,validation,13
LeopardID2022_c37fda4d-25b4-4b23-82c2-3b2d03c36576,leopard,train,2
LeopardID2022_c3a937f1-f565-46c5-affb-4f6070efc3e0,leopard,train,55
LeopardID2022_c4877fdb-0612-4fb3-90f7-4ec508ada445,leopard,test,12
LeopardID2022_c4f93074-0633-425f-96fb-52e6fcc885d8,leopard,test,3
LeopardID2022_c5eb51bb-5000-4155-8b3b-49a713a34eca,leopard,train,2
LeopardID2022_c7fa3bc1-65ee-4028-86a7-a64b841d5dba,leopard,validation,10
LeopardID2022_c8ee0581-850c-445a-8e25-6b64687eae27,leopard,train,2
LeopardID2022_c9f40dfb-0a95-4038-a148-d4ba180b91e2,leopard,train,98
LeopardID2022_ca672912-4a93-4fa4-be65-98b95dff7491,leopard,test,5
LeopardID2022_cb6221e4-dd56-4b4c-b169-862cf02c1508,leopard,train,1
LeopardID2022_cb7e5202-3f7c-487e-b2ae-dd8f1fbde32d,leopard,train,2
LeopardID2022_cbd32aaf-6b5c-419a-8f73-29e54550cbb4,leopard,train,5
LeopardID2022_cc0d3a18-c61a-4952-b2fd-4f1e701cca82,leopard,train,1
LeopardID2022_cc291eb6-5a7f-4123-bac4-1a71fa752906,leopard,train,4
LeopardID2022_ccd07125-636d-4aa5-8d57-e5860a1ab9a3,leopard,train,3
LeopardID2022_cd0dee0e-de4f-430b-9d69-7e8f28a69bba,leopard,train,3
LeopardID2022_cd1a0522-2a45-4bd1-a68f-dd1baa7bcd99,leopard,test,6
LeopardID2022_ced5c9fe-098d-40e9-aa0f-01d3b7ad856c,leopard,train,60
LeopardID2022_d01218f6-d32d-458a-8c08-6aca4c069869,leopard,test,5
LeopardID2022_d0bb7df8-1f9b-4132-9275-618713a9dcfb,leopard,train,1
LeopardID2022_d0d433a6-750c-441d-b6a1-4f54cdda3222,leopard,train,2
LeopardID2022_d197663a-8909-4f77-8481-cde9f00ad619,leopard,train,4
LeopardID2022_d2e54dbb-5353-463a-8db3-749139ad6409,leopard,train,7
LeopardID2022_d2fe7415-883d-4fac-9509-a5c3bf48393d,leopard,validation,21
LeopardID2022_d34f5017-3a9d-455c-9245-c4d0c4572cd2,leopard,train,2
LeopardID2022_d3a5ea11-3653-4941-9c80-0e2d8abc340e,leopard,train,3
LeopardID2022_d4b4cbc9-90b3-4f76-a615-75ac01eca88a,leopard,train,5
LeopardID2022_d5a52fb1-ccd4-442c-a94d-54b264f77535,leopard,validation,4
LeopardID2022_d797dc02-2bcd-4c82-9e1a-0a6a63a4ed4e,leopard,train,28
LeopardID2022_d7c0272d-8fc0-49a0-9866-b9e6e7b17cf0,leopard,test,1
LeopardID2022_dab0a616-51e8-4b30-bd82-19bb69229e99,leopard,validation,3
LeopardID2022_db072d71-080e-4e66-bb90-f9da43e3d6f2,leopard,validation,4
LeopardID2022_dfad3ca2-6a65-4805-9653-da8359595f0d,leopard,validation,1
LeopardID2022_e042a62a-3a5f-421f-aaa6-cbe5f15b528a,leopard,validation,1
LeopardID2022_e05d23cc-6057-4c19-907b-cfbf712e2b7d,leopard,train,3
LeopardID2022_e19c3dc4-0122-4c0a-be99-fbdb3e4741ef,leopard,train,120
LeopardID2022_e1d19002-e6b7-4ec0-9011-8f6272225d89,leopard,train,2
LeopardID2022_e1ec53ca-55e3-4db1-943d-b26ff57e4820,leopard,train,2
LeopardID2022_e35ea3e3-08b2-48e3-bdee-caa6a60e403f,leopard,train,2
LeopardID2022_e3c1078a-aaed-42f2-85ae-e1d3b618cdee,leopard,train,11
LeopardID2022_e44cd531-93ca-478f-9c5f-845453f0656e,leopard,train,12
LeopardID2022_e4cfde9b-5759-4f64-8727-e36e117601e4,leopard,train,4
LeopardID2022_e560b0ca-2a69-48db-8653-3134578a60de,leopard,train,2
LeopardID2022_e630def4-c4c2-49fd-b0f4-87e34da60a1a,leopard,train,7
LeopardID2022_e69874d5-a4d2-467d-ac3a-8ad186e3d5da,leopard,train,3
LeopardID2022_e7994de0-d045-4f97-bb9e-79cf8109ea79,leopard,validation,9
LeopardID2022_e7d40588-ede3-4854-aee7-7423004fb23b,leopard,train,5
LeopardID2022_e7df3972-704f-4f72-8417-cdd69dc52677,leopard,test,3
LeopardID2022_e803f72d-dadb-4cf3-b598-d0a79ea25e82,leopard,train,1
LeopardID2022_e89de0b2-1f3b-4ac3-8a1a-480595aac494,leopard,train,5
LeopardID2022_e91455e2-1c59-4e24-ae02-de0cccf6c9eb,leopard,validation,7
LeopardID2022_e954fd06-34b9-442f-99da-833d701216ec,leopard,train,13
LeopardID2022_e9ffb750-5aa3-48e8-9390-3dfa1c2ae629,leopard,test,11
LeopardID2022_ea2e13fe-4a24-4037-af1e-46efa289e901,leopard,validation,3
LeopardID2022_ea56c938-925e-435c-a50c-7d5e95fcad34,leopard,test,3
LeopardID2022_ec27531a-bb48-414f-9a96-6db82f04a74e,leopard,validation,10
LeopardID2022_ed4251de-87c7-4e5d-88dc-7463b24bd950,leopard,train,4
LeopardID2022_edecc397-ed15-4851-82f5-b187f67111a3,leopard,train,2
LeopardID2022_ef22f161-9923-4e3a-adc5-d315576c157c,leopard,train,5
LeopardID2022_efa2cf9b-bc5d-4ba3-b291-85cfe759726c,leopard,validation,5
LeopardID2022_f1116150-8ea6-4a26-a0b8-90208a8a2248,leopard,train,23
LeopardID2022_f1120b0e-e58a-4b04-96a9-2351cba3546a,leopard,train,16
LeopardID2022_f266e031-2645-45c5-bbb9-047797e37a4a,leopard,test,10
LeopardID2022_f2abff83-5163-4560-be53-9421cac22d71,leopard,train,9
LeopardID2022_f39b36c5-c265-4825-ba79-87f998ed6746,leopard,validation,34
LeopardID2022_f4097c93-b951-415a-ad72-2a28fadffd5f,leopard,train,1
LeopardID2022_f4626dd4-34ce-407e-822c-507da1fcefa1,leopard,train,3
LeopardID2022_f54eeeb1-cab5-454a-adf3-fcd8c4a2b4a5,leopard,train,169
LeopardID2022_f6195900-8fc6-4d89-a37c-f82a956d1086,leopard,train,14
LeopardID2022_f783fc6c-f22a-4b35-a37b-b814ca4cc68e,leopard,train,19
LeopardID2022_f830c415-8659-45ca-8426-ab5346ea4c60,leopard,train,3
LeopardID2022_f93fcac6-affb-4909-acfe-8ff354ce6c01,leopard,train,1
LeopardID2022_f999cf2a-c4e5-4f13-b3e4-d4ce1f8b356b,leopard,train,2
LeopardID2022_f9f79350-ddae-4912-8e6a-d64e883ee17e,leopard,train,3
LeopardID2022_f9fd85b1-e3bb-45a3-9cb4-06f0c04ec8c2,leopard,train,9
LeopardID2022_fb1ee710-dcba-4201-b8b1-4fa5412ad5ad,leopard,train,5
LeopardID2022_fb6b0c70-6f89-4c7b-a8b5-357fe4cfa3f4,leopard,validation,1
LeopardID2022_fc254aa5-d0d8-4dac-85a7-aa9d75b2331b,leopard,train,2
LeopardID2022_fc5bbb6f-e7c2-475c-b0a3-8cb814d3dade,leopard,train,2
LeopardID2022_fc628bad-d8ce-4915-9cf1-29835d930e7c,leopard,train,3
LeopardID2022_fe0d7380-1d87-48c5-851a-24e6484f0094,leopard,validation,1
LeopardID2022_fe41dc85-e196-4e03-9cd2-156a49feaac4,leopard,train,10
LeopardID2022_fed7544d-1138-4fde-91c2-ba323015fc64,leopard,train,5
LeopardID2022_ff1e64f5-2adf-4b06-b8c6-30e9dd6f13c6,leopard,train,3
LeopardID2022_ff88f9ab-31ce-4eba-a0d7-580320c62580,leopard,train,5
LeopardID2022_ff8bd094-ea5c-4d97-9eac-9797e41d3ae7,leopard,train,2
LeopardID2022_ffc0fac2-c289-42d1-bb41-fbee88f942e4,leopard,train,28
MPDD_0,dog,train,10
MPDD_1,dog,train,10
MPDD_10,dog,train,7
MPDD_100,dog,train,12
MPDD_101,dog,train,9
MPDD_102,dog,train,7
MPDD_103,dog,test,9
MPDD_104,dog,test,13
MPDD_105,dog,train,6
MPDD_106,dog,train,8
MPDD_107,dog,train,6
MPDD_108,dog,test,10
MPDD_109,dog,train,7
MPDD_11,dog,train,6
MPDD_110,dog,train,13
MPDD_111,dog,train,6
MPDD_112,dog,train,6
MPDD_113,dog,test,7
MPDD_114,dog,train,7
MPDD_115,dog,train,10
MPDD_116,dog,train,5
MPDD_117,dog,train,15
MPDD_118,dog,train,15
MPDD_119,dog,test,6
MPDD_12,dog,train,10
MPDD_120,dog,train,3
MPDD_121,dog,train,7
MPDD_122,dog,validation,10
MPDD_123,dog,train,10
MPDD_124,dog,train,6
MPDD_125,dog,test,5
MPDD_126,dog,test,10
MPDD_127,dog,test,10
MPDD_128,dog,validation,8
MPDD_129,dog,train,5
MPDD_13,dog,train,8
MPDD_130,dog,train,8
MPDD_131,dog,train,17
MPDD_132,dog,train,13
MPDD_133,dog,test,10
MPDD_134,dog,train,10
MPDD_135,dog,train,10
MPDD_136,dog,validation,10
MPDD_137,dog,test,7
MPDD_138,dog,train,8
MPDD_139,dog,validation,12
MPDD_14,dog,train,16
MPDD_140,dog,train,10
MPDD_141,dog,train,8
MPDD_142,dog,train,6
MPDD_143,dog,train,7
MPDD_144,dog,test,7
MPDD_145,dog,test,25
MPDD_146,dog,validation,4
MPDD_147,dog,train,6
MPDD_148,dog,validation,16
MPDD_149,dog,train,15
MPDD_15,dog,train,10
MPDD_150,dog,train,15
MPDD_151,dog,validation,14
MPDD_152,dog,train,6
MPDD_153,dog,train,14
MPDD_154,dog,validation,8
MPDD_155,dog,train,10
MPDD_156,dog,test,4
MPDD_157,dog,validation,4
MPDD_158,dog,train,12
MPDD_159,dog,test,12
MPDD_16,dog,train,8
MPDD_160,dog,train,5
MPDD_161,dog,train,5
MPDD_162,dog,train,8
MPDD_163,dog,train,6
MPDD_164,dog,train,6
MPDD_165,dog,train,16
MPDD_166,dog,train,4
MPDD_167,dog,test,11
MPDD_168,dog,train,9
MPDD_169,dog,train,16
MPDD_17,dog,train,4
MPDD_170,dog,test,5
MPDD_171,dog,train,10
MPDD_172,dog,validation,16
MPDD_173,dog,train,7
MPDD_174,dog,train,16
MPDD_175,dog,train,16
MPDD_176,dog,test,6
MPDD_177,dog,train,14
MPDD_178,dog,train,16
MPDD_179,dog,validation,5
MPDD_18,dog,train,9
MPDD_180,dog,train,5
MPDD_181,dog,train,15
MPDD_182,dog,train,16
MPDD_183,dog,train,5
MPDD_184,dog,train,5
MPDD_185,dog,validation,5
MPDD_186,dog,train,10
MPDD_187,dog,train,13
MPDD_188,dog,train,9
MPDD_189,dog,train,6
MPDD_19,dog,train,13
MPDD_190,dog,train,7
MPDD_2,dog,train,10
MPDD_20,dog,train,7
MPDD_21,dog,train,10
MPDD_22,dog,test,9
MPDD_23,dog,train,13
MPDD_24,dog,train,11
MPDD_25,dog,test,8
MPDD_26,dog,train,9
MPDD_27,dog,train,7
MPDD_28,dog,train,9
MPDD_29,dog,train,10
MPDD_3,dog,train,11
MPDD_30,dog,train,9
MPDD_31,dog,train,8
MPDD_32,dog,train,9
MPDD_33,dog,validation,8
MPDD_34,dog,train,7
MPDD_35,dog,train,6
MPDD_36,dog,test,8
MPDD_37,dog,train,5
MPDD_38,dog,train,6
MPDD_39,dog,test,6
MPDD_4,dog,train,7
MPDD_40,dog,test,9
MPDD_41,dog,train,7
MPDD_42,dog,validation,8
MPDD_43,dog,train,9
MPDD_44,dog,train,9
MPDD_45,dog,test,9
MPDD_46,dog,train,10
MPDD_47,dog,validation,6
MPDD_48,dog,train,10
MPDD_49,dog,validation,9
MPDD_5,dog,train,9
MPDD_50,dog,train,6
MPDD_51,dog,train,8
MPDD_52,dog,train,6
MPDD_53,dog,test,6
MPDD_54,dog,test,6
MPDD_55,dog,train,6
MPDD_56,dog,train,9
MPDD_57,dog,validation,5
MPDD_58,dog,test,5
MPDD_59,dog,train,6
MPDD_6,dog,validation,9
MPDD_60,dog,train,7
MPDD_61,dog,train,6
MPDD_62,dog,train,7
MPDD_63,dog,train,8
MPDD_64,dog,train,7
MPDD_65,dog,train,13
MPDD_66,dog,train,10
MPDD_67,dog,train,4
MPDD_68,dog,train,9
MPDD_69,dog,validation,7
MPDD_7,dog,train,8
MPDD_70,dog,validation,8
MPDD_71,dog,train,8
MPDD_72,dog,validation,6
MPDD_73,dog,validation,9
MPDD_74,dog,train,6
MPDD_75,dog,train,5
MPDD_76,dog,train,10
MPDD_77,dog,train,6
MPDD_78,dog,train,9
MPDD_79,dog,train,6
MPDD_8,dog,train,11
MPDD_80,dog,train,13
MPDD_81,dog,test,10
MPDD_82,dog,validation,9
MPDD_83,dog,train,5
MPDD_84,dog,train,3
MPDD_85,dog,test,7
MPDD_86,dog,train,6
MPDD_87,dog,train,6
MPDD_88,dog,train,10
MPDD_89,dog,test,6
MPDD_9,dog,train,8
MPDD_90,dog,validation,9
MPDD_91,dog,train,5
MPDD_92,dog,validation,5
MPDD_93,dog,train,7
MPDD_94,dog,train,10
MPDD_95,dog,validation,9
MPDD_96,dog,train,16
MPDD_97,dog,train,5
MPDD_98,dog,train,8
MPDD_99,dog,train,7
MultiCamCows2024_1,cow,train,228
MultiCamCows2024_10,cow,train,23
MultiCamCows2024_11,cow,train,40
MultiCamCows2024_12,cow,train,98
MultiCamCows2024_13,cow,train,62
MultiCamCows2024_14,cow,test,51
MultiCamCows2024_15,cow,train,80
MultiCamCows2024_16,cow,train,68
MultiCamCows2024_17,cow,train,171
MultiCamCows2024_18,cow,test,38
MultiCamCows2024_19,cow,train,71
MultiCamCows2024_2,cow,train,82
MultiCamCows2024_20,cow,train,30
MultiCamCows2024_21,cow,train,64
MultiCamCows2024_22,cow,train,186
MultiCamCows2024_23,cow,train,148
MultiCamCows2024_24,cow,train,52
MultiCamCows2024_25,cow,train,16
MultiCamCows2024_26,cow,train,96
MultiCamCows2024_27,cow,train,87
MultiCamCows2024_28,cow,train,29
MultiCamCows2024_29,cow,train,86
MultiCamCows2024_3,cow,train,39
MultiCamCows2024_30,cow,train,73
MultiCamCows2024_31,cow,train,79
MultiCamCows2024_32,cow,test,43
MultiCamCows2024_33,cow,validation,205
MultiCamCows2024_34,cow,train,27
MultiCamCows2024_35,cow,train,128
MultiCamCows2024_36,cow,train,104
MultiCamCows2024_37,cow,validation,40
MultiCamCows2024_38,cow,train,129
MultiCamCows2024_39,cow,test,35
MultiCamCows2024_4,cow,validation,36
MultiCamCows2024_40,cow,train,25
MultiCamCows2024_41,cow,train,74
MultiCamCows2024_42,cow,train,120
MultiCamCows2024_43,cow,test,32
MultiCamCows2024_44,cow,train,17
MultiCamCows2024_45,cow,train,26
MultiCamCows2024_46,cow,test,57
MultiCamCows2024_47,cow,test,25
MultiCamCows2024_48,cow,train,32
MultiCamCows2024_49,cow,train,44
MultiCamCows2024_5,cow,train,49
MultiCamCows2024_50,cow,validation,42
MultiCamCows2024_51,cow,train,80
MultiCamCows2024_52,cow,validation,32
MultiCamCows2024_53,cow,test,23
MultiCamCows2024_54,cow,test,20
MultiCamCows2024_55,cow,test,27
MultiCamCows2024_56,cow,validation,65
MultiCamCows2024_57,cow,train,23
MultiCamCows2024_58,cow,train,19
MultiCamCows2024_59,cow,train,21
MultiCamCows2024_6,cow,train,205
MultiCamCows2024_60,cow,test,37
MultiCamCows2024_61,cow,train,112
MultiCamCows2024_62,cow,validation,44
MultiCamCows2024_63,cow,train,22
MultiCamCows2024_64,cow,train,23
MultiCamCows2024_65,cow,train,33
MultiCamCows2024_66,cow,test,85
MultiCamCows2024_67,cow,train,29
MultiCamCows2024_68,cow,validation,11
MultiCamCows2024_69,cow,train,16
MultiCamCows2024_7,cow,train,50
MultiCamCows2024_70,cow,train,60
MultiCamCows2024_71,cow,train,12
MultiCamCows2024_72,cow,train,14
MultiCamCows2024_73,cow,train,12
MultiCamCows2024_74,cow,test,13
MultiCamCows2024_75,cow,train,12
MultiCamCows2024_76,cow,train,15
MultiCamCows2024_77,cow,train,42
MultiCamCows2024_78,cow,train,23
MultiCamCows2024_79,cow,train,110
MultiCamCows2024_8,cow,train,61
MultiCamCows2024_80,cow,train,9
MultiCamCows2024_81,cow,test,21
MultiCamCows2024_82,cow,train,79
MultiCamCows2024_83,cow,validation,55
MultiCamCows2024_84,cow,train,17
MultiCamCows2024_85,cow,train,21
MultiCamCows2024_86,cow,validation,14
MultiCamCows2024_87,cow,test,11
MultiCamCows2024_88,cow,train,79
MultiCamCows2024_89,cow,train,119
MultiCamCows2024_9,cow,train,43
MultiCamCows2024_90,cow,train,6
NDD20_1,dolphin,validation,46
NDD20_10,dolphin,test,12
NDD20_11,dolphin,train,111
NDD20_12,dolphin,train,62
NDD20_13,dolphin,test,38
NDD20_14,dolphin,train,40
NDD20_15,dolphin,train,68
NDD20_16,dolphin,train,78
NDD20_17,dolphin,test,11
NDD20_18,dolphin,validation,50
NDD20_19,dolphin,train,21
NDD20_2,dolphin,test,52
NDD20_20,dolphin,train,43
NDD20_21,dolphin,train,27
NDD20_22,dolphin,train,43
NDD20_23,dolphin,train,50
NDD20_24,dolphin,test,20
NDD20_25,dolphin,train,22
NDD20_26,dolphin,train,40
NDD20_27,dolphin,train,24
NDD20_28,dolphin,test,47
NDD20_29,dolphin,test,37
NDD20_3,dolphin,validation,30
NDD20_30,dolphin,train,34
NDD20_31,dolphin,train,40
NDD20_32,dolphin,train,19
NDD20_33,dolphin,train,15
NDD20_34,dolphin,train,41
NDD20_35,dolphin,train,29
NDD20_36,dolphin,train,23
NDD20_37,dolphin,train,21
NDD20_38,dolphin,validation,58
NDD20_39,dolphin,test,36
NDD20_4,dolphin,train,38
NDD20_40,dolphin,train,18
NDD20_41,dolphin,train,51
NDD20_42,dolphin,train,12
NDD20_43,dolphin,validation,24
NDD20_44,dolphin,validation,25
NDD20_45,dolphin,train,26
NDD20_46,dolphin,validation,21
NDD20_47,dolphin,train,30
NDD20_48,dolphin,train,13
NDD20_49,dolphin,validation,94
NDD20_5,dolphin,train,22
NDD20_50,dolphin,train,20
NDD20_51,dolphin,train,12
NDD20_52,dolphin,validation,55
NDD20_53,dolphin,train,53
NDD20_54,dolphin,train,21
NDD20_55,dolphin,test,13
NDD20_56,dolphin,validation,15
NDD20_57,dolphin,train,16
NDD20_58,dolphin,train,18
NDD20_59,dolphin,test,9
NDD20_6,dolphin,test,25
NDD20_60,dolphin,train,17
NDD20_61,dolphin,test,51
NDD20_62,dolphin,train,29
NDD20_63,dolphin,train,18
NDD20_64,dolphin,train,29
NDD20_65,dolphin,train,11
NDD20_66,dolphin,validation,17
NDD20_67,dolphin,train,15
NDD20_68,dolphin,train,57
NDD20_69,dolphin,train,8
NDD20_7,dolphin,train,47
NDD20_70,dolphin,train,30
NDD20_71,dolphin,train,13
NDD20_72,dolphin,train,14
NDD20_73,dolphin,train,9
NDD20_74,dolphin,train,51
NDD20_75,dolphin,train,30
NDD20_76,dolphin,train,19
NDD20_77,dolphin,train,17
NDD20_78,dolphin,train,18
NDD20_79,dolphin,test,27
NDD20_8,dolphin,train,62
NDD20_80,dolphin,validation,18
NDD20_81,dolphin,train,72
NDD20_82,dolphin,train,14
NDD20_9,dolphin,train,45
NyalaData_1,nyala,train,6
NyalaData_10,nyala,train,15
NyalaData_100,nyala,validation,11
NyalaData_101,nyala,train,14
NyalaData_102,nyala,train,20
NyalaData_104,nyala,test,10
NyalaData_105,nyala,validation,4
NyalaData_106,nyala,train,16
NyalaData_107,nyala,train,4
NyalaData_108,nyala,train,12
NyalaData_109,nyala,train,6
NyalaData_11,nyala,train,31
NyalaData_110,nyala,train,7
NyalaData_111,nyala,validation,20
NyalaData_112,nyala,train,6
NyalaData_113,nyala,train,4
NyalaData_114,nyala,train,16
NyalaData_115,nyala,validation,10
NyalaData_116,nyala,validation,10
NyalaData_117,nyala,train,2
NyalaData_118,nyala,train,2
NyalaData_119,nyala,train,2
NyalaData_12,nyala,train,4
NyalaData_120,nyala,train,4
NyalaData_121,nyala,test,4
NyalaData_122,nyala,test,8
NyalaData_123,nyala,train,6
NyalaData_124,nyala,train,8
NyalaData_125,nyala,train,18
NyalaData_126,nyala,train,2
NyalaData_127,nyala,train,10
NyalaData_128,nyala,train,2
NyalaData_129,nyala,train,4
NyalaData_13,nyala,train,2
NyalaData_130,nyala,validation,2
NyalaData_131,nyala,train,22
NyalaData_132,nyala,test,4
NyalaData_134,nyala,train,14
NyalaData_135,nyala,train,2
NyalaData_136,nyala,train,2
NyalaData_137,nyala,validation,2
NyalaData_139,nyala,train,7
NyalaData_14,nyala,train,4
NyalaData_140,nyala,train,12
NyalaData_141,nyala,train,2
NyalaData_142,nyala,test,4
NyalaData_143,nyala,train,2
NyalaData_144,nyala,test,23
NyalaData_145,nyala,validation,6
NyalaData_146,nyala,train,8
NyalaData_147,nyala,test,22
NyalaData_148,nyala,train,2
NyalaData_149,nyala,train,31
NyalaData_15,nyala,train,4
NyalaData_150,nyala,train,4
NyalaData_151,nyala,test,4
NyalaData_152,nyala,train,8
NyalaData_153,nyala,train,6
NyalaData_154,nyala,validation,2
NyalaData_155,nyala,train,4
NyalaData_156,nyala,test,12
NyalaData_157,nyala,train,1
NyalaData_158,nyala,validation,6
NyalaData_16,nyala,train,6
NyalaData_160,nyala,train,4
NyalaData_161,nyala,test,6
NyalaData_162,nyala,train,7
NyalaData_164,nyala,train,8
NyalaData_165,nyala,train,4
NyalaData_166,nyala,train,15
NyalaData_167,nyala,train,6
NyalaData_168,nyala,train,2
NyalaData_169,nyala,train,4
NyalaData_17,nyala,train,4
NyalaData_170,nyala,test,4
NyalaData_172,nyala,validation,8
NyalaData_173,nyala,train,4
NyalaData_174,nyala,validation,9
NyalaData_175,nyala,train,10
NyalaData_176,nyala,test,4
NyalaData_177,nyala,validation,4
NyalaData_178,nyala,test,8
NyalaData_179,nyala,train,4
NyalaData_18,nyala,validation,13
NyalaData_180,nyala,test,2
NyalaData_181,nyala,train,18
NyalaData_182,nyala,test,2
NyalaData_183,nyala,train,2
NyalaData_184,nyala,validation,4
NyalaData_185,nyala,train,5
NyalaData_186,nyala,train,2
NyalaData_187,nyala,validation,6
NyalaData_188,nyala,train,8
NyalaData_189,nyala,train,6
NyalaData_19,nyala,train,20
NyalaData_190,nyala,train,4
NyalaData_191,nyala,train,2
NyalaData_193,nyala,train,6
NyalaData_194,nyala,train,2
NyalaData_196,nyala,train,4
NyalaData_197,nyala,train,4
NyalaData_198,nyala,validation,2
NyalaData_199,nyala,train,2
NyalaData_2,nyala,test,5
NyalaData_20,nyala,validation,12
NyalaData_200,nyala,train,2
NyalaData_201,nyala,train,2
NyalaData_202,nyala,train,2
NyalaData_203,nyala,train,2
NyalaData_204,nyala,train,6
NyalaData_205,nyala,train,4
NyalaData_206,nyala,train,2
NyalaData_207,nyala,train,2
NyalaData_209,nyala,test,12
NyalaData_21,nyala,train,15
NyalaData_210,nyala,test,2
NyalaData_211,nyala,train,2
NyalaData_212,nyala,train,2
NyalaData_213,nyala,train,2
NyalaData_215,nyala,test,2
NyalaData_217,nyala,train,2
NyalaData_218,nyala,train,23
NyalaData_219,nyala,validation,2
NyalaData_22,nyala,train,4
NyalaData_220,nyala,test,2
NyalaData_221,nyala,train,2
NyalaData_223,nyala,train,4
NyalaData_225,nyala,train,2
NyalaData_226,nyala,train,2
NyalaData_227,nyala,train,2
NyalaData_228,nyala,train,14
NyalaData_229,nyala,train,8
NyalaData_23,nyala,train,15
NyalaData_230,nyala,validation,6
NyalaData_231,nyala,train,2
NyalaData_232,nyala,validation,2
NyalaData_233,nyala,validation,4
NyalaData_234,nyala,validation,5
NyalaData_237,nyala,validation,4
NyalaData_239,nyala,train,12
NyalaData_24,nyala,train,10
NyalaData_240,nyala,train,8
NyalaData_241,nyala,train,6
NyalaData_242,nyala,train,13
NyalaData_243,nyala,train,8
NyalaData_245,nyala,train,4
NyalaData_246,nyala,train,6
NyalaData_247,nyala,train,6
NyalaData_25,nyala,train,6
NyalaData_250,nyala,train,4
NyalaData_251,nyala,train,4
NyalaData_252,nyala,train,10
NyalaData_26,nyala,train,6
NyalaData_260,nyala,validation,12
NyalaData_267,nyala,train,8
NyalaData_268,nyala,validation,12
NyalaData_269,nyala,validation,8
NyalaData_27,nyala,test,26
NyalaData_270,nyala,validation,2
NyalaData_272,nyala,train,4
NyalaData_273,nyala,test,2
NyalaData_274,nyala,train,2
NyalaData_28,nyala,train,10
NyalaData_29,nyala,train,6
NyalaData_3,nyala,test,13
NyalaData_30,nyala,test,30
NyalaData_31,nyala,train,11
NyalaData_32,nyala,train,31
NyalaData_33,nyala,train,8
NyalaData_34,nyala,train,20
NyalaData_35,nyala,train,2
NyalaData_36,nyala,validation,19
NyalaData_37,nyala,test,10
NyalaData_38,nyala,validation,2
NyalaData_39,nyala,validation,2
NyalaData_4,nyala,train,10
NyalaData_40,nyala,train,16
NyalaData_41,nyala,train,26
NyalaData_42,nyala,validation,12
NyalaData_43,nyala,train,31
NyalaData_44,nyala,train,8
NyalaData_45,nyala,train,8
NyalaData_46,nyala,test,25
NyalaData_47,nyala,test,11
NyalaData_48,nyala,test,25
NyalaData_49,nyala,test,12
NyalaData_5,nyala,train,8
NyalaData_50,nyala,train,9
NyalaData_51,nyala,train,18
NyalaData_52,nyala,train,6
NyalaData_53,nyala,validation,8
NyalaData_54,nyala,validation,12
NyalaData_55,nyala,train,13
NyalaData_56,nyala,train,7
NyalaData_57,nyala,train,6
NyalaData_58,nyala,train,12
NyalaData_6,nyala,train,18
NyalaData_60,nyala,train,6
NyalaData_61,nyala,validation,6
NyalaData_62,nyala,train,13
NyalaData_63,nyala,train,12
NyalaData_64,nyala,test,4
NyalaData_65,nyala,train,18
NyalaData_67,nyala,train,5
NyalaData_68,nyala,test,13
NyalaData_69,nyala,train,4
NyalaData_7,nyala,train,19
NyalaData_70,nyala,train,10
NyalaData_71,nyala,train,8
NyalaData_72,nyala,train,2
NyalaData_73,nyala,train,2
NyalaData_74,nyala,train,16
NyalaData_75,nyala,test,12
NyalaData_76,nyala,train,8
NyalaData_77,nyala,train,4
NyalaData_79,nyala,test,3
NyalaData_8,nyala,train,22
NyalaData_80,nyala,train,4
NyalaData_81,nyala,train,5
NyalaData_82,nyala,train,14
NyalaData_83,nyala,train,2
NyalaData_84,nyala,train,12
NyalaData_85,nyala,test,26
NyalaData_86,nyala,train,13
NyalaData_87,nyala,validation,10
NyalaData_88,nyala,train,16
NyalaData_89,nyala,train,17
NyalaData_9,nyala,test,15
NyalaData_90,nyala,train,6
NyalaData_91,nyala,train,8
NyalaData_92,nyala,test,7
NyalaData_93,nyala,train,2
NyalaData_94,nyala,train,2
NyalaData_95,nyala,train,2
NyalaData_96,nyala,train,6
NyalaData_97,nyala,train,2
NyalaData_98,nyala,train,4
OpenCows2020_1,cow,train,183
OpenCows2020_10,cow,test,201
OpenCows2020_11,cow,train,144
OpenCows2020_12,cow,test,222
OpenCows2020_13,cow,test,221
OpenCows2020_14,cow,train,325
OpenCows2020_15,cow,train,270
OpenCows2020_16,cow,train,189
OpenCows2020_17,cow,train,155
OpenCows2020_18,cow,train,82
OpenCows2020_19,cow,train,45
OpenCows2020_2,cow,train,123
OpenCows2020_20,cow,test,27
OpenCows2020_21,cow,validation,29
OpenCows2020_22,cow,test,24
OpenCows2020_23,cow,train,34
OpenCows2020_24,cow,train,62
OpenCows2020_25,cow,train,75
OpenCows2020_26,cow,validation,128
OpenCows2020_27,cow,validation,61
OpenCows2020_28,cow,train,43
OpenCows2020_29,cow,validation,20
OpenCows2020_3,cow,test,115
OpenCows2020_30,cow,validation,41
OpenCows2020_31,cow,train,22
OpenCows2020_32,cow,train,62
OpenCows2020_33,cow,train,48
OpenCows2020_34,cow,validation,39
OpenCows2020_35,cow,train,20
OpenCows2020_36,cow,test,24
OpenCows2020_37,cow,train,26
OpenCows2020_38,cow,train,20
OpenCows2020_39,cow,train,45
OpenCows2020_4,cow,validation,352
OpenCows2020_40,cow,train,65
OpenCows2020_41,cow,train,86
OpenCows2020_42,cow,train,47
OpenCows2020_43,cow,train,69
OpenCows2020_44,cow,train,52
OpenCows2020_45,cow,train,45
OpenCows2020_46,cow,test,75
OpenCows2020_5,cow,validation,205
OpenCows2020_6,cow,validation,168
OpenCows2020_7,cow,train,144
OpenCows2020_8,cow,test,219
OpenCows2020_9,cow,train,84
PolarBearVidID_Charlotte,polar bear,test,111
PolarBearVidID_Finja,polar bear,train,104
PolarBearVidID_Hertha,polar bear,train,113
PolarBearVidID_Larissa,polar bear,train,106
PolarBearVidID_Lloyd,polar bear,test,114
PolarBearVidID_Milana,polar bear,validation,101
PolarBearVidID_Nana,polar bear,train,113
PolarBearVidID_Nanuq,polar bear,train,103
PolarBearVidID_Nora,polar bear,train,103
PolarBearVidID_Sprinter,polar bear,train,99
PolarBearVidID_Tonja,polar bear,train,104
PolarBearVidID_Vera,polar bear,validation,117
PolarBearVidID_Vitus,polar bear,train,103
PrimFace_c01,chimpanzee,train,10
PrimFace_c02,chimpanzee,train,20
PrimFace_c03,chimpanzee,test,18
PrimFace_c04,chimpanzee,train,25
PrimFace_c05,chimpanzee,train,5
PrimFace_c06,chimpanzee,test,22
PrimFace_c07,chimpanzee,train,4
PrimFace_c08,chimpanzee,train,20
PrimFace_c09,chimpanzee,train,20
PrimFace_c10,chimpanzee,train,48
PrimFace_c11,chimpanzee,train,11
PrimFace_j01,macaque,test,29
PrimFace_j02,macaque,train,30
PrimFace_j03,macaque,train,30
PrimFace_j04,macaque,test,29
PrimFace_j05,macaque,validation,30
PrimFace_j06,macaque,test,2
PrimFace_j07,macaque,test,5
PrimFace_j08,macaque,train,3
PrimFace_j09,macaque,validation,5
PrimFace_j10,macaque,train,1
PrimFace_j11,macaque,train,3
PrimFace_j12,macaque,train,12
PrimFace_j13,macaque,validation,17
PrimFace_j14,macaque,test,20
PrimFace_j15,macaque,train,20
PrimFace_j16,macaque,train,20
PrimFace_j17,macaque,train,21
PrimFace_j18,macaque,test,20
PrimFace_j19,macaque,train,19
PrimFace_r01,macaque,train,25
PrimFace_r02,macaque,train,28
PrimFace_r03,macaque,train,20
PrimFace_r04,macaque,train,28
PrimFace_r05,macaque,train,8
PrimFace_r06,macaque,train,30
PrimFace_r07,macaque,train,21
PrimFace_r08,macaque,test,3
PrimFace_r09,macaque,validation,1
PrimFace_r10,macaque,train,99
PrimFace_r11,macaque,train,5
PrimFace_r12,macaque,validation,30
PrimFace_r13,macaque,validation,1
PrimFace_r14,macaque,train,44
PrimFace_r15,macaque,train,23
PrimFace_r16,macaque,validation,17
PrimFace_r17,macaque,train,1
PrimFace_r18,macaque,train,51
PrimFace_r19,macaque,train,14
PrimFace_r20,macaque,train,16
PrimFace_r21,macaque,train,23
PrimFace_r22,macaque,train,16
PrimFace_r23,macaque,train,7
PrimFace_r24,macaque,train,6
PrimFace_r25,macaque,validation,11
PrimFace_r26,macaque,train,2
PrimFace_r27,macaque,test,19
PrimFace_r28,macaque,train,7
PrimFace_r29,macaque,validation,46
PrimFace_r30,macaque,train,22
PrimFace_r31,macaque,train,12
PrimFace_r32,macaque,train,26
PrimFace_r33,macaque,train,46
PrimFace_r34,macaque,train,37
PrimFace_r35,macaque,train,4
PrimFace_r36,macaque,train,4
PrimFace_r37,macaque,test,4
PrimFace_r38,macaque,train,6
ReunionTurtles_Adelotte,sea turtle,test,4
ReunionTurtles_Atuin,sea turtle,train,4
ReunionTurtles_Audren,sea turtle,validation,4
ReunionTurtles_Baguette,sea turtle,train,4
ReunionTurtles_Benjamin,sea turtle,train,4
ReunionTurtles_Bigueo,sea turtle,train,4
ReunionTurtles_Calvin,sea turtle,train,4
ReunionTurtles_Caroline,sea turtle,train,4
ReunionTurtles_Chewie,sea turtle,test,4
ReunionTurtles_Chouchen,sea turtle,test,4
ReunionTurtles_Cleo,sea turtle,train,4
ReunionTurtles_Coquelicot,sea turtle,train,4
ReunionTurtles_Daphne,sea turtle,train,4
ReunionTurtles_Dils,sea turtle,train,4
ReunionTurtles_Diwan-Anais,sea turtle,validation,4
ReunionTurtles_Enez,sea turtle,train,4
ReunionTurtles_Enzo,sea turtle,test,4
ReunionTurtles_Epoi,sea turtle,train,4
ReunionTurtles_Eunice,sea turtle,test,4
ReunionTurtles_Eynard-Loisy,sea turtle,train,4
ReunionTurtles_Gasper,sea turtle,train,4
ReunionTurtles_Honu,sea turtle,validation,4
ReunionTurtles_Idefix,sea turtle,test,4
ReunionTurtles_Ipanema,sea turtle,train,4
ReunionTurtles_Jade,sea turtle,train,4
ReunionTurtles_Jennifer,sea turtle,train,4
ReunionTurtles_Julien,sea turtle,train,4
ReunionTurtles_Kachuva,sea turtle,train,4
ReunionTurtles_Kaorie,sea turtle,train,4
ReunionTurtles_Karine,sea turtle,test,4
ReunionTurtles_Katia,sea turtle,train,4
ReunionTurtles_Kiki-Gloria,sea turtle,train,4
ReunionTurtles_Lea,sea turtle,train,4
ReunionTurtles_Lean,sea turtle,train,4
ReunionTurtles_Leia-Rose,sea turtle,train,4
ReunionTurtles_Lelie,sea turtle,train,4
ReunionTurtles_Leo,sea turtle,train,4
ReunionTurtles_Leonard,sea turtle,train,4
ReunionTurtles_Libushka,sea turtle,train,4
ReunionTurtles_Liloti,sea turtle,validation,4
ReunionTurtles_Louisiane,sea turtle,test,4
ReunionTurtles_Loulou,sea turtle,validation,4
ReunionTurtles_Lydia,sea turtle,train,4
ReunionTurtles_Maeli,sea turtle,train,4
ReunionTurtles_Maethys-Moana,sea turtle,train,4
ReunionTurtles_Mano,sea turtle,train,4
ReunionTurtles_Marlou,sea turtle,train,4
ReunionTurtles_May-Lee,sea turtle,validation,4
ReunionTurtles_Mei Mei,sea turtle,test,4
ReunionTurtles_MiniEdith,sea turtle,train,4
ReunionTurtles_Miti,sea turtle,train,4
ReunionTurtles_Modestie,sea turtle,train,4
ReunionTurtles_Morrigane,sea turtle,train,4
ReunionTurtles_Myriam,sea turtle,train,4
ReunionTurtles_Nadejda,sea turtle,test,4
ReunionTurtles_Naoki,sea turtle,train,4
ReunionTurtles_Nathanael,sea turtle,validation,4
ReunionTurtles_Newt,sea turtle,train,4
ReunionTurtles_Ninugo,sea turtle,train,4
ReunionTurtles_Noraf,sea turtle,train,4
ReunionTurtles_Oma,sea turtle,validation,4
ReunionTurtles_Pacha,sea turtle,train,4
ReunionTurtles_Ratafia,sea turtle,train,4
ReunionTurtles_Ros,sea turtle,train,4
ReunionTurtles_Sablier,sea turtle,train,4
ReunionTurtles_Samy,sea turtle,validation,4
ReunionTurtles_Shae,sea turtle,train,4
ReunionTurtles_Smile,sea turtle,validation,4
ReunionTurtles_Soline-Thea,sea turtle,train,4
ReunionTurtles_Song,sea turtle,train,4
ReunionTurtles_Steph,sea turtle,train,4
ReunionTurtles_Sylena,sea turtle,train,4
ReunionTurtles_Taho,sea turtle,train,4
ReunionTurtles_Taleen,sea turtle,train,4
ReunionTurtles_Tya,sea turtle,train,4
ReunionTurtles_Valerian,sea turtle,validation,4
ReunionTurtles_Victoria,sea turtle,train,4
ReunionTurtles_Woody,sea turtle,train,4
ReunionTurtles_Xavier,sea turtle,train,4
ReunionTurtles_Yanis,sea turtle,validation,4
ReunionTurtles_Ylan,sea turtle,validation,4
ReunionTurtles_Youken-Diazgo,sea turtle,train,4
ReunionTurtles_Ysee,sea turtle,train,4
ReunionTurtles_Zippy,sea turtle,train,4
SMALST_A,zebra,test,129
SMALST_C,zebra,train,129
SMALST_E,zebra,test,129
SMALST_F,zebra,train,129
SMALST_G,zebra,train,129
SMALST_H,zebra,validation,129
SMALST_I,zebra,train,129
SMALST_L,zebra,train,129
SMALST_M,zebra,train,129
SMALST_N,zebra,train,129
SeaStarReID2023_Anau01,sea star,train,18
SeaStarReID2023_Anau02,sea star,train,18
SeaStarReID2023_Anau03,sea star,validation,21
SeaStarReID2023_Anau04,sea star,train,17
SeaStarReID2023_Anau05,sea star,train,18
SeaStarReID2023_Anau06,sea star,test,17
SeaStarReID2023_Anau07,sea star,train,17
SeaStarReID2023_Anau08,sea star,train,18
SeaStarReID2023_Anau09,sea star,validation,18
SeaStarReID2023_Anau10,sea star,train,18
SeaStarReID2023_Anau11,sea star,train,18
SeaStarReID2023_Anau12,sea star,train,19
SeaStarReID2023_Anau13,sea star,test,18
SeaStarReID2023_Anau14,sea star,test,17
SeaStarReID2023_Anau15,sea star,train,12
SeaStarReID2023_Anau16,sea star,train,17
SeaStarReID2023_Anau17,sea star,train,17
SeaStarReID2023_Anau18,sea star,train,17
SeaStarReID2023_Anau19,sea star,train,17
SeaStarReID2023_Anau20,sea star,test,17
SeaStarReID2023_Anau21,sea star,train,17
SeaStarReID2023_Anau22,sea star,test,17
SeaStarReID2023_Anau23,sea star,train,17
SeaStarReID2023_Anau24,sea star,train,20
SeaStarReID2023_Anau25,sea star,test,17
SeaStarReID2023_Anau26,sea star,test,20
SeaStarReID2023_Anau27,sea star,validation,17
SeaStarReID2023_Anau28,sea star,train,17
SeaStarReID2023_Anau29,sea star,train,17
SeaStarReID2023_Anau30,sea star,train,17
SeaStarReID2023_Anau31,sea star,train,27
SeaStarReID2023_Anau32,sea star,train,20
SeaStarReID2023_Anau33,sea star,validation,17
SeaStarReID2023_Anau34,sea star,train,17
SeaStarReID2023_Anau35,sea star,train,17
SeaStarReID2023_Anau36,sea star,train,18
SeaStarReID2023_Anau37,sea star,train,17
SeaStarReID2023_Anau38,sea star,train,17
SeaStarReID2023_Anau39,sea star,train,19
SeaStarReID2023_Anau40,sea star,train,17
SeaStarReID2023_Anau41,sea star,train,18
SeaStarReID2023_Anau42,sea star,train,18
SeaStarReID2023_Anau43,sea star,train,19
SeaStarReID2023_Anau44,sea star,train,17
SeaStarReID2023_Anau45,sea star,train,17
SeaStarReID2023_Anau46,sea star,train,17
SeaStarReID2023_Anau47,sea star,train,17
SeaStarReID2023_Anau48,sea star,test,18
SeaStarReID2023_Anau49,sea star,test,16
SeaStarReID2023_Anau50,sea star,train,17
SeaStarReID2023_Anau51,sea star,train,17
SeaStarReID2023_Anau52,sea star,train,18
SeaStarReID2023_Anau53,sea star,train,18
SeaStarReID2023_Anau54,sea star,validation,17
SeaStarReID2023_Anau55,sea star,test,18
SeaStarReID2023_Anau56,sea star,train,10
SeaStarReID2023_Asru18,sea star,validation,30
SeaStarReID2023_Asru20,sea star,train,32
SeaStarReID2023_Asru21,sea star,train,30
SeaStarReID2023_Asru23,sea star,train,31
SeaStarReID2023_Asru24,sea star,validation,32
SeaStarReID2023_Asru26,sea star,train,30
SeaStarReID2023_Asru45,sea star,train,31
SeaStarReID2023_Asru46,sea star,test,31
SeaStarReID2023_Asru47,sea star,train,34
SeaStarReID2023_Asru48,sea star,train,31
SeaStarReID2023_Asru49,sea star,test,32
SeaStarReID2023_Asru50,sea star,train,31
SeaStarReID2023_Asru51,sea star,test,30
SeaStarReID2023_Asru52,sea star,train,31
SeaStarReID2023_Asru53,sea star,train,32
SeaStarReID2023_Asru54,sea star,train,33
SeaStarReID2023_Asru55,sea star,train,33
SeaStarReID2023_Asru56,sea star,train,38
SeaStarReID2023_Asru57,sea star,train,31
SeaStarReID2023_Asru58,sea star,validation,30
SeaStarReID2023_Asru60,sea star,train,31
SeaStarReID2023_Asru61,sea star,test,30
SeaStarReID2023_Asru62,sea star,validation,30
SeaStarReID2023_Asru63,sea star,train,30
SeaStarReID2023_Asru64,sea star,validation,31
SeaStarReID2023_Asru65,sea star,train,30
SeaStarReID2023_Asru66,sea star,train,30
SeaStarReID2023_Asru67,sea star,train,30
SeaStarReID2023_Asru68,sea star,validation,27
SeaStarReID2023_Asru69,sea star,train,28
SeaStarReID2023_Asru70,sea star,train,31
SeaStarReID2023_Asru71,sea star,test,30
SeaStarReID2023_Asru72,sea star,train,31
SeaStarReID2023_Asru73,sea star,validation,30
SeaStarReID2023_Asru74,sea star,validation,30
SeaStarReID2023_Asru75,sea star,train,31
SeaStarReID2023_Asru76,sea star,train,30
SeaStarReID2023_Asru77,sea star,validation,30
SeaStarReID2023_Asru78,sea star,train,31
SeaTurtleID2022_t001,sea turtle,test,22
SeaTurtleID2022_t002,sea turtle,test,17
SeaTurtleID2022_t003,sea turtle,train,29
SeaTurtleID2022_t004,sea turtle,train,56
SeaTurtleID2022_t006,sea turtle,train,6
SeaTurtleID2022_t007,sea turtle,test,51
SeaTurtleID2022_t008,sea turtle,train,34
SeaTurtleID2022_t009,sea turtle,validation,18
SeaTurtleID2022_t011,sea turtle,train,6
SeaTurtleID2022_t013,sea turtle,train,18
SeaTurtleID2022_t014,sea turtle,train,45
SeaTurtleID2022_t015,sea turtle,train,36
SeaTurtleID2022_t016,sea turtle,train,6
SeaTurtleID2022_t017,sea turtle,train,16
SeaTurtleID2022_t018,sea turtle,train,24
SeaTurtleID2022_t019,sea turtle,validation,6
SeaTurtleID2022_t020,sea turtle,train,36
SeaTurtleID2022_t021,sea turtle,train,18
SeaTurtleID2022_t022,sea turtle,validation,34
SeaTurtleID2022_t023,sea turtle,train,60
SeaTurtleID2022_t024,sea turtle,train,7
SeaTurtleID2022_t025,sea turtle,train,42
SeaTurtleID2022_t026,sea turtle,train,10
SeaTurtleID2022_t027,sea turtle,validation,10
SeaTurtleID2022_t028,sea turtle,train,64
SeaTurtleID2022_t029,sea turtle,train,22
SeaTurtleID2022_t031,sea turtle,train,3
SeaTurtleID2022_t032,sea turtle,train,13
SeaTurtleID2022_t033,sea turtle,validation,76
SeaTurtleID2022_t034,sea turtle,validation,26
SeaTurtleID2022_t035,sea turtle,train,30
SeaTurtleID2022_t036,sea turtle,train,6
SeaTurtleID2022_t037,sea turtle,test,35
SeaTurtleID2022_t038,sea turtle,train,42
SeaTurtleID2022_t040,sea turtle,test,38
SeaTurtleID2022_t041,sea turtle,train,2
SeaTurtleID2022_t042,sea turtle,validation,11
SeaTurtleID2022_t043,sea turtle,train,30
SeaTurtleID2022_t044,sea turtle,train,3
SeaTurtleID2022_t045,sea turtle,test,5
SeaTurtleID2022_t046,sea turtle,train,7
SeaTurtleID2022_t048,sea turtle,test,118
SeaTurtleID2022_t049,sea turtle,train,9
SeaTurtleID2022_t050,sea turtle,train,8
SeaTurtleID2022_t051,sea turtle,test,6
SeaTurtleID2022_t052,sea turtle,validation,29
SeaTurtleID2022_t053,sea turtle,train,3
SeaTurtleID2022_t055,sea turtle,train,4
SeaTurtleID2022_t056,sea turtle,train,12
SeaTurtleID2022_t057,sea turtle,train,6
SeaTurtleID2022_t058,sea turtle,train,8
SeaTurtleID2022_t059,sea turtle,train,3
SeaTurtleID2022_t060,sea turtle,train,3
SeaTurtleID2022_t061,sea turtle,train,7
SeaTurtleID2022_t062,sea turtle,validation,34
SeaTurtleID2022_t063,sea turtle,train,61
SeaTurtleID2022_t064,sea turtle,train,23
SeaTurtleID2022_t065,sea turtle,train,19
SeaTurtleID2022_t066,sea turtle,train,6
SeaTurtleID2022_t067,sea turtle,train,53
SeaTurtleID2022_t068,sea turtle,validation,29
SeaTurtleID2022_t069,sea turtle,train,16
SeaTurtleID2022_t070,sea turtle,validation,22
SeaTurtleID2022_t071,sea turtle,train,7
SeaTurtleID2022_t073,sea turtle,train,46
SeaTurtleID2022_t074,sea turtle,test,13
SeaTurtleID2022_t075,sea turtle,train,30
SeaTurtleID2022_t076,sea turtle,train,32
SeaTurtleID2022_t077,sea turtle,train,15
SeaTurtleID2022_t078,sea turtle,test,15
SeaTurtleID2022_t079,sea turtle,train,15
SeaTurtleID2022_t080,sea turtle,train,13
SeaTurtleID2022_t081,sea turtle,train,6
SeaTurtleID2022_t082,sea turtle,train,20
SeaTurtleID2022_t083,sea turtle,test,3
SeaTurtleID2022_t084,sea turtle,train,22
SeaTurtleID2022_t085,sea turtle,test,18
SeaTurtleID2022_t086,sea turtle,test,17
SeaTurtleID2022_t087,sea turtle,validation,2
SeaTurtleID2022_t088,sea turtle,train,2
SeaTurtleID2022_t089,sea turtle,train,2
SeaTurtleID2022_t090,sea turtle,train,19
SeaTurtleID2022_t091,sea turtle,train,2
SeaTurtleID2022_t092,sea turtle,train,36
SeaTurtleID2022_t093,sea turtle,validation,13
SeaTurtleID2022_t094,sea turtle,train,50
SeaTurtleID2022_t095,sea turtle,train,46
SeaTurtleID2022_t096,sea turtle,validation,11
SeaTurtleID2022_t097,sea turtle,train,11
SeaTurtleID2022_t099,sea turtle,train,57
SeaTurtleID2022_t101,sea turtle,train,17
SeaTurtleID2022_t102,sea turtle,train,50
SeaTurtleID2022_t103,sea turtle,validation,1
SeaTurtleID2022_t104,sea turtle,train,21
SeaTurtleID2022_t105,sea turtle,train,13
SeaTurtleID2022_t106,sea turtle,test,4
SeaTurtleID2022_t107,sea turtle,train,5
SeaTurtleID2022_t108,sea turtle,validation,16
SeaTurtleID2022_t110,sea turtle,train,70
SeaTurtleID2022_t112,sea turtle,validation,3
SeaTurtleID2022_t113,sea turtle,train,4
SeaTurtleID2022_t114,sea turtle,train,10
SeaTurtleID2022_t115,sea turtle,train,27
SeaTurtleID2022_t116,sea turtle,validation,3
SeaTurtleID2022_t118,sea turtle,validation,6
SeaTurtleID2022_t119,sea turtle,validation,15
SeaTurtleID2022_t120,sea turtle,test,2
SeaTurtleID2022_t121,sea turtle,train,20
SeaTurtleID2022_t123,sea turtle,train,5
SeaTurtleID2022_t124,sea turtle,train,4
SeaTurtleID2022_t125,sea turtle,train,17
SeaTurtleID2022_t127,sea turtle,train,8
SeaTurtleID2022_t128,sea turtle,validation,4
SeaTurtleID2022_t129,sea turtle,test,6
SeaTurtleID2022_t130,sea turtle,train,3
SeaTurtleID2022_t131,sea turtle,train,24
SeaTurtleID2022_t132,sea turtle,train,9
SeaTurtleID2022_t133,sea turtle,validation,3
SeaTurtleID2022_t135,sea turtle,test,3
SeaTurtleID2022_t136,sea turtle,train,24
SeaTurtleID2022_t137,sea turtle,validation,32
SeaTurtleID2022_t138,sea turtle,train,4
SeaTurtleID2022_t139,sea turtle,validation,22
SeaTurtleID2022_t140,sea turtle,test,5
SeaTurtleID2022_t141,sea turtle,train,42
SeaTurtleID2022_t142,sea turtle,validation,20
SeaTurtleID2022_t143,sea turtle,train,4
SeaTurtleID2022_t144,sea turtle,validation,8
SeaTurtleID2022_t145,sea turtle,train,11
SeaTurtleID2022_t146,sea turtle,validation,21
SeaTurtleID2022_t148,sea turtle,train,5
SeaTurtleID2022_t149,sea turtle,train,4
SeaTurtleID2022_t150,sea turtle,train,5
SeaTurtleID2022_t151,sea turtle,train,12
SeaTurtleID2022_t152,sea turtle,train,4
SeaTurtleID2022_t154,sea turtle,train,3
SeaTurtleID2022_t155,sea turtle,validation,5
SeaTurtleID2022_t156,sea turtle,train,5
SeaTurtleID2022_t157,sea turtle,validation,26
SeaTurtleID2022_t158,sea turtle,train,54
SeaTurtleID2022_t159,sea turtle,train,26
SeaTurtleID2022_t160,sea turtle,train,32
SeaTurtleID2022_t161,sea turtle,test,11
SeaTurtleID2022_t162,sea turtle,train,5
SeaTurtleID2022_t163,sea turtle,train,21
SeaTurtleID2022_t164,sea turtle,validation,11
SeaTurtleID2022_t165,sea turtle,train,22
SeaTurtleID2022_t166,sea turtle,train,33
SeaTurtleID2022_t167,sea turtle,test,23
SeaTurtleID2022_t168,sea turtle,test,10
SeaTurtleID2022_t169,sea turtle,train,8
SeaTurtleID2022_t170,sea turtle,train,5
SeaTurtleID2022_t171,sea turtle,train,36
SeaTurtleID2022_t172,sea turtle,train,14
SeaTurtleID2022_t173,sea turtle,train,4
SeaTurtleID2022_t174,sea turtle,validation,40
SeaTurtleID2022_t175,sea turtle,train,35
SeaTurtleID2022_t177,sea turtle,validation,3
SeaTurtleID2022_t180,sea turtle,train,15
SeaTurtleID2022_t181,sea turtle,train,7
SeaTurtleID2022_t182,sea turtle,train,6
SeaTurtleID2022_t183,sea turtle,train,8
SeaTurtleID2022_t184,sea turtle,validation,14
SeaTurtleID2022_t185,sea turtle,validation,3
SeaTurtleID2022_t186,sea turtle,test,11
SeaTurtleID2022_t189,sea turtle,validation,29
SeaTurtleID2022_t190,sea turtle,train,2
SeaTurtleID2022_t191,sea turtle,train,9
SeaTurtleID2022_t192,sea turtle,train,12
SeaTurtleID2022_t194,sea turtle,train,15
SeaTurtleID2022_t195,sea turtle,train,8
SeaTurtleID2022_t196,sea turtle,train,7
SeaTurtleID2022_t197,sea turtle,train,15
SeaTurtleID2022_t198,sea turtle,train,3
SeaTurtleID2022_t199,sea turtle,train,40
SeaTurtleID2022_t200,sea turtle,validation,47
SeaTurtleID2022_t201,sea turtle,train,55
SeaTurtleID2022_t202,sea turtle,train,22
SeaTurtleID2022_t203,sea turtle,train,32
SeaTurtleID2022_t204,sea turtle,validation,84
SeaTurtleID2022_t205,sea turtle,validation,4
SeaTurtleID2022_t206,sea turtle,validation,12
SeaTurtleID2022_t207,sea turtle,train,6
SeaTurtleID2022_t208,sea turtle,train,10
SeaTurtleID2022_t211,sea turtle,validation,6
SeaTurtleID2022_t212,sea turtle,train,24
SeaTurtleID2022_t213,sea turtle,train,49
SeaTurtleID2022_t214,sea turtle,test,10
SeaTurtleID2022_t215,sea turtle,validation,23
SeaTurtleID2022_t216,sea turtle,train,61
SeaTurtleID2022_t217,sea turtle,validation,176
SeaTurtleID2022_t219,sea turtle,test,8
SeaTurtleID2022_t220,sea turtle,train,8
SeaTurtleID2022_t221,sea turtle,train,77
SeaTurtleID2022_t222,sea turtle,train,5
SeaTurtleID2022_t223,sea turtle,train,8
SeaTurtleID2022_t224,sea turtle,train,18
SeaTurtleID2022_t225,sea turtle,test,32
SeaTurtleID2022_t226,sea turtle,test,20
SeaTurtleID2022_t227,sea turtle,train,9
SeaTurtleID2022_t228,sea turtle,train,18
SeaTurtleID2022_t229,sea turtle,train,15
SeaTurtleID2022_t230,sea turtle,train,51
SeaTurtleID2022_t231,sea turtle,train,67
SeaTurtleID2022_t232,sea turtle,train,43
SeaTurtleID2022_t233,sea turtle,train,13
SeaTurtleID2022_t234,sea turtle,train,41
SeaTurtleID2022_t235,sea turtle,train,85
SeaTurtleID2022_t236,sea turtle,test,98
SeaTurtleID2022_t237,sea turtle,train,32
SeaTurtleID2022_t238,sea turtle,train,29
SeaTurtleID2022_t239,sea turtle,train,7
SeaTurtleID2022_t240,sea turtle,train,38
SeaTurtleID2022_t241,sea turtle,test,35
SeaTurtleID2022_t242,sea turtle,train,37
SeaTurtleID2022_t243,sea turtle,validation,190
SeaTurtleID2022_t244,sea turtle,validation,8
SeaTurtleID2022_t245,sea turtle,train,50
SeaTurtleID2022_t246,sea turtle,train,42
SeaTurtleID2022_t248,sea turtle,validation,26
SeaTurtleID2022_t249,sea turtle,test,15
SeaTurtleID2022_t250,sea turtle,train,27
SeaTurtleID2022_t251,sea turtle,train,46
SeaTurtleID2022_t252,sea turtle,train,11
SeaTurtleID2022_t253,sea turtle,validation,4
SeaTurtleID2022_t254,sea turtle,train,43
SeaTurtleID2022_t255,sea turtle,train,21
SeaTurtleID2022_t257,sea turtle,test,42
SeaTurtleID2022_t258,sea turtle,train,14
SeaTurtleID2022_t259,sea turtle,train,14
SeaTurtleID2022_t260,sea turtle,train,41
SeaTurtleID2022_t261,sea turtle,test,30
SeaTurtleID2022_t262,sea turtle,validation,9
SeaTurtleID2022_t263,sea turtle,test,24
SeaTurtleID2022_t264,sea turtle,test,4
SeaTurtleID2022_t265,sea turtle,train,13
SeaTurtleID2022_t266,sea turtle,train,19
SeaTurtleID2022_t267,sea turtle,train,20
SeaTurtleID2022_t268,sea turtle,train,15
SeaTurtleID2022_t269,sea turtle,train,19
SeaTurtleID2022_t270,sea turtle,train,6
SeaTurtleID2022_t271,sea turtle,train,14
SeaTurtleID2022_t272,sea turtle,train,5
SeaTurtleID2022_t273,sea turtle,train,6
SeaTurtleID2022_t274,sea turtle,train,5
SeaTurtleID2022_t275,sea turtle,train,4
SeaTurtleID2022_t276,sea turtle,train,22
SeaTurtleID2022_t277,sea turtle,test,7
SeaTurtleID2022_t278,sea turtle,train,7
SeaTurtleID2022_t280,sea turtle,train,8
SeaTurtleID2022_t281,sea turtle,train,31
SeaTurtleID2022_t283,sea turtle,train,36
SeaTurtleID2022_t285,sea turtle,train,19
SeaTurtleID2022_t286,sea turtle,validation,14
SeaTurtleID2022_t287,sea turtle,train,18
SeaTurtleID2022_t288,sea turtle,train,22
SeaTurtleID2022_t289,sea turtle,train,12
SeaTurtleID2022_t291,sea turtle,train,8
SeaTurtleID2022_t292,sea turtle,train,30
SeaTurtleID2022_t293,sea turtle,test,17
SeaTurtleID2022_t294,sea turtle,train,29
SeaTurtleID2022_t295,sea turtle,train,50
SeaTurtleID2022_t296,sea turtle,train,26
SeaTurtleID2022_t297,sea turtle,train,8
SeaTurtleID2022_t298,sea turtle,train,27
SeaTurtleID2022_t299,sea turtle,train,7
SeaTurtleID2022_t300,sea turtle,train,22
SeaTurtleID2022_t301,sea turtle,train,18
SeaTurtleID2022_t302,sea turtle,test,35
SeaTurtleID2022_t303,sea turtle,train,7
SeaTurtleID2022_t305,sea turtle,train,44
SeaTurtleID2022_t306,sea turtle,train,9
SeaTurtleID2022_t307,sea turtle,validation,10
SeaTurtleID2022_t308,sea turtle,validation,6
SeaTurtleID2022_t309,sea turtle,validation,15
SeaTurtleID2022_t310,sea turtle,train,13
SeaTurtleID2022_t311,sea turtle,validation,7
SeaTurtleID2022_t312,sea turtle,validation,7
SeaTurtleID2022_t313,sea turtle,train,8
SeaTurtleID2022_t314,sea turtle,train,22
SeaTurtleID2022_t315,sea turtle,test,7
SeaTurtleID2022_t316,sea turtle,validation,26
SeaTurtleID2022_t317,sea turtle,train,12
SeaTurtleID2022_t318,sea turtle,train,16
SeaTurtleID2022_t319,sea turtle,train,27
SeaTurtleID2022_t320,sea turtle,train,9
SeaTurtleID2022_t321,sea turtle,test,21
SeaTurtleID2022_t322,sea turtle,train,74
SeaTurtleID2022_t323,sea turtle,test,154
SeaTurtleID2022_t325,sea turtle,test,13
SeaTurtleID2022_t327,sea turtle,validation,13
SeaTurtleID2022_t328,sea turtle,train,24
SeaTurtleID2022_t329,sea turtle,train,13
SeaTurtleID2022_t330,sea turtle,train,18
SeaTurtleID2022_t331,sea turtle,train,16
SeaTurtleID2022_t333,sea turtle,train,41
SeaTurtleID2022_t334,sea turtle,test,12
SeaTurtleID2022_t335,sea turtle,train,19
SeaTurtleID2022_t337,sea turtle,validation,14
SeaTurtleID2022_t338,sea turtle,test,22
SeaTurtleID2022_t339,sea turtle,train,9
SeaTurtleID2022_t340,sea turtle,validation,6
SeaTurtleID2022_t341,sea turtle,test,7
SeaTurtleID2022_t342,sea turtle,train,6
SeaTurtleID2022_t343,sea turtle,test,9
SeaTurtleID2022_t344,sea turtle,test,7
SeaTurtleID2022_t345,sea turtle,test,5
SeaTurtleID2022_t346,sea turtle,train,6
SeaTurtleID2022_t347,sea turtle,train,24
SeaTurtleID2022_t348,sea turtle,validation,5
SeaTurtleID2022_t350,sea turtle,train,34
SeaTurtleID2022_t351,sea turtle,validation,26
SeaTurtleID2022_t352,sea turtle,train,31
SeaTurtleID2022_t353,sea turtle,train,24
SeaTurtleID2022_t354,sea turtle,train,32
SeaTurtleID2022_t355,sea turtle,train,9
SeaTurtleID2022_t357,sea turtle,test,16
SeaTurtleID2022_t358,sea turtle,train,9
SeaTurtleID2022_t359,sea turtle,train,4
SeaTurtleID2022_t360,sea turtle,train,9
SeaTurtleID2022_t361,sea turtle,train,8
SeaTurtleID2022_t362,sea turtle,train,14
SeaTurtleID2022_t363,sea turtle,test,11
SeaTurtleID2022_t364,sea turtle,test,11
SeaTurtleID2022_t365,sea turtle,train,5
SeaTurtleID2022_t366,sea turtle,train,5
SeaTurtleID2022_t367,sea turtle,validation,3
SeaTurtleID2022_t368,sea turtle,test,3
SeaTurtleID2022_t369,sea turtle,validation,3
SeaTurtleID2022_t371,sea turtle,test,14
SeaTurtleID2022_t372,sea turtle,test,14
SeaTurtleID2022_t373,sea turtle,train,24
SeaTurtleID2022_t374,sea turtle,train,13
SeaTurtleID2022_t375,sea turtle,train,6
SeaTurtleID2022_t376,sea turtle,train,45
SeaTurtleID2022_t377,sea turtle,train,8
SeaTurtleID2022_t378,sea turtle,train,6
SeaTurtleID2022_t379,sea turtle,test,5
SeaTurtleID2022_t380,sea turtle,train,16
SeaTurtleID2022_t381,sea turtle,train,2
SeaTurtleID2022_t382,sea turtle,train,3
SeaTurtleID2022_t383,sea turtle,train,2
SeaTurtleID2022_t384,sea turtle,train,3
SeaTurtleID2022_t385,sea turtle,train,9
SeaTurtleID2022_t386,sea turtle,validation,32
SeaTurtleID2022_t387,sea turtle,validation,5
SeaTurtleID2022_t388,sea turtle,validation,28
SeaTurtleID2022_t389,sea turtle,train,14
SeaTurtleID2022_t390,sea turtle,validation,13
SeaTurtleID2022_t392,sea turtle,train,8
SeaTurtleID2022_t393,sea turtle,train,15
SeaTurtleID2022_t395,sea turtle,test,9
SeaTurtleID2022_t396,sea turtle,test,32
SeaTurtleID2022_t397,sea turtle,train,46
SeaTurtleID2022_t398,sea turtle,train,93
SeaTurtleID2022_t399,sea turtle,train,10
SeaTurtleID2022_t400,sea turtle,train,12
SeaTurtleID2022_t401,sea turtle,train,25
SeaTurtleID2022_t402,sea turtle,train,13
SeaTurtleID2022_t403,sea turtle,train,8
SeaTurtleID2022_t404,sea turtle,train,3
SeaTurtleID2022_t405,sea turtle,validation,15
SeaTurtleID2022_t406,sea turtle,train,5
SeaTurtleID2022_t407,sea turtle,validation,35
SeaTurtleID2022_t408,sea turtle,validation,6
SeaTurtleID2022_t409,sea turtle,train,11
SeaTurtleID2022_t410,sea turtle,train,12
SeaTurtleID2022_t411,sea turtle,train,6
SeaTurtleID2022_t412,sea turtle,train,17
SeaTurtleID2022_t413,sea turtle,train,13
SeaTurtleID2022_t415,sea turtle,train,10
SeaTurtleID2022_t417,sea turtle,train,22
SeaTurtleID2022_t418,sea turtle,validation,5
SeaTurtleID2022_t419,sea turtle,validation,3
SeaTurtleID2022_t420,sea turtle,test,9
SeaTurtleID2022_t421,sea turtle,validation,29
SeaTurtleID2022_t422,sea turtle,train,20
SeaTurtleID2022_t423,sea turtle,test,20
SeaTurtleID2022_t424,sea turtle,train,16
SeaTurtleID2022_t425,sea turtle,train,4
SeaTurtleID2022_t426,sea turtle,train,13
SeaTurtleID2022_t427,sea turtle,train,36
SeaTurtleID2022_t429,sea turtle,train,7
SeaTurtleID2022_t430,sea turtle,train,18
SeaTurtleID2022_t431,sea turtle,test,5
SeaTurtleID2022_t432,sea turtle,train,8
SeaTurtleID2022_t433,sea turtle,train,9
SeaTurtleID2022_t434,sea turtle,test,12
SeaTurtleID2022_t435,sea turtle,test,7
SeaTurtleID2022_t436,sea turtle,train,5
SeaTurtleID2022_t437,sea turtle,train,6
SeaTurtleID2022_t438,sea turtle,train,4
SeaTurtleID2022_t439,sea turtle,train,9
SeaTurtleID2022_t441,sea turtle,test,108
SeaTurtleID2022_t442,sea turtle,test,21
SeaTurtleID2022_t450,sea turtle,train,10
SeaTurtleID2022_t451,sea turtle,train,7
SeaTurtleID2022_t453,sea turtle,test,16
SeaTurtleID2022_t459,sea turtle,validation,24
SeaTurtleID2022_t467,sea turtle,train,18
SeaTurtleID2022_t468,sea turtle,train,69
SeaTurtleID2022_t470,sea turtle,train,28
SeaTurtleID2022_t471,sea turtle,validation,18
SeaTurtleID2022_t473,sea turtle,test,43
SeaTurtleID2022_t474,sea turtle,train,19
SeaTurtleID2022_t478,sea turtle,train,15
SeaTurtleID2022_t490,sea turtle,train,6
SeaTurtleID2022_t492,sea turtle,test,11
SeaTurtleID2022_t493,sea turtle,test,18
SeaTurtleID2022_t496,sea turtle,validation,11
SeaTurtleID2022_t497,sea turtle,train,16
SeaTurtleID2022_t500,sea turtle,train,10
SeaTurtleID2022_t514,sea turtle,validation,9
SeaTurtleID2022_t518,sea turtle,train,13
SeaTurtleID2022_t522,sea turtle,test,93
SeaTurtleID2022_t524,sea turtle,train,6
SeaTurtleID2022_t527,sea turtle,train,9
SeaTurtleID2022_t528,sea turtle,train,14
SeaTurtleID2022_t544,sea turtle,train,7
SeaTurtleID2022_t547,sea turtle,train,5
SeaTurtleID2022_t548,sea turtle,validation,8
SeaTurtleID2022_t553,sea turtle,validation,19
SeaTurtleID2022_t554,sea turtle,train,8
SeaTurtleID2022_t559,sea turtle,test,6
SeaTurtleID2022_t566,sea turtle,train,7
SeaTurtleID2022_t567,sea turtle,train,10
SeaTurtleID2022_t568,sea turtle,train,11
SeaTurtleID2022_t570,sea turtle,test,13
SeaTurtleID2022_t584,sea turtle,train,9
SeaTurtleID2022_t585,sea turtle,train,13
SeaTurtleID2022_t586,sea turtle,test,7
SeaTurtleID2022_t589,sea turtle,test,10
SeaTurtleID2022_t590,sea turtle,train,14
SeaTurtleID2022_t591,sea turtle,validation,17
SeaTurtleID2022_t594,sea turtle,validation,9
SeaTurtleID2022_t600,sea turtle,train,15
SeaTurtleID2022_t603,sea turtle,train,12
SeaTurtleID2022_t610,sea turtle,train,15
SealID_1,seal,train,13
SealID_10,seal,train,66
SealID_100,seal,train,60
SealID_101,seal,train,26
SealID_103,seal,test,60
SealID_104,seal,test,48
SealID_109,seal,train,29
SealID_114,seal,test,29
SealID_115,seal,train,42
SealID_116,seal,train,46
SealID_125,seal,train,65
SealID_127,seal,train,21
SealID_130,seal,validation,87
SealID_137,seal,train,26
SealID_14,seal,train,13
SealID_141,seal,train,13
SealID_147,seal,test,24
SealID_149,seal,validation,32
SealID_151,seal,train,22
SealID_160,seal,train,14
SealID_161,seal,validation,25
SealID_164,seal,train,51
SealID_167,seal,validation,51
SealID_168,seal,train,66
SealID_170,seal,test,26
SealID_174,seal,train,23
SealID_176,seal,test,41
SealID_187,seal,train,32
SealID_188,seal,train,21
SealID_21,seal,train,78
SealID_211,seal,validation,17
SealID_213,seal,train,20
SealID_219,seal,train,18
SealID_22,seal,validation,39
SealID_223,seal,validation,16
SealID_23,seal,train,35
SealID_230,seal,validation,33
SealID_26,seal,train,55
SealID_28,seal,train,29
SealID_3,seal,train,22
SealID_34,seal,test,133
SealID_359,seal,train,14
SealID_38,seal,train,20
SealID_44,seal,train,16
SealID_45,seal,train,14
SealID_51,seal,validation,14
SealID_61,seal,test,14
SealID_76,seal,train,11
SealID_80,seal,train,19
SealID_81,seal,train,19
SealID_82,seal,test,64
SealID_87,seal,train,30
SealID_88,seal,train,16
SealID_91,seal,train,82
SealID_93,seal,train,68
SealID_96,seal,train,78
SealID_97,seal,train,34
SouthernProvinceTurtles_10-2-1,sea turtle,test,7
SouthernProvinceTurtles_11-2-2,sea turtle,train,5
SouthernProvinceTurtles_11-2-3,sea turtle,train,7
SouthernProvinceTurtles_11-2-4,sea turtle,train,15
SouthernProvinceTurtles_11-2-5,sea turtle,train,11
SouthernProvinceTurtles_11-2-6,sea turtle,train,11
SouthernProvinceTurtles_11-2-7,sea turtle,train,15
SouthernProvinceTurtles_12-2-1,sea turtle,train,28
SouthernProvinceTurtles_12-2-2,sea turtle,validation,43
SouthernProvinceTurtles_12-2-4,sea turtle,test,5
SouthernProvinceTurtles_12-2-5,sea turtle,train,9
SouthernProvinceTurtles_12-2-6,sea turtle,train,11
SouthernProvinceTurtles_12-2-7,sea turtle,train,7
SouthernProvinceTurtles_13-2-2,sea turtle,train,11
SouthernProvinceTurtles_13-2-3,sea turtle,train,8
SouthernProvinceTurtles_13-2-4,sea turtle,train,9
SouthernProvinceTurtles_14-2-1,sea turtle,train,12
SouthernProvinceTurtles_14-2-2,sea turtle,train,15
SouthernProvinceTurtles_15-2-1,sea turtle,train,17
SouthernProvinceTurtles_15-2-10,sea turtle,train,4
SouthernProvinceTurtles_15-2-11,sea turtle,train,5
SouthernProvinceTurtles_15-2-12,sea turtle,validation,8
SouthernProvinceTurtles_15-2-13,sea turtle,train,5
SouthernProvinceTurtles_15-2-14,sea turtle,validation,5
SouthernProvinceTurtles_15-2-15,sea turtle,train,10
SouthernProvinceTurtles_15-2-16,sea turtle,test,6
SouthernProvinceTurtles_15-2-17,sea turtle,test,2
SouthernProvinceTurtles_15-2-18,sea turtle,train,6
SouthernProvinceTurtles_15-2-19,sea turtle,train,6
SouthernProvinceTurtles_15-2-2,sea turtle,test,5
SouthernProvinceTurtles_15-2-20,sea turtle,train,4
SouthernProvinceTurtles_15-2-21,sea turtle,train,8
SouthernProvinceTurtles_15-2-22,sea turtle,test,5
SouthernProvinceTurtles_15-2-23,sea turtle,train,7
SouthernProvinceTurtles_15-2-24,sea turtle,train,5
SouthernProvinceTurtles_15-2-3,sea turtle,train,7
SouthernProvinceTurtles_15-2-4,sea turtle,train,3
SouthernProvinceTurtles_15-2-5,sea turtle,validation,4
SouthernProvinceTurtles_15-2-6,sea turtle,test,5
SouthernProvinceTurtles_15-2-7,sea turtle,test,5
SouthernProvinceTurtles_15-2-8,sea turtle,train,5
SouthernProvinceTurtles_15-2-9,sea turtle,train,6
SouthernProvinceTurtles_16-2-1,sea turtle,train,8
SouthernProvinceTurtles_16-2-2,sea turtle,train,12
SouthernProvinceTurtles_16-2-3,sea turtle,validation,15
SouthernProvinceTurtles_17-2-1,sea turtle,validation,20
SouthernProvinceTurtles_17-2-2,sea turtle,train,6
SouthernProvinceTurtles_17-2-3,sea turtle,validation,16
SouthernProvinceTurtles_9-2-1,sea turtle,train,1
SouthernProvinceTurtles_9-2-2,sea turtle,train,23
SouthernProvinceTurtles_9-2-3,sea turtle,train,8
StripeSpotter_01_036,zebra,test,13
StripeSpotter_01_136,zebra,train,8
StripeSpotter_01_165,zebra,train,17
StripeSpotter_01_230,zebra,train,32
StripeSpotter_01_363,zebra,train,10
StripeSpotter_01_460,zebra,test,36
StripeSpotter_01_579,zebra,train,8
StripeSpotter_01_661,zebra,validation,51
StripeSpotter_01_679,zebra,train,19
StripeSpotter_01_737,zebra,train,5
StripeSpotter_01_805,zebra,train,16
StripeSpotter_02_1026,zebra,validation,9
StripeSpotter_02_149,zebra,test,31
StripeSpotter_02_161,zebra,train,32
StripeSpotter_02_162,zebra,validation,20
StripeSpotter_03_045,zebra,validation,19
StripeSpotter_04_008,zebra,train,45
StripeSpotter_08_031,zebra,validation,1
StripeSpotter_08_034,zebra,train,11
StripeSpotter_08_078,zebra,validation,13
StripeSpotter_08_085,zebra,test,25
StripeSpotter_08_100,zebra,train,33
StripeSpotter_09_167,zebra,train,7
StripeSpotter_09_182,zebra,test,15
StripeSpotter_09_185,zebra,train,6
StripeSpotter_09_200,zebra,validation,16
StripeSpotter_09_212,zebra,train,31
StripeSpotter_09_355,zebra,train,11
StripeSpotter_09_364,zebra,train,3
StripeSpotter_10_002,zebra,train,15
StripeSpotter_10_005,zebra,train,4
StripeSpotter_OP04_225,zebra,validation,16
StripeSpotter_OP05_546,zebra,train,10
StripeSpotter_OP05_625,zebra,train,32
StripeSpotter_S09_067,zebra,train,18
StripeSpotter_S09_069,zebra,train,25
StripeSpotter_S09_086,zebra,train,10
StripeSpotter_S09_088,zebra,validation,37
StripeSpotter_S09_111,zebra,train,30
StripeSpotter_S09_112,zebra,validation,13
StripeSpotter_S09_161,zebra,test,20
StripeSpotter_S09_174,zebra,train,10
StripeSpotter_S09_175,zebra,train,8
StripeSpotter_S09_211,zebra,test,16
StripeSpotter_S09_215,zebra,test,13
WhaleSharkID_016d6422-fab0-b809-90f6-e8ad20d8c9d8,whaleshark,train,37
WhaleSharkID_035fd7fd-70d7-8e73-43e3-b0fa0bdbbcc2,whaleshark,train,10
WhaleSharkID_053ccacf-2ac3-ce3b-5c55-59a7756bc059,whaleshark,validation,6
WhaleSharkID_056fc114-b8e2-5814-3007-549342c07d8d,whaleshark,train,15
WhaleSharkID_058c2047-cdb9-6ce8-8130-80e53f23622f,whaleshark,train,36
WhaleSharkID_068b4cc2-a5cd-1524-1b0b-fb9b91280909,whaleshark,test,4
WhaleSharkID_06947eec-0c52-4720-3a7f-efbc50dccc54,whaleshark,train,33
WhaleSharkID_06e2ee41-25ce-6f05-d90f-1acbe1492457,whaleshark,train,2
WhaleSharkID_07229899-48c9-ad8d-1fdf-58657f69dcab,whaleshark,test,9
WhaleSharkID_0749736f-ca90-ed15-a460-1488f8ad9522,whaleshark,train,6
WhaleSharkID_082cfcc5-c9f4-0fad-1ecf-c79afc6d9d4f,whaleshark,validation,7
WhaleSharkID_08436429-4153-cd57-c9ba-c27b0279a7fb,whaleshark,train,7
WhaleSharkID_087bdba0-2fcb-c526-29ae-8cd31214f61a,whaleshark,validation,4
WhaleSharkID_08d8d94b-a768-ac38-0aaa-1cc63a8c2c80,whaleshark,train,9
WhaleSharkID_096eb7d9-82e3-d5a5-1116-42ddd304701e,whaleshark,train,26
WhaleSharkID_09a787d5-073c-de26-d72b-59a89d3f1e20,whaleshark,train,5
WhaleSharkID_09c22843-fab9-3b29-5930-fee44303f689,whaleshark,train,1
WhaleSharkID_0a7bb3d0-4762-cee3-e4f2-f7d1d153ddd2,whaleshark,test,31
WhaleSharkID_0b70d4d3-adb1-1132-8898-284fa073d830,whaleshark,train,3
WhaleSharkID_0bf70dba-2bd4-39dd-48a9-227ab6f48bc0,whaleshark,test,8
WhaleSharkID_0c70af68-595f-3125-ed90-a74a2a8fb0f7,whaleshark,train,9
WhaleSharkID_0cf23d2f-bada-652a-3325-a3298a52d1c5,whaleshark,train,35
WhaleSharkID_0d01257c-81cf-ae07-31f4-493d717bbfa2,whaleshark,train,4
WhaleSharkID_0d0160ac-3076-83fc-76ca-7bf0189d86e1,whaleshark,test,22
WhaleSharkID_0e04e78c-4f8a-4598-1dfe-6f0a91e8f09d,whaleshark,validation,3
WhaleSharkID_0e35135a-e5a5-ac85-1867-78d694cc3d86,whaleshark,train,18
WhaleSharkID_0e5bcf14-be57-591e-b88a-e1916b65a1cf,whaleshark,train,1
WhaleSharkID_0e9cf220-7008-2b24-fcf4-9246e1968eb2,whaleshark,validation,5
WhaleSharkID_0eea0591-130d-3fe8-d5ff-117e2de25dcf,whaleshark,test,2
WhaleSharkID_0f46e82c-b6a7-5819-9852-003f6861922c,whaleshark,train,13
WhaleSharkID_0fca832e-87ea-029e-4a39-0c1ae5a49416,whaleshark,train,37
WhaleSharkID_10563a2a-4c62-e8c9-e5a5-8582bf2eb059,whaleshark,test,2
WhaleSharkID_110a0bd4-5393-a07b-62d2-5cf0874f4b67,whaleshark,train,12
WhaleSharkID_12c56fad-75b1-9420-99ad-55b2e88be1bc,whaleshark,test,4
WhaleSharkID_12ce9e7f-8e72-8a20-7eb9-6f4afdcda102,whaleshark,train,4
WhaleSharkID_12ed5d40-ef21-29b4-59a9-a83dd109c42d,whaleshark,train,14
WhaleSharkID_13358d13-b940-7836-2d35-d00e8310b297,whaleshark,train,49
WhaleSharkID_144aac36-83d9-d66e-535b-b4eb29c8da7e,whaleshark,train,56
WhaleSharkID_1481bdde-1bf5-f327-48bd-4303b49f2f23,whaleshark,test,12
WhaleSharkID_1486560c-7db2-926d-9997-f4e8e5d4f9dd,whaleshark,test,1
WhaleSharkID_1592c3cf-3199-bb63-a7f7-3393498a2e3f,whaleshark,train,4
WhaleSharkID_16ae2b95-95b1-ea72-de7e-f6eb4ebd08a0,whaleshark,train,7
WhaleSharkID_16d2e335-2c07-98b2-ad01-c1eee08f3793,whaleshark,validation,1
WhaleSharkID_17369b26-79a4-5ad6-4840-1b07161efe59,whaleshark,test,12
WhaleSharkID_175ce139-96a2-9ac9-27fe-d07f628034ad,whaleshark,train,19
WhaleSharkID_176a0208-db4d-26fc-5578-f38449c27981,whaleshark,validation,39
WhaleSharkID_17d5ac8c-685d-e019-32be-5136aff9aac3,whaleshark,train,13
WhaleSharkID_184e5bde-0e49-4b81-bd5b-a85e276a593e,whaleshark,train,13
WhaleSharkID_18b0f340-8147-3d7f-a8aa-22d590108a1b,whaleshark,train,84
WhaleSharkID_198cc925-fb44-2b98-687d-588008f18077,whaleshark,train,28
WhaleSharkID_19fa3e36-bb68-3fbc-625d-a7d788796ac4,whaleshark,test,13
WhaleSharkID_1a7f1351-47f1-4eb8-6a65-8585d87e4870,whaleshark,test,4
WhaleSharkID_1af84be1-7441-1573-42eb-ace1eb985644,whaleshark,train,4
WhaleSharkID_1b50414d-7d27-f075-e8a1-22580b16f972,whaleshark,train,3
WhaleSharkID_1b9105f8-a774-0af7-2f24-88c69aa73d14,whaleshark,train,11
WhaleSharkID_1c6a8bf4-8670-d895-02dd-cced81f027f6,whaleshark,train,2
WhaleSharkID_1c8e3a8e-b55f-d01d-a75c-39225b6fe749,whaleshark,train,1
WhaleSharkID_1cf57545-7a91-ab69-4ecc-5ef84fadd959,whaleshark,train,61
WhaleSharkID_1d372763-dccc-f871-867c-87f2a760153b,whaleshark,train,10
WhaleSharkID_1d96c3f5-f565-8134-6dc6-53a1d7ff5bfa,whaleshark,train,4
WhaleSharkID_1df5043a-37c8-022b-6417-8cb89dbac3f1,whaleshark,train,8
WhaleSharkID_1dfee859-8b72-776b-112d-449c6a857a43,whaleshark,train,17
WhaleSharkID_1e1bd8b7-6d1d-b45d-c662-42ce39a8d1c4,whaleshark,train,2
WhaleSharkID_1e418f01-3326-5e49-5a06-70c03d55b94a,whaleshark,test,2
WhaleSharkID_1f8d3e82-b841-5def-bc2c-e87c8ddf0dd7,whaleshark,train,8
WhaleSharkID_1ff27bf9-057f-2670-5b61-3606136f561f,whaleshark,train,26
WhaleSharkID_202e7958-9a93-a7aa-6cfc-696763e2eb4a,whaleshark,test,3
WhaleSharkID_21027863-1d99-20d5-e7f9-dd3f7ad3b166,whaleshark,test,131
WhaleSharkID_2166844f-c027-c2b8-0acf-a15feca42dbb,whaleshark,train,10
WhaleSharkID_221fb467-838a-1e02-36ba-d2d695cee445,whaleshark,train,6
WhaleSharkID_22b52713-6ddf-36a4-55f2-68d76f7a6798,whaleshark,train,10
WhaleSharkID_22cdaf17-23e1-c39d-32bc-90e355d12ae7,whaleshark,validation,1
WhaleSharkID_22e46819-0d81-744a-05f5-d07ab88aeb91,whaleshark,train,5
WhaleSharkID_230ae37a-8cfc-7a08-30aa-b969789d7895,whaleshark,validation,2
WhaleSharkID_23ee60ca-68d4-e54f-183c-369af122897b,whaleshark,train,46
WhaleSharkID_23f2d593-d059-37ab-fff6-1a2297c2bf13,whaleshark,train,6
WhaleSharkID_24dd4346-fae4-97e7-61e1-acd06f4fedfc,whaleshark,test,4
WhaleSharkID_24e404dd-094c-e5bd-defa-e52125422443,whaleshark,train,131
WhaleSharkID_252c13f3-4bbe-8e1e-9569-295a5fb4c1b7,whaleshark,train,30
WhaleSharkID_25478344-4f5a-3411-be50-a9e919cdfbe4,whaleshark,validation,5
WhaleSharkID_2583f9b6-1b10-2c5f-2136-62badc34dcf2,whaleshark,train,42
WhaleSharkID_25b643a1-7f9f-063c-d55f-2c3c0ee5faf3,whaleshark,validation,1
WhaleSharkID_25f672dc-1aa3-8778-766d-d6dfa935a5e0,whaleshark,test,4
WhaleSharkID_262a2330-5e47-8311-180d-920d61e42841,whaleshark,train,30
WhaleSharkID_26560de1-6930-ddaf-5069-f7b85acd40fb,whaleshark,train,126
WhaleSharkID_266abf8c-a906-531f-b2de-4ce5a983941a,whaleshark,train,10
WhaleSharkID_26e353e3-068a-18c2-a992-c48a9c29c2bb,whaleshark,train,4
WhaleSharkID_2779ce82-e357-90ff-c4de-f1698085029a,whaleshark,train,5
WhaleSharkID_286def01-47a6-5b70-b37d-17dac3689f1a,whaleshark,train,5
WhaleSharkID_2875a589-03cd-031c-61ac-38e56b3c441e,whaleshark,train,6
WhaleSharkID_28a69006-ad05-244c-cb1d-1879c93b650a,whaleshark,train,3
WhaleSharkID_28f11ea8-d7e7-2429-e62f-ed5387357fc7,whaleshark,train,6
WhaleSharkID_2aa9e645-0073-5866-ae58-2943b4642d32,whaleshark,test,48
WhaleSharkID_2adb35be-60bd-ba1e-7a89-2fff62fa14e9,whaleshark,test,27
WhaleSharkID_2adfa1ec-d9ba-446b-c5a2-d70aa67578ca,whaleshark,train,9
WhaleSharkID_2b8deb03-d667-83ef-6639-e91ed43094c2,whaleshark,train,6
WhaleSharkID_2be0f207-05ed-2434-0c18-a85934aae890,whaleshark,train,1
WhaleSharkID_2c0eee91-ce16-0af5-ddfd-60284545ba66,whaleshark,train,4
WhaleSharkID_2c28b671-38f8-554d-4291-1bf2b895e10a,whaleshark,train,18
WhaleSharkID_2c40c5a2-26db-e5fc-094c-698d573ef0c8,whaleshark,validation,2
WhaleSharkID_2e1381fc-1f10-3d0a-fedb-2518e87e492c,whaleshark,train,6
WhaleSharkID_2fa8a4bb-118b-432f-3993-caa3ab7b931c,whaleshark,train,12
WhaleSharkID_302bd256-bed8-03fa-5373-65af074d302f,whaleshark,train,3
WhaleSharkID_30f4b208-45db-55ba-da2f-6ed0699d59e0,whaleshark,train,3
WhaleSharkID_31b19e95-b744-edba-d47e-391a04a656ae,whaleshark,train,24
WhaleSharkID_324aa231-b1da-03e4-44ec-028d874a623b,whaleshark,train,2
WhaleSharkID_325b5803-e2e3-9b4c-4289-8d12cc70337d,whaleshark,validation,4
WhaleSharkID_338b4032-8796-5b56-8fe8-fe4e849d3889,whaleshark,train,8
WhaleSharkID_339cad66-07a7-dc16-d0b6-5f89f49c01f0,whaleshark,train,10
WhaleSharkID_33ad0a73-80f1-a6ea-838f-ed6e01dd3253,whaleshark,train,3
WhaleSharkID_33ef3e22-b625-972f-d3be-724063d21230,whaleshark,validation,4
WhaleSharkID_341569f2-1f34-4884-1dd3-79137be4c77f,whaleshark,train,154
WhaleSharkID_34172e47-9ace-9324-d335-3042cf198c9a,whaleshark,train,13
WhaleSharkID_34f83305-a86d-3e83-8f58-6aa4a67863b9,whaleshark,train,12
WhaleSharkID_354414a0-35b5-d795-975c-1e967b3b86a6,whaleshark,train,20
WhaleSharkID_35aa73bf-5bdc-5647-0126-d67cf3b3fa7a,whaleshark,train,23
WhaleSharkID_35c6ce12-aeca-b813-7028-7458f0984477,whaleshark,train,2
WhaleSharkID_35f58fbe-dc49-8c2e-ce94-f90ee9362987,whaleshark,validation,1
WhaleSharkID_363120db-dbe9-d65a-79cc-53c47bb66f51,whaleshark,test,19
WhaleSharkID_37ca86f3-c055-6935-e396-70403d4cab46,whaleshark,train,14
WhaleSharkID_37fffaa7-2799-84c4-760b-eac6e2b95f13,whaleshark,train,5
WhaleSharkID_39449ca6-da58-27ac-f751-cf8ac7c47a86,whaleshark,train,11
WhaleSharkID_39c01a38-f68a-743b-937d-6f5d1a5fd315,whaleshark,train,4
WhaleSharkID_39e22ef9-846e-eff2-2222-1ab7d218bb14,whaleshark,train,9
WhaleSharkID_39f6c05d-9cd6-123c-7b22-107426bf01d3,whaleshark,train,5
WhaleSharkID_3a16a1f6-e53a-d200-e8de-d9033f0f5bf6,whaleshark,test,4
WhaleSharkID_3a177c74-4cf6-2ea1-e150-5bac76d8b5e8,whaleshark,train,6
WhaleSharkID_3aef4a5f-9c50-80bd-b420-1b29c4e66fe9,whaleshark,test,9
WhaleSharkID_3b8ddc51-522c-50b4-b040-71dc7c728209,whaleshark,test,1
WhaleSharkID_3b9999d3-f149-eff4-f344-87789c01b5fd,whaleshark,train,2
WhaleSharkID_3baed51f-6f8c-27e7-1c88-f5c4ce5ee454,whaleshark,train,21
WhaleSharkID_3bf7f2d9-42b3-7c09-c5ef-f1db7d6ba33e,whaleshark,train,10
WhaleSharkID_3c350afa-c7dd-7007-f5ba-38a67e5e9478,whaleshark,train,4
WhaleSharkID_3c544578-7364-76ca-9b67-d3d586142c0e,whaleshark,train,10
WhaleSharkID_3c66087a-5c7d-464e-3bed-d5797a34ad71,whaleshark,train,24
WhaleSharkID_3d2844ae-efa7-19af-bc6f-8165d85a3081,whaleshark,train,4
WhaleSharkID_3dce911b-d0fb-fe61-8134-cae7f937a013,whaleshark,train,3
WhaleSharkID_3eb76775-d6b0-c237-d9ee-9c9e594a0c21,whaleshark,validation,4
WhaleSharkID_3ebff1ce-2822-188c-ab37-14f36f30fbd6,whaleshark,train,24
WhaleSharkID_3ed68e55-9db3-9b9e-f063-df4e038c33f1,whaleshark,train,3
WhaleSharkID_3f47e775-77a5-845f-6604-7e11952d083d,whaleshark,test,86
WhaleSharkID_407dea5c-78c2-5733-2fe6-ac3f6826e624,whaleshark,train,30
WhaleSharkID_40d84739-8025-d99a-73ba-362447c5863a,whaleshark,train,4
WhaleSharkID_416bfe55-772e-29e3-23a5-ea7d9fc17997,whaleshark,train,2
WhaleSharkID_42c43f87-d748-78db-7980-2d5545ebc06e,whaleshark,test,27
WhaleSharkID_4302b5d4-d992-e09f-34e9-085ba69c2d58,whaleshark,train,5
WhaleSharkID_431741cc-839f-cbaf-9859-162abfa36ba4,whaleshark,train,124
WhaleSharkID_4346c2b8-6ce0-65c8-51da-68f6e6d6927c,whaleshark,train,3
WhaleSharkID_44cea048-f0d2-18e6-bc99-c9c173743fae,whaleshark,validation,4
WhaleSharkID_4507ee90-84b6-fecb-cd98-2fbddd8707fb,whaleshark,validation,10
WhaleSharkID_4547976b-8a6a-7893-2f1c-30ad8a4235e1,whaleshark,test,2
WhaleSharkID_45da2095-b2a4-df87-57c9-1cb7c4c72d8b,whaleshark,train,1
WhaleSharkID_4601dddb-c8af-2f71-b4d7-507c0f9fd4e7,whaleshark,validation,4
WhaleSharkID_461d166d-0321-fe1b-8796-dbcb72672a64,whaleshark,train,17
WhaleSharkID_47c804e2-4cb5-1dcc-4e3e-13475ef3bec0,whaleshark,train,4
WhaleSharkID_47da9333-c5b3-a2ca-c794-46d28ed91d84,whaleshark,train,3
WhaleSharkID_480a68f9-659c-d261-4609-dbd95b86304c,whaleshark,test,10
WhaleSharkID_48501ab8-4a0f-8ce0-823b-d0dd26e4098b,whaleshark,train,35
WhaleSharkID_487c367d-71a8-7903-1472-04bc792e01ea,whaleshark,train,1
WhaleSharkID_489bfe12-bda6-95c8-a47d-78c12b4e38cd,whaleshark,validation,4
WhaleSharkID_4b0262ab-61cc-fdbf-8a08-320c9052963c,whaleshark,train,73
WhaleSharkID_4b6e1f7e-3a13-3d0f-7bea-204615f7e6ff,whaleshark,train,5
WhaleSharkID_4bf26c00-3a83-a27e-c042-064ce1a02201,whaleshark,train,16
WhaleSharkID_4c1081f1-4af1-b9ad-03cb-b243faf2bf8a,whaleshark,train,5
WhaleSharkID_4cbf8ca9-165f-2365-f99d-8566d7149398,whaleshark,train,1
WhaleSharkID_4d8e96d1-7dfa-d83c-8b8a-cdac8d7a2f9d,whaleshark,train,11
WhaleSharkID_4def753c-a33d-036b-4d40-e7a908b7c5ba,whaleshark,train,5
WhaleSharkID_4df1813b-5f8f-5274-a229-4b75dca1e69c,whaleshark,test,1
WhaleSharkID_4fd98032-6df9-8427-ab8c-c4ef56f97604,whaleshark,validation,4
WhaleSharkID_4fe4aa19-11cb-fa79-5d7e-43b2014dc286,whaleshark,train,32
WhaleSharkID_4ff9b4fb-c393-e710-f752-c06fba526544,whaleshark,train,7
WhaleSharkID_4fff8419-3e8d-9b8d-5f16-1fe3b7fa9938,whaleshark,train,4
WhaleSharkID_509b2248-00ca-5450-8cd2-94f3ec831459,whaleshark,train,1
WhaleSharkID_5133a976-b683-1546-b79f-3e854d68fbe7,whaleshark,train,2
WhaleSharkID_514fff29-c834-7e28-02a7-41286ee24868,whaleshark,train,25
WhaleSharkID_5228e8e7-4db3-e55a-3c68-c0dbe95a2c37,whaleshark,train,13
WhaleSharkID_535ee47e-9a8d-156b-439e-00ceb0bc08ec,whaleshark,validation,50
WhaleSharkID_5567fe79-b98d-e325-0990-02c0cd54c38e,whaleshark,train,11
WhaleSharkID_55d7f55c-6be0-79a5-8726-69b723afbbae,whaleshark,test,13
WhaleSharkID_55ec96f0-7bfb-15e0-71c2-b241a52da5d4,whaleshark,train,4
WhaleSharkID_564d584d-61a8-dd33-2be9-80608a792c7d,whaleshark,train,52
WhaleSharkID_564fbd9a-90be-499d-0191-214963b28313,whaleshark,test,6
WhaleSharkID_56b9a02f-2373-b64c-ed63-5ac7cbf788bf,whaleshark,test,29
WhaleSharkID_56c1cd62-8457-1958-fb2c-2859593c05f6,whaleshark,train,12
WhaleSharkID_571cacf1-f672-cb92-3a27-a2793c247687,whaleshark,train,2
WhaleSharkID_5752857e-ae58-f867-1ae3-e3ab0b58fb8c,whaleshark,train,13
WhaleSharkID_57bc1889-ae33-3d86-cc7f-035e9faf6ba5,whaleshark,train,24
WhaleSharkID_588c2f7d-d7b9-c687-0399-c7e266b1e83b,whaleshark,train,17
WhaleSharkID_58934c12-92d7-1c1e-8349-5e4783dccdd6,whaleshark,test,4
WhaleSharkID_59a5372a-838d-25da-92d6-efdcb182a14f,whaleshark,train,1
WhaleSharkID_59af5b4c-cd5c-9d48-0f2c-7c390ffec1c3,whaleshark,train,25
WhaleSharkID_5b606157-9a2f-5ddc-08c2-04036e7802cd,whaleshark,train,19
WhaleSharkID_5bc53cc8-d715-57c0-2a3b-46518a5b221c,whaleshark,test,22
WhaleSharkID_5be2659b-179d-f650-12c4-7cddbbb1a265,whaleshark,train,2
WhaleSharkID_5c79ee19-2dc6-e0c6-6bc4-e4a1cb9a6b5d,whaleshark,test,4
WhaleSharkID_5ca8ea1b-5515-3ae1-94e8-26219c299725,whaleshark,train,2
WhaleSharkID_5d063772-343d-9c28-cad3-0cb9fce5c0c7,whaleshark,validation,13
WhaleSharkID_5d2a9971-6454-1e15-5833-60ee0e3489ce,whaleshark,train,3
WhaleSharkID_5e29ec53-5d80-8e14-ef94-4e8a36f296b8,whaleshark,train,19
WhaleSharkID_5e8ac347-9fa5-f8ed-9f15-6ada5cb15723,whaleshark,train,2
WhaleSharkID_5f4cec40-dbe7-d4f9-8c61-a037388c2365,whaleshark,test,3
WhaleSharkID_60db2910-9138-31e6-d643-f7f873dc4d92,whaleshark,test,5
WhaleSharkID_613a92d6-25df-c5a1-f1e9-e2866fae0205,whaleshark,validation,2
WhaleSharkID_6154f506-c234-674b-1c47-e33157767f42,whaleshark,train,8
WhaleSharkID_61f4113a-104d-5ec9-4afb-31c4c6a3e675,whaleshark,test,3
WhaleSharkID_61f6281f-4a09-dbd1-8d89-4e1bcfb7e50b,whaleshark,train,13
WhaleSharkID_6296853f-09ed-7445-375f-a975dcdc9b4e,whaleshark,train,1
WhaleSharkID_62a2d3e7-c86e-9def-36d5-afba25a0b543,whaleshark,train,5
WhaleSharkID_62f461c0-a831-a2d1-0d6d-3aae40790b89,whaleshark,test,10
WhaleSharkID_6301d1e1-1d17-8d5e-28b7-da0bb3ad712b,whaleshark,train,7
WhaleSharkID_641dadfa-688a-d6da-19fb-6e2c3d9491b7,whaleshark,train,15
WhaleSharkID_647d84f1-7f54-8551-f6f4-f86b68cac4c0,whaleshark,train,1
WhaleSharkID_655c36d6-e90a-6694-e519-7c4ab98b89d6,whaleshark,train,26
WhaleSharkID_65b576f8-38e9-66ff-c614-20f3c81dd0ff,whaleshark,train,29
WhaleSharkID_65c1f04c-283c-d6dd-4911-66393a0044b4,whaleshark,train,6
WhaleSharkID_65c5bef3-88ba-dace-7939-67826b53b821,whaleshark,train,4
WhaleSharkID_65e9de1d-c351-d15d-b61c-c87ffd082ddc,whaleshark,validation,12
WhaleSharkID_66755038-af33-95c4-2ee0-6f280843e658,whaleshark,train,74
WhaleSharkID_672dbdf0-ace0-4c81-6e45-25ab615fe9e9,whaleshark,train,20
WhaleSharkID_6733867c-88d2-757d-5e60-c01b67b52132,whaleshark,validation,12
WhaleSharkID_67e6aff7-0b58-eb98-ef49-e543a31f27d3,whaleshark,train,37
WhaleSharkID_687318c6-fe9c-3f7f-8983-3c61cb5b6811,whaleshark,train,76
WhaleSharkID_697e38e7-ba1f-2f6e-362c-43c270886237,whaleshark,train,23
WhaleSharkID_69bd7579-247d-6e3c-93a5-1a1d48a7b0c9,whaleshark,train,6
WhaleSharkID_69f95579-8a42-8d93-8d78-7b641952933c,whaleshark,test,56
WhaleSharkID_6b4758a2-e398-d915-28e5-1ec28b220b0c,whaleshark,train,12
WhaleSharkID_6c42f6ee-96d8-ce7c-4594-d68850806cc3,whaleshark,train,36
WhaleSharkID_6d0d6c2d-6c32-fe7f-d92d-cf2681258d54,whaleshark,train,11
WhaleSharkID_6d5b2035-423b-1e02-5855-6c39eb91a914,whaleshark,train,8
WhaleSharkID_6e7973e3-ac8d-f2ff-8c47-b02de172a80b,whaleshark,train,6
WhaleSharkID_6ed8a00d-bef6-7409-5d46-ad9d45c4a708,whaleshark,train,4
WhaleSharkID_70012953-cf15-7826-7006-932422688a87,whaleshark,train,8
WhaleSharkID_7031f323-39d1-444f-eafd-157eb006ef1d,whaleshark,train,3
WhaleSharkID_70f45c02-0ab9-bd64-99ac-95d6f6dc3a26,whaleshark,test,27
WhaleSharkID_71039af3-3766-b597-d579-ae26cf995a9a,whaleshark,train,61
WhaleSharkID_71816ac7-b041-f51e-8c8e-2b76d3979aa5,whaleshark,test,11
WhaleSharkID_722dac72-d4c7-7b72-8b9a-02fa9e155c45,whaleshark,train,8
WhaleSharkID_722ebe70-ff1e-a7c4-2c16-b291abb3c996,whaleshark,train,34
WhaleSharkID_7269d9e5-193f-0ca5-e6f1-70a276a81496,whaleshark,train,6
WhaleSharkID_7273f038-e516-8944-47fb-061153424b4d,whaleshark,train,9
WhaleSharkID_7299e510-4de5-9f5b-d7a4-9009594a3a24,whaleshark,train,4
WhaleSharkID_7368cb71-43d8-450e-aacd-0863bdd88c02,whaleshark,train,40
WhaleSharkID_744e6f04-9907-4f75-a9ee-decdd6bfc27a,whaleshark,train,6
WhaleSharkID_746b103f-bc1d-a0bf-cadc-f74f88c240de,whaleshark,validation,4
WhaleSharkID_74a2505c-fed2-9f90-e7f7-77b87a692081,whaleshark,train,20
WhaleSharkID_74f5c261-961b-5ddb-74f2-51f1c328097a,whaleshark,test,2
WhaleSharkID_75e0b508-e0b7-0883-885c-ef049b83defb,whaleshark,train,26
WhaleSharkID_75fae8b3-aac2-07c1-8f9f-ba4c1a3f26c8,whaleshark,train,4
WhaleSharkID_75fd4e45-97c0-0cbe-9828-94efa5a8048c,whaleshark,train,3
WhaleSharkID_767db20b-e1c7-84ab-eb54-da609ccd6a36,whaleshark,train,2
WhaleSharkID_76dcfff6-6a66-8a83-bb45-52cec50b06cb,whaleshark,train,6
WhaleSharkID_76e7a797-850b-2416-d32e-36755a36e28d,whaleshark,train,2
WhaleSharkID_77ec3c66-4342-b777-89fd-79f15a5f0c6b,whaleshark,train,22
WhaleSharkID_781ee8dd-8d83-1974-65d0-3f86de71801a,whaleshark,train,5
WhaleSharkID_7822d234-4294-9223-e711-39feefe6e319,whaleshark,train,11
WhaleSharkID_784bb5c7-63f7-a53c-2876-8b61f67d0f44,whaleshark,validation,12
WhaleSharkID_791b3b3e-e556-6d31-ff6d-860f210addc0,whaleshark,train,14
WhaleSharkID_7a7da8ca-59eb-a54f-3329-a35356e782d1,whaleshark,train,3
WhaleSharkID_7a8a498c-c07f-ed07-9b88-bc1fc36a9967,whaleshark,train,8
WhaleSharkID_7bb52b6a-23af-e0ac-1eed-ac1e6e74c90f,whaleshark,train,27
WhaleSharkID_7c8a623d-c9cf-0844-f844-b2ed52063b87,whaleshark,validation,68
WhaleSharkID_7ca5de18-30d2-acde-8c1d-f7a82546c2b6,whaleshark,train,4
WhaleSharkID_7cc2a8a9-e070-19db-5e80-e656d998d31f,whaleshark,test,18
WhaleSharkID_7cd6c6f1-72cf-fa6e-00c0-84b7534ed728,whaleshark,train,17
WhaleSharkID_7ed59ac8-bd70-10af-b661-a42faec75783,whaleshark,train,4
WhaleSharkID_80bc5c4c-e5ae-cdcd-48be-1639c4e17b1a,whaleshark,validation,2
WhaleSharkID_8280b27f-d397-dbd7-30c9-2da6e1b7815e,whaleshark,train,17
WhaleSharkID_838a17cc-1de8-c400-10d2-40a2f2a44350,whaleshark,train,3
WhaleSharkID_83a1f729-06f8-a9f2-0518-d8c45f442812,whaleshark,validation,20
WhaleSharkID_847cef24-2a3c-af15-2e58-ec1046dbf155,whaleshark,train,34
WhaleSharkID_852f9eb1-f3a0-3915-ddf2-204adc52b605,whaleshark,train,12
WhaleSharkID_86880bbc-28b3-362a-e627-cdbd52061b31,whaleshark,train,2
WhaleSharkID_86ba25a6-d181-7057-bb2d-20e2f1181ee0,whaleshark,train,4
WhaleSharkID_87300421-647e-2443-5e25-a4beaca919bf,whaleshark,train,14
WhaleSharkID_8812c88e-cbbe-989f-7fb9-6e2225f2ed4d,whaleshark,train,3
WhaleSharkID_88705a11-d976-2e37-fb1d-e0dc89ef73c8,whaleshark,validation,26
WhaleSharkID_8888628e-4976-ba02-f063-c5cb4df8c30b,whaleshark,train,4
WhaleSharkID_888e1d23-8c78-95fe-8cfe-0c6a530afd56,whaleshark,train,4
WhaleSharkID_8960cb92-3554-bf83-d53c-0a97c8da8a16,whaleshark,train,10
WhaleSharkID_899625f6-0b4f-3266-75af-607b0d8c04b9,whaleshark,train,31
WhaleSharkID_8a5af3a0-f4ec-e914-9857-a6aa7b0582c9,whaleshark,validation,12
WhaleSharkID_8b066c82-4140-4c42-c35a-12da4cd1ae17,whaleshark,train,54
WhaleSharkID_8b820db0-c8f7-e68a-c1fc-ebfa70740a50,whaleshark,test,8
WhaleSharkID_8c6be57c-09f8-c262-3a6b-4e7ed06435f1,whaleshark,test,16
WhaleSharkID_8c77010c-99fb-9f8b-25f4-3aeac00c5e0e,whaleshark,train,3
WhaleSharkID_8c85bd9e-b53d-38f5-9ae5-e6bb42cf939f,whaleshark,train,13
WhaleSharkID_8db8a78c-27c7-b497-7509-52985effcd0b,whaleshark,train,11
WhaleSharkID_8e2646ba-c82c-2de4-fa2b-64d71c2b8fd0,whaleshark,train,14
WhaleSharkID_902279b4-54d3-db22-16de-2e30d75fed6e,whaleshark,train,2
WhaleSharkID_905a0cdc-495e-b58c-6f70-a7212047a1fa,whaleshark,validation,10
WhaleSharkID_9124cef3-4214-9f9e-12ed-f07bd9deaa3e,whaleshark,train,15
WhaleSharkID_91e1353e-0542-9686-0ee6-099749d2ebba,whaleshark,train,13
WhaleSharkID_92ba3209-fa4a-c051-a65d-e6a896d821a2,whaleshark,validation,5
WhaleSharkID_92cd1fa4-9cdb-9925-f0b2-1cf17f1e1199,whaleshark,train,10
WhaleSharkID_932890b6-038f-2389-bdd7-91bc9c127645,whaleshark,validation,11
WhaleSharkID_938bfb74-18bc-1aa5-97ab-b37517d59ceb,whaleshark,train,6
WhaleSharkID_93b2cbb3-bfc6-e7c3-ce4b-4118a0ceff8f,whaleshark,train,3
WhaleSharkID_93d64be2-a438-af78-1c16-c8a16f1bd6d5,whaleshark,train,5
WhaleSharkID_94ad978f-e1d8-d6a8-5b0c-88d5d71b2bc9,whaleshark,train,14
WhaleSharkID_94c078c8-3957-cc18-5307-95c0712e7ce7,whaleshark,train,12
WhaleSharkID_952e5077-45a5-8752-f6a5-2cd40b2066d9,whaleshark,validation,11
WhaleSharkID_95d65d3c-d851-6fdf-2d80-b91ef84459cf,whaleshark,train,18
WhaleSharkID_95e2f184-e765-da67-9e88-2a13bb3de53b,whaleshark,validation,55
WhaleSharkID_96583bb9-245a-e067-da52-deca5b665631,whaleshark,validation,25
WhaleSharkID_9699586e-38ef-27da-a531-94f5b1d6934b,whaleshark,validation,13
WhaleSharkID_9717e4ef-c6ec-a32e-e257-d14ec28ba5d4,whaleshark,validation,3
WhaleSharkID_986f211d-25e5-55f1-6c3c-af3e5f21fa7c,whaleshark,train,3
WhaleSharkID_98bdbbd9-06ce-170a-cd2b-83f0fe0ec59d,whaleshark,test,1
WhaleSharkID_98cef860-5fb2-cabd-1b69-4eca723f4a81,whaleshark,train,3
WhaleSharkID_99672bfb-d464-35ff-49e7-6f9817f39cb6,whaleshark,train,14
WhaleSharkID_996d941d-79fa-885a-e12b-00200c7e61f0,whaleshark,train,8
WhaleSharkID_9a37c63f-e3bf-4013-f98c-ed95c4d6f762,whaleshark,test,10
WhaleSharkID_9af0c423-b335-e1a4-cbe5-498b97678f09,whaleshark,train,5
WhaleSharkID_9b50decb-1acc-1e6d-6aae-3c807f712071,whaleshark,validation,14
WhaleSharkID_9c285853-039d-0a0c-a9c1-365a5336e09a,whaleshark,test,3
WhaleSharkID_9ca2397d-b776-395e-b78f-28b3ae2934dd,whaleshark,train,25
WhaleSharkID_9cc4a537-c0a2-3d06-3780-6b327d292303,whaleshark,train,14
WhaleSharkID_9d779709-3c86-f713-ea9d-c03a8f8ab313,whaleshark,train,6
WhaleSharkID_9ddae2a0-7a01-b76d-2d19-f53162827b32,whaleshark,validation,1
WhaleSharkID_9e34f8f4-1421-7cf3-6e3d-3526e9d0a9d6,whaleshark,validation,12
WhaleSharkID_9e360c34-66c0-5039-8b7b-2ffbf70605a1,whaleshark,validation,27
WhaleSharkID_9e53f94a-a6fe-fb09-9d19-e504266a2cd8,whaleshark,train,3
WhaleSharkID_a07638c5-91bc-7823-35a1-43b048ba99d3,whaleshark,train,4
WhaleSharkID_a131248f-351b-9b1b-0762-5d84617367b4,whaleshark,train,29
WhaleSharkID_a13993a7-cc44-77c6-2122-93171548125d,whaleshark,train,32
WhaleSharkID_a1650faf-b690-7e03-c1ec-a8f840c50001,whaleshark,train,6
WhaleSharkID_a1df29b3-703e-edaa-7bf1-2b12ec4619a7,whaleshark,test,7
WhaleSharkID_a2314e4f-81e6-e740-7646-dd88ee598e8c,whaleshark,validation,2
WhaleSharkID_a23c2882-c04e-e850-39e2-132f3e2b3b93,whaleshark,validation,2
WhaleSharkID_a2bbb21c-473f-74a9-15e2-b6661457ac0c,whaleshark,test,24
WhaleSharkID_a409842a-be56-6d06-81dc-819fd8ad32fd,whaleshark,train,1
WhaleSharkID_a43809db-82af-437d-0644-1a7f9a1e92c1,whaleshark,train,9
WhaleSharkID_a481d14a-35d9-c0b3-8fb1-daaaf5b7cb75,whaleshark,train,6
WhaleSharkID_a4a0c373-bb70-5970-be1b-64429fae94b6,whaleshark,train,3
WhaleSharkID_a55cc64a-52c9-482c-5ed7-d7d843009f66,whaleshark,train,2
WhaleSharkID_a60d4414-be66-9a6c-4515-a6b1498e23e5,whaleshark,train,4
WhaleSharkID_a61c17ac-9dd5-db30-cb82-c6333823cb43,whaleshark,validation,12
WhaleSharkID_a644d224-b925-2c5b-d24b-712c3d4974c8,whaleshark,train,11
WhaleSharkID_a6947200-cbb0-745d-19d6-50b481842908,whaleshark,train,19
WhaleSharkID_a76f70dc-4a49-ed77-003f-718c7d132595,whaleshark,train,1
WhaleSharkID_a785af89-b8c0-5e7b-acec-c4874ec5483f,whaleshark,train,136
WhaleSharkID_a7948cc2-9030-b74c-1514-bf47519e98cd,whaleshark,validation,4
WhaleSharkID_a7a1965c-6c33-b274-3127-f1fcd3ed73b1,whaleshark,train,18
WhaleSharkID_a8b217e1-ff7c-fb10-ed6e-97929889ce74,whaleshark,test,23
WhaleSharkID_a91bc0d8-3908-595d-f4f8-72ae572b6ff9,whaleshark,train,3
WhaleSharkID_a9429b5d-fe9f-08f9-3f79-c6497a00fcfc,whaleshark,train,56
WhaleSharkID_a96a16aa-06ee-f5d6-a945-d982b7b1c3af,whaleshark,train,13
WhaleSharkID_a9f76fe0-bb7a-41f0-a8f9-3ce3f8254522,whaleshark,train,8
WhaleSharkID_aa239730-2a0c-316a-ce96-2f8d049bfee6,whaleshark,train,6
WhaleSharkID_aa521254-3314-2bb6-5f21-8d87c387a8e0,whaleshark,train,11
WhaleSharkID_ab5a46a9-64ac-3ef5-c6de-a704d5c65a5c,whaleshark,train,7
WhaleSharkID_abacc294-6ad6-a62e-c2a4-ce2394b54ae5,whaleshark,train,24
WhaleSharkID_ad7cb12c-da40-8813-bca6-bea9d054f8d5,whaleshark,train,17
WhaleSharkID_adde4f5e-741e-76b2-0950-feb593c4f41b,whaleshark,train,25
WhaleSharkID_ae1abcd0-d6d2-f254-ea55-c7d87ffd890f,whaleshark,train,4
WhaleSharkID_ae37dcc9-0798-48bd-7e20-413dc900c8c6,whaleshark,train,3
WhaleSharkID_ae6c3719-b4e6-e9d3-d3b0-6931138c8c5e,whaleshark,train,9
WhaleSharkID_ae9af795-e5f7-fc8c-4110-4d65d85cfba4,whaleshark,train,3
WhaleSharkID_aedfdac4-8066-a86b-7ec2-83e9fc4b1619,whaleshark,train,18
WhaleSharkID_af01832a-b24d-cce9-2ffb-48018bae4006,whaleshark,train,2
WhaleSharkID_b031092d-215a-d658-e55f-0474bd2c7721,whaleshark,train,1
WhaleSharkID_b0352bf6-dc65-695e-6c9c-36d2a0b69898,whaleshark,test,25
WhaleSharkID_b07f4d17-d434-a8ea-a83e-0a27a4c9cd82,whaleshark,train,5
WhaleSharkID_b0a10f68-da5a-2c3f-db32-733232648036,whaleshark,validation,5
WhaleSharkID_b1169261-7b76-b7c1-a51f-23886565c2e7,whaleshark,train,22
WhaleSharkID_b11b8c73-78e4-1cb6-6260-c68e4264f9c4,whaleshark,train,4
WhaleSharkID_b1a2b05b-55a9-e93a-4e04-8cef85c1be09,whaleshark,train,14
WhaleSharkID_b1a459de-6869-191f-3650-c345bd1552d4,whaleshark,train,10
WhaleSharkID_b1d72fd2-841e-3404-e570-753f29c1a31c,whaleshark,validation,2
WhaleSharkID_b202fb9b-d578-1418-717a-d88b5e9b3ff8,whaleshark,test,13
WhaleSharkID_b2bb892c-9e2d-0ceb-a7a6-d81c90b937cf,whaleshark,train,15
WhaleSharkID_b2ec24c6-f18a-967f-ada6-4248b774efa0,whaleshark,train,17
WhaleSharkID_b4c1eb49-19c0-e405-612f-e372e2820b09,whaleshark,test,7
WhaleSharkID_b4d1442b-926b-1002-f13d-467a27386744,whaleshark,validation,28
WhaleSharkID_b4d43887-0836-4a86-60bd-572a3d57ebf5,whaleshark,train,13
WhaleSharkID_b523bcd1-cc8e-6fcf-5cee-7a9d2b05af2c,whaleshark,validation,4
WhaleSharkID_b59d093b-e9a3-10ca-0d81-7511a0cf6ac7,whaleshark,train,5
WhaleSharkID_b5c9a7e3-4f56-b420-4b22-4919195bcddd,whaleshark,train,42
WhaleSharkID_b6645a9e-2ebd-e77f-a605-996a0188b55c,whaleshark,train,2
WhaleSharkID_b666193d-f1c5-9180-ef4c-b74ffdb09450,whaleshark,train,4
WhaleSharkID_b68ab3d0-ce37-6c24-42ab-48968dea7b26,whaleshark,train,25
WhaleSharkID_b6900d8a-1209-34b5-e530-71668efcb90c,whaleshark,train,4
WhaleSharkID_b6d4660e-19ae-56ce-303d-07f20ae5dad7,whaleshark,validation,1
WhaleSharkID_b6ec4775-c313-ce2f-62b5-04579063ed2b,whaleshark,train,6
WhaleSharkID_b7244742-dd9a-5559-d3ee-009321137f89,whaleshark,train,2
WhaleSharkID_b7707e88-c560-eb8c-196d-c6d29078316e,whaleshark,train,2
WhaleSharkID_b7f6cea4-6818-4343-da7f-cbc004e83c8f,whaleshark,train,2
WhaleSharkID_b80f199f-2ead-a809-6a2d-1cf9fccd37a3,whaleshark,train,93
WhaleSharkID_b83bd933-94ce-6474-61ca-aa59811ae847,whaleshark,train,6
WhaleSharkID_b88f5be2-88a4-8a2a-6d1b-21225d1c57f4,whaleshark,test,6
WhaleSharkID_b8af854a-0b32-8eb2-9746-2577f4d447f9,whaleshark,test,3
WhaleSharkID_b9084ed7-4319-4ba5-07c4-986fb0e144a6,whaleshark,train,4
WhaleSharkID_b916e1d6-4682-eb18-ff54-dd97f717ff08,whaleshark,train,3
WhaleSharkID_b9b7da46-e7da-c88f-c649-9645aa3431d7,whaleshark,test,7
WhaleSharkID_ba28928b-492b-a988-b74c-6956e85b9685,whaleshark,validation,4
WhaleSharkID_ba31b317-d53e-2698-94d3-a40a519fb886,whaleshark,train,2
WhaleSharkID_ba441082-a635-6f78-4254-e39507a8dabd,whaleshark,train,22
WhaleSharkID_bae687a1-c9cc-2c4f-5cdf-f567f9c2fab1,whaleshark,validation,14
WhaleSharkID_bb27ae2e-1c8a-9a2b-e28f-eb8d05360bda,whaleshark,train,22
WhaleSharkID_bc57a667-372a-587e-7c48-a3036c1bc7e8,whaleshark,train,15
WhaleSharkID_bc5a1501-ae37-811e-68c1-6b0df50ef962,whaleshark,test,9
WhaleSharkID_bc78e288-916f-cc96-4285-3c79b159872c,whaleshark,train,11
WhaleSharkID_bca7d3ec-938a-fdc4-aeda-51ac609cf255,whaleshark,train,10
WhaleSharkID_bd68ef10-6164-040b-c877-e6de003046b1,whaleshark,validation,6
WhaleSharkID_be04bc89-e53f-fab2-4476-8f2e35430029,whaleshark,test,4
WhaleSharkID_be0eb50a-d243-75fe-9779-19797840647d,whaleshark,train,2
WhaleSharkID_be434349-e178-f940-2c3e-e7211f81d2ea,whaleshark,validation,7
WhaleSharkID_bf0c7f5f-8b66-c0b2-633f-c78a1558f7c9,whaleshark,train,9
WhaleSharkID_bfdea985-b166-82c5-ecab-4a79840da7c0,whaleshark,train,3
WhaleSharkID_c04fb923-7e5a-7cc1-a02e-92ae4ed02cbc,whaleshark,train,10
WhaleSharkID_c085dbbd-5e0c-9311-0ca2-20bb264b0a1d,whaleshark,train,4
WhaleSharkID_c08aa538-9f1a-1114-991d-45c89093cb7e,whaleshark,train,10
WhaleSharkID_c09f755a-c492-0bbb-8c71-895c0b42cfae,whaleshark,train,2
WhaleSharkID_c0ff5120-0537-81d2-6616-d7852ac605bf,whaleshark,validation,15
WhaleSharkID_c1502165-ab50-e2c7-8bce-0f7108b21c55,whaleshark,train,4
WhaleSharkID_c18a2b16-4f97-64ba-3561-61300db387a1,whaleshark,train,4
WhaleSharkID_c2142c3a-5b06-4224-01d9-6dcbb299225c,whaleshark,validation,4
WhaleSharkID_c2a672e6-6703-5174-d7d7-57270b77ddee,whaleshark,test,4
WhaleSharkID_c4de2e00-388c-6c07-f2f6-aecb37464534,whaleshark,train,2
WhaleSharkID_c55183e2-3a42-569e-9387-c5bf8cf71b31,whaleshark,train,19
WhaleSharkID_c556e86b-a344-396b-c0e1-8a15051ee7a4,whaleshark,train,18
WhaleSharkID_c56c16c4-c330-b17a-367f-7c04350a71bd,whaleshark,train,25
WhaleSharkID_c596d233-5d71-962b-bb23-4fb6a0af57b8,whaleshark,train,11
WhaleSharkID_c6d4fd2b-40a0-dd60-06c3-cdc9e73e76be,whaleshark,test,9
WhaleSharkID_c7d983ca-034d-b5e2-bfb4-6e9e65b88f38,whaleshark,train,11
WhaleSharkID_c807ea87-84b8-e26a-0d45-b257940557eb,whaleshark,test,2
WhaleSharkID_c8a483dc-5d59-f9e6-1360-d432c6282277,whaleshark,train,3
WhaleSharkID_c9020a6e-4478-9e57-3d27-65880b5f88df,whaleshark,train,4
WhaleSharkID_c928240d-8262-1dd1-d951-180b966131bd,whaleshark,train,5
WhaleSharkID_c971740e-f359-97ec-aed3-1773e5e6bbac,whaleshark,train,20
WhaleSharkID_c9d935e4-c3e4-827f-f012-12dab3f237b0,whaleshark,train,8
WhaleSharkID_ca0d5034-233c-969a-0904-c84b97766706,whaleshark,train,1
WhaleSharkID_caab04ac-b236-c39f-aee5-391a77146ae5,whaleshark,train,11
WhaleSharkID_cb2df61f-9b9d-a38b-ad9d-63ece91edd46,whaleshark,train,6
WhaleSharkID_cb7d9fb1-2b1c-7c44-6fcf-fd4a2dc3e42b,whaleshark,train,12
WhaleSharkID_cc9f79ae-5c41-7f63-b237-f5d699d731ed,whaleshark,train,59
WhaleSharkID_cca77495-b921-0dd3-ab37-7c8bacc3bded,whaleshark,train,9
WhaleSharkID_ce42c1ff-f0d7-77cb-ed7a-7092f79f6325,whaleshark,validation,20
WhaleSharkID_ce538dc0-e3a6-2ba2-e319-0187d96f39f4,whaleshark,train,7
WhaleSharkID_ceb2e249-6a75-aab6-0cdf-ad5ecd5814fe,whaleshark,validation,1
WhaleSharkID_cf20bd4a-7e8d-772f-209b-2fe6ec8f8aec,whaleshark,train,6
WhaleSharkID_cf744cd1-16d2-45c6-bd09-7149f9143159,whaleshark,test,10
WhaleSharkID_d023fe8d-0746-5ee9-f78f-bb2d26649e39,whaleshark,validation,6
WhaleSharkID_d02b4261-81b3-41df-730d-93228115e5f1,whaleshark,validation,9
WhaleSharkID_d099b1b9-b0cd-74bb-d6fc-54131ef7ef43,whaleshark,train,12
WhaleSharkID_d0c6c1c6-4fb9-5056-3b28-5905c5a7b52d,whaleshark,train,2
WhaleSharkID_d121bad0-1525-fe66-d124-2394c7864fdd,whaleshark,train,15
WhaleSharkID_d1a4f046-1c2b-48ee-6294-fa760d2e3677,whaleshark,train,3
WhaleSharkID_d3053ad6-4fc8-e97b-b70a-ec4669bed32f,whaleshark,train,10
WhaleSharkID_d4731fe6-8356-84b7-d0df-21d8585a494a,whaleshark,test,5
WhaleSharkID_d4f14f4b-6899-fca9-c5df-0b658a7d2bde,whaleshark,test,4
WhaleSharkID_d5715a5e-79ac-6d84-b946-39bcb8085a6f,whaleshark,train,12
WhaleSharkID_d5adc742-e2a4-750d-efc0-f95f7983200e,whaleshark,test,4
WhaleSharkID_d61bd498-f744-0262-4ff5-25f93343e3ff,whaleshark,train,3
WhaleSharkID_d638c399-ff9f-b83d-3fe3-e533b881aa1d,whaleshark,validation,49
WhaleSharkID_d63abcec-5df8-117c-531b-237d8e22c31a,whaleshark,validation,3
WhaleSharkID_d6f53183-2f77-7326-07d5-062b31d1fb7b,whaleshark,test,14
WhaleSharkID_d71c025f-0397-1ff1-7514-63896e72e6f3,whaleshark,test,9
WhaleSharkID_d743c910-9484-960b-ed8d-91700d3368a7,whaleshark,train,5
WhaleSharkID_d821a391-e77d-3f85-7f72-4a28e5e4cd3a,whaleshark,train,11
WhaleSharkID_d9a05d0b-1893-6be2-3b25-92ae51f9005e,whaleshark,train,20
WhaleSharkID_da2f4fd2-5ede-a6fc-42b5-52f3e6a720d7,whaleshark,train,7
WhaleSharkID_dad58b1e-fcdb-7da5-3480-15ccb2b9eb2b,whaleshark,train,13
WhaleSharkID_db195ca7-f444-454d-566a-b03a85ddca8a,whaleshark,train,3
WhaleSharkID_db4a90ce-843b-3ccd-5da7-ace6530d748d,whaleshark,train,28
WhaleSharkID_dbd8479f-fd8f-d523-3224-904ebd7eefc0,whaleshark,train,2
WhaleSharkID_dd585a7b-ca4d-140d-ff0b-62e614025b66,whaleshark,validation,13
WhaleSharkID_ddb1d126-ea8d-d938-815b-41bc49277521,whaleshark,train,5
WhaleSharkID_ddd72c84-da81-b696-518a-719b17a678ea,whaleshark,train,8
WhaleSharkID_de07f2f1-1bf4-5843-52bf-e5413b1f4ed3,whaleshark,test,5
WhaleSharkID_de3558a8-a378-a848-bff3-9ba0f98f7de4,whaleshark,test,3
WhaleSharkID_de473d56-8c61-13cb-6684-933726b40a3d,whaleshark,train,19
WhaleSharkID_de7ec2ae-527d-f061-0ca2-b66f1ad852ff,whaleshark,train,76
WhaleSharkID_df53940f-610d-4869-1fe9-7c1c3216661f,whaleshark,test,4
WhaleSharkID_df62c90f-712f-6ef1-613b-9b71392c24b9,whaleshark,validation,1
WhaleSharkID_dfcbb9b2-4bac-e5bf-5671-2b6114192563,whaleshark,train,7
WhaleSharkID_e00af9b0-a3e2-7954-2fcc-5e02e700cb2b,whaleshark,train,4
WhaleSharkID_e051e412-0fa0-cb8e-17e9-e53e72533a61,whaleshark,train,27
WhaleSharkID_e078f686-4dbb-75c8-1e51-aad24e6c2284,whaleshark,train,3
WhaleSharkID_e104c110-2a40-863a-12a1-065d8cb4dd24,whaleshark,validation,3
WhaleSharkID_e125d3f5-fd3f-af8a-42f7-5cf01ae299a7,whaleshark,train,23
WhaleSharkID_e158eee1-0263-771a-8c68-fb94766b2742,whaleshark,train,3
WhaleSharkID_e24ef44c-ab6e-ab10-c974-83f93a2a7507,whaleshark,train,30
WhaleSharkID_e26305d0-d508-dc76-61d6-a7372111bd37,whaleshark,train,29
WhaleSharkID_e3432395-a970-9225-1355-8e9a9025da57,whaleshark,validation,10
WhaleSharkID_e376b53f-b639-dcfb-742b-a6caf8494c42,whaleshark,validation,56
WhaleSharkID_e48a123e-8c69-23b8-6f0c-f3f8ef71aa73,whaleshark,train,15
WhaleSharkID_e4fd2c87-8579-bbff-af5c-c55d54d1650a,whaleshark,train,3
WhaleSharkID_e51ca99b-7f28-af3c-2fde-51e70deb5ab7,whaleshark,train,76
WhaleSharkID_e533ee6d-d7cb-a869-b8b1-1ff938c99db6,whaleshark,validation,17
WhaleSharkID_e603f22c-eaa8-4f5e-8be3-b93984e9042d,whaleshark,test,6
WhaleSharkID_e6206502-d6fd-20fe-8af8-0f59f05228d3,whaleshark,test,8
WhaleSharkID_e6bebe43-2547-3695-39bf-99e366a6f27d,whaleshark,train,1
WhaleSharkID_e6e3064b-0dca-b224-c66c-ce8c09fdebba,whaleshark,train,6
WhaleSharkID_e7140981-6786-000f-e6a0-a04f8de1ab64,whaleshark,train,8
WhaleSharkID_e7515a92-d708-9705-8da7-34dbc4ef990d,whaleshark,train,44
WhaleSharkID_e8a479d6-54de-f252-6ba7-6bd9daa168d5,whaleshark,train,5
WhaleSharkID_e91aa226-3080-5a21-169d-e5161adda406,whaleshark,train,6
WhaleSharkID_ea748c8f-7aad-fd5f-c8f9-0e3ae1530476,whaleshark,test,11
WhaleSharkID_ea901f20-c527-ec47-85a8-252b3de9bc08,whaleshark,validation,10
WhaleSharkID_eaa70510-6fbf-91a2-bd16-b65a19dc4eb0,whaleshark,train,4
WhaleSharkID_eb9bf5c9-a99e-852b-149d-7721a227180c,whaleshark,validation,34
WhaleSharkID_ebc20e8a-25f5-5895-0190-deb630e647ca,whaleshark,train,15
WhaleSharkID_ebe44261-6fad-1b64-b4cf-b332c4bfe1c8,whaleshark,train,5
WhaleSharkID_ecb3860e-781e-3ac2-e11e-fb44809a5d75,whaleshark,train,18
WhaleSharkID_ecec2054-01c7-ed9d-94c6-603a3836f2f2,whaleshark,train,40
WhaleSharkID_ecf1d905-d332-9c62-8102-4505f77db6b4,whaleshark,validation,4
WhaleSharkID_ee21808a-5a63-c64d-d8f9-744d685abb8c,whaleshark,train,29
WhaleSharkID_ee8f4893-4d36-c2b7-671b-cc4dd9d5618e,whaleshark,test,2
WhaleSharkID_eeb02a86-4d03-f3e1-562e-37eb412e801f,whaleshark,train,1
WhaleSharkID_ef0a201a-2354-f7f5-2463-ebaa738c60f1,whaleshark,train,9
WhaleSharkID_ef93a567-0d55-6cc4-4f39-217bffb54d25,whaleshark,validation,6
WhaleSharkID_efbedb66-d0e1-a75c-61ed-e37b664b3031,whaleshark,train,42
WhaleSharkID_f0a25c64-468c-6692-4ee6-ca2a3268d849,whaleshark,train,5
WhaleSharkID_f1490c88-b73e-4566-e948-d2255d0770a3,whaleshark,validation,40
WhaleSharkID_f18cf0dd-b72e-9706-51ef-1abfb25847a2,whaleshark,train,31
WhaleSharkID_f1fd4f4c-18d2-dc56-c168-0b31a637e93a,whaleshark,train,2
WhaleSharkID_f2273874-dd62-0ae2-58cf-c4fa616e7a95,whaleshark,train,6
WhaleSharkID_f2e189d1-8f3d-0acf-22f4-177415921194,whaleshark,test,8
WhaleSharkID_f3517380-12f0-d64b-9d7e-c4029305c90e,whaleshark,validation,30
WhaleSharkID_f3a0ee0a-ba5c-1fcb-866f-e457910c48b3,whaleshark,validation,31
WhaleSharkID_f587cd14-f2f2-852c-9ed1-16787ad8d508,whaleshark,test,6
WhaleSharkID_f63de316-93c6-ca4b-6d79-3955e6812aac,whaleshark,train,4
WhaleSharkID_f6a68c5e-febf-03d2-80be-c6f2ced19598,whaleshark,train,2
WhaleSharkID_f74f9612-6b86-79ab-6202-fee9cf5f811e,whaleshark,train,18
WhaleSharkID_f827f75d-3d86-ddbb-05e3-a77ad80932ae,whaleshark,test,3
WhaleSharkID_f8433e57-cab6-66d3-4b86-87aa9b50fc38,whaleshark,train,19
WhaleSharkID_f8f83e84-7ba0-7db7-8134-8c7d19657d18,whaleshark,validation,4
WhaleSharkID_f93c2b81-f661-2750-dc0e-449950c6eba2,whaleshark,train,14
WhaleSharkID_fa617d5b-dfda-2f64-304a-f3bd4362f8ea,whaleshark,test,1
WhaleSharkID_faa5d22c-f587-6772-986d-d2ef583d9ec2,whaleshark,test,1
WhaleSharkID_fadca499-0cbe-7855-dd12-7e3bd8a562bb,whaleshark,train,9
WhaleSharkID_fb00d262-d8b7-13dc-0cf7-2cd99c42b5a8,whaleshark,train,52
WhaleSharkID_fbc0472e-38c1-86a9-fb95-91c8bcd957f8,whaleshark,train,5
WhaleSharkID_fd286109-25f4-22a0-66ae-075501742a8b,whaleshark,train,6
WhaleSharkID_fd39063f-b353-c2af-99a7-0c87114472c9,whaleshark,train,27
WhaleSharkID_fd8231c6-b333-d015-9df1-c4117dd30435,whaleshark,train,2
WhaleSharkID_fe6fe528-89b6-5d7c-8cc3-80f44e3f37f1,whaleshark,test,15
WhaleSharkID_ff101fc1-e5cd-9f53-547c-8657a5365295,whaleshark,train,8
WhaleSharkID_ff75c9d4-38f0-410e-55c0-c27f4db4c614,whaleshark,train,3
WhaleSharkID_ff81f072-8298-8c22-f553-158779b816e6,whaleshark,train,3
WhaleSharkID_ffb923bd-69b4-8099-7320-5fdf58680619,whaleshark,validation,21
WhaleSharkID_ffe5e4fd-0323-076e-ff44-6b51424debed,whaleshark,train,10
ZakynthosTurtles_CZS20-09,sea turtle,train,4
ZakynthosTurtles_G15-03,sea turtle,train,4
ZakynthosTurtles_G16-03,sea turtle,validation,4
ZakynthosTurtles_G16-25,sea turtle,train,4
ZakynthosTurtles_G16-43,sea turtle,train,4
ZakynthosTurtles_G17-02,sea turtle,train,4
ZakynthosTurtles_G17-22,sea turtle,train,4
ZakynthosTurtles_G17-27,sea turtle,train,4
ZakynthosTurtles_G18-02,sea turtle,train,4
ZakynthosTurtles_G18-04,sea turtle,train,4
ZakynthosTurtles_G20-05,sea turtle,validation,4
ZakynthosTurtles_SE010,sea turtle,train,4
ZakynthosTurtles_SM19-53,sea turtle,train,4
ZakynthosTurtles_SM20-30,sea turtle,test,4
ZakynthosTurtles_SM21-42,sea turtle,train,4
ZakynthosTurtles_X026,sea turtle,test,4
ZakynthosTurtles_YT008,sea turtle,train,4
ZakynthosTurtles_beach031,sea turtle,train,4
ZakynthosTurtles_gtJ204,sea turtle,train,4
ZakynthosTurtles_t447,sea turtle,test,4
ZakynthosTurtles_t459,sea turtle,train,4
ZakynthosTurtles_t463,sea turtle,validation,4
ZakynthosTurtles_t493,sea turtle,test,4
ZakynthosTurtles_t499,sea turtle,train,4
ZakynthosTurtles_t516,sea turtle,train,4
ZakynthosTurtles_t521,sea turtle,train,4
ZakynthosTurtles_t524,sea turtle,train,4
ZakynthosTurtles_t528,sea turtle,train,4
ZakynthosTurtles_t547,sea turtle,train,4
ZakynthosTurtles_t551,sea turtle,train,4
ZakynthosTurtles_t558,sea turtle,validation,4
ZakynthosTurtles_t570,sea turtle,train,4
ZakynthosTurtles_t573,sea turtle,train,4
ZakynthosTurtles_t575,sea turtle,test,4
ZakynthosTurtles_t584,sea turtle,test,4
ZakynthosTurtles_t594,sea turtle,train,4
ZakynthosTurtles_t610,sea turtle,train,4
ZakynthosTurtles_tsb022,sea turtle,train,4
ZakynthosTurtles_tsb046,sea turtle,train,4
ZakynthosTurtles_tsb056,sea turtle,train,4
ZindiTurtleRecall_t_id_01N0gNOT,sea turtle,train,8
ZindiTurtleRecall_t_id_01qG79G3,sea turtle,train,6
ZindiTurtleRecall_t_id_03j9nlAa,sea turtle,validation,3
ZindiTurtleRecall_t_id_06O0BNZw,sea turtle,train,3
ZindiTurtleRecall_t_id_0BOenVGi,sea turtle,train,4
ZindiTurtleRecall_t_id_0C4kvjJ0,sea turtle,train,3
ZindiTurtleRecall_t_id_0CwKpc5m,sea turtle,train,6
ZindiTurtleRecall_t_id_0DPPpRUz,sea turtle,train,11
ZindiTurtleRecall_t_id_0EFX8ev4,sea turtle,train,3
ZindiTurtleRecall_t_id_0FWuhMjR,sea turtle,train,3
ZindiTurtleRecall_t_id_0FcGb4xg,sea turtle,train,2
ZindiTurtleRecall_t_id_0G0oScEJ,sea turtle,train,3
ZindiTurtleRecall_t_id_0GxpnjhK,sea turtle,train,4
ZindiTurtleRecall_t_id_0Ix8EE9I,sea turtle,train,3
ZindiTurtleRecall_t_id_0Mjnq1nw,sea turtle,train,3
ZindiTurtleRecall_t_id_0MlFQ8pw,sea turtle,train,3
ZindiTurtleRecall_t_id_0NYAXvmf,sea turtle,validation,4
ZindiTurtleRecall_t_id_0Qhi4hry,sea turtle,validation,6
ZindiTurtleRecall_t_id_0S9OZNYH,sea turtle,train,3
ZindiTurtleRecall_t_id_0TOnamwJ,sea turtle,train,3
ZindiTurtleRecall_t_id_0YBmEZx0,sea turtle,train,9
ZindiTurtleRecall_t_id_0YHulITJ,sea turtle,train,3
ZindiTurtleRecall_t_id_0eXSKep0,sea turtle,validation,3
ZindiTurtleRecall_t_id_0fpL5j2V,sea turtle,train,3
ZindiTurtleRecall_t_id_0g31STvR,sea turtle,test,24
ZindiTurtleRecall_t_id_0hEgotly,sea turtle,train,6
ZindiTurtleRecall_t_id_0ky12hwQ,sea turtle,train,3
ZindiTurtleRecall_t_id_0lcNmeeO,sea turtle,validation,5
ZindiTurtleRecall_t_id_0nnGAxdt,sea turtle,train,6
ZindiTurtleRecall_t_id_0qD1XFpe,sea turtle,train,3
ZindiTurtleRecall_t_id_0rtPAVG6,sea turtle,train,3
ZindiTurtleRecall_t_id_0uVSQGq0,sea turtle,train,3
ZindiTurtleRecall_t_id_0wcJoKSW,sea turtle,train,4
ZindiTurtleRecall_t_id_0xJpmSNk,sea turtle,train,3
ZindiTurtleRecall_t_id_0xZ0aGD9,sea turtle,train,3
ZindiTurtleRecall_t_id_0zgJes60,sea turtle,validation,3
ZindiTurtleRecall_t_id_12hGhewc,sea turtle,train,3
ZindiTurtleRecall_t_id_13mRVnbD,sea turtle,validation,3
ZindiTurtleRecall_t_id_15bo4NKD,sea turtle,test,51
ZindiTurtleRecall_t_id_18IsYtjx,sea turtle,test,3
ZindiTurtleRecall_t_id_1EVYTXSA,sea turtle,test,3
ZindiTurtleRecall_t_id_1FEx8AuA,sea turtle,train,3
ZindiTurtleRecall_t_id_1GoyWEhg,sea turtle,validation,6
ZindiTurtleRecall_t_id_1KIezxkh,sea turtle,train,14
ZindiTurtleRecall_t_id_1KmKdA98,sea turtle,test,3
ZindiTurtleRecall_t_id_1Lr4vRbM,sea turtle,train,1
ZindiTurtleRecall_t_id_1NKRms99,sea turtle,train,3
ZindiTurtleRecall_t_id_1P9BYgiq,sea turtle,validation,6
ZindiTurtleRecall_t_id_1PkIujfS,sea turtle,validation,3
ZindiTurtleRecall_t_id_1RzmvVzd,sea turtle,train,6
ZindiTurtleRecall_t_id_1S6oHKzU,sea turtle,test,6
ZindiTurtleRecall_t_id_1SdtykQy,sea turtle,validation,3
ZindiTurtleRecall_t_id_1SpS4mrO,sea turtle,train,3
ZindiTurtleRecall_t_id_1UodB8r9,sea turtle,validation,3
ZindiTurtleRecall_t_id_1Wen2dpn,sea turtle,train,7
ZindiTurtleRecall_t_id_1Z8OAKkB,sea turtle,train,3
ZindiTurtleRecall_t_id_1ZMwf8FL,sea turtle,train,3
ZindiTurtleRecall_t_id_1ZaQH6Wx,sea turtle,train,9
ZindiTurtleRecall_t_id_1bnTOrEH,sea turtle,train,10
ZindiTurtleRecall_t_id_1ccK1TwP,sea turtle,train,3
ZindiTurtleRecall_t_id_1drcabyo,sea turtle,train,3
ZindiTurtleRecall_t_id_1fIIUnue,sea turtle,validation,4
ZindiTurtleRecall_t_id_1h4rb8zi,sea turtle,train,6
ZindiTurtleRecall_t_id_1hHpNfPh,sea turtle,train,3
ZindiTurtleRecall_t_id_1nwivjdn,sea turtle,test,3
ZindiTurtleRecall_t_id_1pAisCFy,sea turtle,train,11
ZindiTurtleRecall_t_id_1smONXJH,sea turtle,test,3
ZindiTurtleRecall_t_id_1t67neLK,sea turtle,validation,3
ZindiTurtleRecall_t_id_1uAPQPCe,sea turtle,train,6
ZindiTurtleRecall_t_id_1ujWNu6A,sea turtle,train,3
ZindiTurtleRecall_t_id_1vVvaLsM,sea turtle,train,7
ZindiTurtleRecall_t_id_1voKhzZi,sea turtle,train,3
ZindiTurtleRecall_t_id_1w68idxd,sea turtle,train,10
ZindiTurtleRecall_t_id_1x4n4uCJ,sea turtle,train,3
ZindiTurtleRecall_t_id_1yDickOw,sea turtle,validation,3
ZindiTurtleRecall_t_id_1yXfB9KV,sea turtle,test,9
ZindiTurtleRecall_t_id_1zRL4Rg3,sea turtle,train,6
ZindiTurtleRecall_t_id_2085lx7U,sea turtle,train,3
ZindiTurtleRecall_t_id_20nBIssG,sea turtle,train,3
ZindiTurtleRecall_t_id_21ekcmgD,sea turtle,validation,3
ZindiTurtleRecall_t_id_23jGPoJx,sea turtle,test,3
ZindiTurtleRecall_t_id_2469wr3X,sea turtle,train,2
ZindiTurtleRecall_t_id_27ljZyqO,sea turtle,train,3
ZindiTurtleRecall_t_id_2801bgxH,sea turtle,train,3
ZindiTurtleRecall_t_id_2A4R6tPn,sea turtle,train,3
ZindiTurtleRecall_t_id_2A9mJ7eu,sea turtle,train,3
ZindiTurtleRecall_t_id_2BvGTXJ9,sea turtle,train,6
ZindiTurtleRecall_t_id_2E8o5Jtl,sea turtle,test,34
ZindiTurtleRecall_t_id_2FO36IVp,sea turtle,train,3
ZindiTurtleRecall_t_id_2GGsU1Kk,sea turtle,train,2
ZindiTurtleRecall_t_id_2Ga3uGVe,sea turtle,train,3
ZindiTurtleRecall_t_id_2IDIsx5k,sea turtle,train,4
ZindiTurtleRecall_t_id_2KMRuNkd,sea turtle,validation,4
ZindiTurtleRecall_t_id_2LvwoqHz,sea turtle,validation,2
ZindiTurtleRecall_t_id_2QmcRkNj,sea turtle,validation,19
ZindiTurtleRecall_t_id_2TDLRrJZ,sea turtle,train,7
ZindiTurtleRecall_t_id_2VYJIbqQ,sea turtle,train,3
ZindiTurtleRecall_t_id_2WEIkAYD,sea turtle,train,3
ZindiTurtleRecall_t_id_2Yn71r7R,sea turtle,train,16
ZindiTurtleRecall_t_id_2aOd3P2b,sea turtle,test,12
ZindiTurtleRecall_t_id_2acbhExc,sea turtle,train,3
ZindiTurtleRecall_t_id_2gUXVMJS,sea turtle,train,3
ZindiTurtleRecall_t_id_2gjH6Omt,sea turtle,train,9
ZindiTurtleRecall_t_id_2jJNiPzx,sea turtle,test,7
ZindiTurtleRecall_t_id_2jZLPZYO,sea turtle,train,3
ZindiTurtleRecall_t_id_2mhGl21W,sea turtle,test,9
ZindiTurtleRecall_t_id_2nBnB55Z,sea turtle,train,3
ZindiTurtleRecall_t_id_2nidIdEl,sea turtle,train,3
ZindiTurtleRecall_t_id_2oFfc25e,sea turtle,train,6
ZindiTurtleRecall_t_id_2oRnJ37m,sea turtle,test,3
ZindiTurtleRecall_t_id_2qSKr9fm,sea turtle,test,4
ZindiTurtleRecall_t_id_2rLw3OPZ,sea turtle,train,3
ZindiTurtleRecall_t_id_2rTyEuLy,sea turtle,train,3
ZindiTurtleRecall_t_id_2sQraPCr,sea turtle,train,3
ZindiTurtleRecall_t_id_2vME1bGI,sea turtle,train,6
ZindiTurtleRecall_t_id_2zVU5PYk,sea turtle,train,3
ZindiTurtleRecall_t_id_30UXo92P,sea turtle,train,3
ZindiTurtleRecall_t_id_31E0Dcfq,sea turtle,train,1
ZindiTurtleRecall_t_id_32FkxrTJ,sea turtle,validation,3
ZindiTurtleRecall_t_id_33QdyybJ,sea turtle,test,3
ZindiTurtleRecall_t_id_33WVzMeL,sea turtle,train,4
ZindiTurtleRecall_t_id_361EsTfG,sea turtle,test,3
ZindiTurtleRecall_t_id_36KFui3d,sea turtle,validation,3
ZindiTurtleRecall_t_id_38UXQfRW,sea turtle,validation,7
ZindiTurtleRecall_t_id_39JwelWY,sea turtle,train,3
ZindiTurtleRecall_t_id_39qb3Uqe,sea turtle,validation,3
ZindiTurtleRecall_t_id_3DH33U0J,sea turtle,train,3
ZindiTurtleRecall_t_id_3Dg3rI3S,sea turtle,test,3
ZindiTurtleRecall_t_id_3Dyoygt9,sea turtle,train,4
ZindiTurtleRecall_t_id_3FdjUFVj,sea turtle,validation,3
ZindiTurtleRecall_t_id_3GtzIu5H,sea turtle,train,6
ZindiTurtleRecall_t_id_3JFrWhUV,sea turtle,train,2
ZindiTurtleRecall_t_id_3K93fQBS,sea turtle,train,20
ZindiTurtleRecall_t_id_3KOIPCGp,sea turtle,train,4
ZindiTurtleRecall_t_id_3M6u302b,sea turtle,train,3
ZindiTurtleRecall_t_id_3O2leLvi,sea turtle,train,3
ZindiTurtleRecall_t_id_3Q0oB7iC,sea turtle,train,3
ZindiTurtleRecall_t_id_3QIZ45sN,sea turtle,test,6
ZindiTurtleRecall_t_id_3QSOXIxP,sea turtle,train,3
ZindiTurtleRecall_t_id_3RoyaBw0,sea turtle,train,3
ZindiTurtleRecall_t_id_3RrgEdHp,sea turtle,train,3
ZindiTurtleRecall_t_id_3S581S5r,sea turtle,train,3
ZindiTurtleRecall_t_id_3VUhQs4i,sea turtle,train,3
ZindiTurtleRecall_t_id_3Y6vafqN,sea turtle,train,3
ZindiTurtleRecall_t_id_3YzVvqKY,sea turtle,validation,3
ZindiTurtleRecall_t_id_3b65X5Lw,sea turtle,train,26
ZindiTurtleRecall_t_id_3cJpRuye,sea turtle,validation,7
ZindiTurtleRecall_t_id_3fEBdTrD,sea turtle,train,4
ZindiTurtleRecall_t_id_3fKmnkBS,sea turtle,validation,18
ZindiTurtleRecall_t_id_3hZS7div,sea turtle,train,3
ZindiTurtleRecall_t_id_3ixTTq9D,sea turtle,train,3
ZindiTurtleRecall_t_id_3mMMDRXS,sea turtle,train,3
ZindiTurtleRecall_t_id_3nyqrz1s,sea turtle,train,6
ZindiTurtleRecall_t_id_3q7Lhasv,sea turtle,train,3
ZindiTurtleRecall_t_id_3qFjE2fM,sea turtle,train,7
ZindiTurtleRecall_t_id_3ryVHM0P,sea turtle,train,3
ZindiTurtleRecall_t_id_3tczmYM3,sea turtle,train,7
ZindiTurtleRecall_t_id_3vM86Fum,sea turtle,train,7
ZindiTurtleRecall_t_id_3vYAJz0O,sea turtle,train,3
ZindiTurtleRecall_t_id_3yaVizZx,sea turtle,train,3
ZindiTurtleRecall_t_id_3ypkcobi,sea turtle,train,4
ZindiTurtleRecall_t_id_3zImrqlW,sea turtle,test,4
ZindiTurtleRecall_t_id_41uv8VAA,sea turtle,test,8
ZindiTurtleRecall_t_id_42RKRAV4,sea turtle,test,11
ZindiTurtleRecall_t_id_42cqrMhT,sea turtle,validation,3
ZindiTurtleRecall_t_id_44wUWEdX,sea turtle,train,9
ZindiTurtleRecall_t_id_482VUkXH,sea turtle,validation,3
ZindiTurtleRecall_t_id_49RIacvy,sea turtle,validation,6
ZindiTurtleRecall_t_id_4CwFTbcy,sea turtle,test,3
ZindiTurtleRecall_t_id_4Ez5hhVK,sea turtle,test,3
ZindiTurtleRecall_t_id_4OLOhSmx,sea turtle,test,9
ZindiTurtleRecall_t_id_4Pf4AABg,sea turtle,train,4
ZindiTurtleRecall_t_id_4PzlfKDq,sea turtle,train,6
ZindiTurtleRecall_t_id_4QKirrxR,sea turtle,train,3
ZindiTurtleRecall_t_id_4R6E8JZ9,sea turtle,train,3
ZindiTurtleRecall_t_id_4SZAvnEz,sea turtle,train,6
ZindiTurtleRecall_t_id_4TCExeDl,sea turtle,train,6
ZindiTurtleRecall_t_id_4U7hFDcW,sea turtle,train,3
ZindiTurtleRecall_t_id_4WoGdUWj,sea turtle,test,3
ZindiTurtleRecall_t_id_4X6eTA2E,sea turtle,train,3
ZindiTurtleRecall_t_id_4XiPKIk7,sea turtle,train,13
ZindiTurtleRecall_t_id_4YhxwqGO,sea turtle,train,3
ZindiTurtleRecall_t_id_4YizBSFn,sea turtle,train,3
ZindiTurtleRecall_t_id_4Yt5gtJ8,sea turtle,train,5
ZindiTurtleRecall_t_id_4ZfTUmwL,sea turtle,test,15
ZindiTurtleRecall_t_id_4aPwOsEy,sea turtle,train,3
ZindiTurtleRecall_t_id_4bhrMSjk,sea turtle,validation,8
ZindiTurtleRecall_t_id_4d3b7gMq,sea turtle,validation,3
ZindiTurtleRecall_t_id_4dKntPVB,sea turtle,train,21
ZindiTurtleRecall_t_id_4jR1fg4s,sea turtle,train,3
ZindiTurtleRecall_t_id_4pwhbQQl,sea turtle,train,3
ZindiTurtleRecall_t_id_4t5fc3O8,sea turtle,train,3
ZindiTurtleRecall_t_id_4u5lchGG,sea turtle,test,3
ZindiTurtleRecall_t_id_4vqRyvUN,sea turtle,train,2
ZindiTurtleRecall_t_id_4vu2YXDr,sea turtle,train,2
ZindiTurtleRecall_t_id_50Jky23v,sea turtle,validation,6
ZindiTurtleRecall_t_id_53iwrRpI,sea turtle,validation,3
ZindiTurtleRecall_t_id_53uCH5Kg,sea turtle,train,3
ZindiTurtleRecall_t_id_54phqbjO,sea turtle,train,3
ZindiTurtleRecall_t_id_57355PQT,sea turtle,train,3
ZindiTurtleRecall_t_id_57a4rn9P,sea turtle,test,3
ZindiTurtleRecall_t_id_59Vquws0,sea turtle,train,6
ZindiTurtleRecall_t_id_5C3mDrq0,sea turtle,train,4
ZindiTurtleRecall_t_id_5EtdVJLA,sea turtle,train,3
ZindiTurtleRecall_t_id_5GDo0dtx,sea turtle,train,4
ZindiTurtleRecall_t_id_5O2vZ8Wj,sea turtle,train,3
ZindiTurtleRecall_t_id_5PqdbohY,sea turtle,train,3
ZindiTurtleRecall_t_id_5SLhX4xg,sea turtle,test,3
ZindiTurtleRecall_t_id_5T86fOwN,sea turtle,train,6
ZindiTurtleRecall_t_id_5VP8j6XO,sea turtle,train,3
ZindiTurtleRecall_t_id_5WnWKm7I,sea turtle,validation,3
ZindiTurtleRecall_t_id_5XNXqlqy,sea turtle,train,3
ZindiTurtleRecall_t_id_5XR47555,sea turtle,train,6
ZindiTurtleRecall_t_id_5Y0AFa6H,sea turtle,validation,3
ZindiTurtleRecall_t_id_5Zcc3b5e,sea turtle,train,3
ZindiTurtleRecall_t_id_5as6Z4iV,sea turtle,train,3
ZindiTurtleRecall_t_id_5eCbYPkg,sea turtle,train,3
ZindiTurtleRecall_t_id_5iAmgUWw,sea turtle,train,3
ZindiTurtleRecall_t_id_5kLlXDBb,sea turtle,train,8
ZindiTurtleRecall_t_id_5mZsY0DO,sea turtle,train,7
ZindiTurtleRecall_t_id_5qfbIGA6,sea turtle,train,6
ZindiTurtleRecall_t_id_5snGhqE9,sea turtle,test,9
ZindiTurtleRecall_t_id_5t2UhDYI,sea turtle,train,14
ZindiTurtleRecall_t_id_5tKM7aOx,sea turtle,train,1
ZindiTurtleRecall_t_id_5tMOgMOQ,sea turtle,train,3
ZindiTurtleRecall_t_id_5tQq1T6O,sea turtle,train,4
ZindiTurtleRecall_t_id_5xMeJ4pS,sea turtle,test,4
ZindiTurtleRecall_t_id_603fO3cq,sea turtle,test,6
ZindiTurtleRecall_t_id_60IfR7LL,sea turtle,validation,5
ZindiTurtleRecall_t_id_60PzOX42,sea turtle,train,3
ZindiTurtleRecall_t_id_61nQBcTo,sea turtle,test,3
ZindiTurtleRecall_t_id_63eMFNAV,sea turtle,train,3
ZindiTurtleRecall_t_id_64e0FJbK,sea turtle,train,3
ZindiTurtleRecall_t_id_67uvH0nC,sea turtle,train,13
ZindiTurtleRecall_t_id_68CBHrTv,sea turtle,train,3
ZindiTurtleRecall_t_id_68NP6sDw,sea turtle,validation,4
ZindiTurtleRecall_t_id_6AKSjjR4,sea turtle,train,8
ZindiTurtleRecall_t_id_6BLb3Eic,sea turtle,train,3
ZindiTurtleRecall_t_id_6BMch1E4,sea turtle,train,11
ZindiTurtleRecall_t_id_6C0edsmm,sea turtle,train,3
ZindiTurtleRecall_t_id_6DYFAx4Y,sea turtle,test,12
ZindiTurtleRecall_t_id_6DttJtWu,sea turtle,train,3
ZindiTurtleRecall_t_id_6E6XyEQI,sea turtle,train,3
ZindiTurtleRecall_t_id_6H9kkx2z,sea turtle,train,5
ZindiTurtleRecall_t_id_6HjuiTBl,sea turtle,train,3
ZindiTurtleRecall_t_id_6HscVoiS,sea turtle,test,3
ZindiTurtleRecall_t_id_6JyVuJtE,sea turtle,train,3
ZindiTurtleRecall_t_id_6M37z5dB,sea turtle,train,3
ZindiTurtleRecall_t_id_6M82myF7,sea turtle,validation,5
ZindiTurtleRecall_t_id_6MBlbQiB,sea turtle,train,14
ZindiTurtleRecall_t_id_6MqdKTIL,sea turtle,test,3
ZindiTurtleRecall_t_id_6PFhdt0v,sea turtle,train,3
ZindiTurtleRecall_t_id_6PhOOQvE,sea turtle,train,22
ZindiTurtleRecall_t_id_6PoNjXGq,sea turtle,train,3
ZindiTurtleRecall_t_id_6T8MJRFT,sea turtle,validation,3
ZindiTurtleRecall_t_id_6TKvZ9if,sea turtle,train,6
ZindiTurtleRecall_t_id_6d0AgkXu,sea turtle,train,3
ZindiTurtleRecall_t_id_6gPjKhcZ,sea turtle,train,3
ZindiTurtleRecall_t_id_6gm9eboc,sea turtle,train,4
ZindiTurtleRecall_t_id_6iDDaGFJ,sea turtle,train,6
ZindiTurtleRecall_t_id_6ielDsvh,sea turtle,validation,6
ZindiTurtleRecall_t_id_6kTQzb5i,sea turtle,train,6
ZindiTurtleRecall_t_id_6khq1Djd,sea turtle,train,3
ZindiTurtleRecall_t_id_6lV7RN8m,sea turtle,train,7
ZindiTurtleRecall_t_id_6mYtCtD6,sea turtle,validation,3
ZindiTurtleRecall_t_id_6oC4LWHd,sea turtle,train,3
ZindiTurtleRecall_t_id_6p0VYbUJ,sea turtle,validation,6
ZindiTurtleRecall_t_id_6pWdNb0L,sea turtle,validation,2
ZindiTurtleRecall_t_id_6qgjSr5B,sea turtle,validation,3
ZindiTurtleRecall_t_id_6tqwFPdK,sea turtle,validation,12
ZindiTurtleRecall_t_id_6vM3BZsm,sea turtle,validation,3
ZindiTurtleRecall_t_id_6wzLMjpR,sea turtle,train,3
ZindiTurtleRecall_t_id_6xPyJIUw,sea turtle,train,8
ZindiTurtleRecall_t_id_6xQAQvQb,sea turtle,validation,3
ZindiTurtleRecall_t_id_6xQg3HZS,sea turtle,train,3
ZindiTurtleRecall_t_id_6yEvZ6IY,sea turtle,train,6
ZindiTurtleRecall_t_id_6yr2C9fj,sea turtle,train,3
ZindiTurtleRecall_t_id_72SiiZCp,sea turtle,train,26
ZindiTurtleRecall_t_id_73czgZbS,sea turtle,validation,5
ZindiTurtleRecall_t_id_740UzRUp,sea turtle,train,12
ZindiTurtleRecall_t_id_75qaUrzl,sea turtle,test,4
ZindiTurtleRecall_t_id_75sE0fQK,sea turtle,train,4
ZindiTurtleRecall_t_id_7D8eEtzW,sea turtle,train,3
ZindiTurtleRecall_t_id_7DtNwSJJ,sea turtle,train,3
ZindiTurtleRecall_t_id_7FIVhhZ8,sea turtle,test,3
ZindiTurtleRecall_t_id_7FUuPZto,sea turtle,train,4
ZindiTurtleRecall_t_id_7FrXI6fv,sea turtle,train,3
ZindiTurtleRecall_t_id_7GCihXJu,sea turtle,train,11
ZindiTurtleRecall_t_id_7KvwmSlL,sea turtle,train,3
ZindiTurtleRecall_t_id_7LIHpbSr,sea turtle,validation,10
ZindiTurtleRecall_t_id_7LIO1vuB,sea turtle,train,12
ZindiTurtleRecall_t_id_7LK7ZB53,sea turtle,train,3
ZindiTurtleRecall_t_id_7MT8RGc9,sea turtle,train,12
ZindiTurtleRecall_t_id_7NvNPci8,sea turtle,train,3
ZindiTurtleRecall_t_id_7QG4zNKX,sea turtle,train,5
ZindiTurtleRecall_t_id_7QZGC0CF,sea turtle,train,3
ZindiTurtleRecall_t_id_7Qo68L4D,sea turtle,train,3
ZindiTurtleRecall_t_id_7SC9mstj,sea turtle,train,13
ZindiTurtleRecall_t_id_7VXJ5eEJ,sea turtle,test,6
ZindiTurtleRecall_t_id_7XmVqjCJ,sea turtle,validation,4
ZindiTurtleRecall_t_id_7ZsG6C46,sea turtle,train,3
ZindiTurtleRecall_t_id_7aAM6B74,sea turtle,validation,3
ZindiTurtleRecall_t_id_7abJW0iv,sea turtle,train,3
ZindiTurtleRecall_t_id_7anFBDAi,sea turtle,train,4
ZindiTurtleRecall_t_id_7atDQtYj,sea turtle,validation,3
ZindiTurtleRecall_t_id_7bJRewUc,sea turtle,train,3
ZindiTurtleRecall_t_id_7c8Yo2db,sea turtle,test,3
ZindiTurtleRecall_t_id_7e724qSs,sea turtle,train,5
ZindiTurtleRecall_t_id_7eSbdJkH,sea turtle,train,3
ZindiTurtleRecall_t_id_7gFFZy7i,sea turtle,validation,17
ZindiTurtleRecall_t_id_7nXuiuYZ,sea turtle,train,6
ZindiTurtleRecall_t_id_7nnT41wA,sea turtle,train,4
ZindiTurtleRecall_t_id_7p36mHsZ,sea turtle,validation,3
ZindiTurtleRecall_t_id_7tk1fihA,sea turtle,train,8
ZindiTurtleRecall_t_id_7uPNzBKq,sea turtle,train,3
ZindiTurtleRecall_t_id_7xl9oxCC,sea turtle,train,6
ZindiTurtleRecall_t_id_80O3cONJ,sea turtle,train,3
ZindiTurtleRecall_t_id_81u8wvF3,sea turtle,train,3
ZindiTurtleRecall_t_id_8236c6VZ,sea turtle,train,7
ZindiTurtleRecall_t_id_837gvB2O,sea turtle,train,5
ZindiTurtleRecall_t_id_84ALA5OQ,sea turtle,train,3
ZindiTurtleRecall_t_id_86UU3dOz,sea turtle,train,3
ZindiTurtleRecall_t_id_87CLFCvE,sea turtle,train,11
ZindiTurtleRecall_t_id_88boh82G,sea turtle,train,6
ZindiTurtleRecall_t_id_89379gOw,sea turtle,train,3
ZindiTurtleRecall_t_id_8BsKOQuW,sea turtle,train,6
ZindiTurtleRecall_t_id_8C5OQUDw,sea turtle,train,3
ZindiTurtleRecall_t_id_8C5V8C5u,sea turtle,train,3
ZindiTurtleRecall_t_id_8E3hISsv,sea turtle,train,13
ZindiTurtleRecall_t_id_8F97J2A1,sea turtle,train,5
ZindiTurtleRecall_t_id_8GTBVUIe,sea turtle,validation,3
ZindiTurtleRecall_t_id_8JLVnxBZ,sea turtle,train,3
ZindiTurtleRecall_t_id_8L4N48o6,sea turtle,train,4
ZindiTurtleRecall_t_id_8OXyAdGd,sea turtle,train,3
ZindiTurtleRecall_t_id_8Q4ruggg,sea turtle,train,9
ZindiTurtleRecall_t_id_8Q5HlOOO,sea turtle,train,6
ZindiTurtleRecall_t_id_8TOw4jvK,sea turtle,train,2
ZindiTurtleRecall_t_id_8VzJ4Kw8,sea turtle,train,3
ZindiTurtleRecall_t_id_8WjPqMEF,sea turtle,validation,3
ZindiTurtleRecall_t_id_8X69NaKi,sea turtle,validation,6
ZindiTurtleRecall_t_id_8b8sprYe,sea turtle,train,50
ZindiTurtleRecall_t_id_8bn7khcb,sea turtle,test,3
ZindiTurtleRecall_t_id_8ce0IZqx,sea turtle,train,11
ZindiTurtleRecall_t_id_8guIYrR3,sea turtle,train,3
ZindiTurtleRecall_t_id_8h7usUUf,sea turtle,train,6
ZindiTurtleRecall_t_id_8kXoFqeK,sea turtle,validation,3
ZindiTurtleRecall_t_id_8lQ3Qmh6,sea turtle,train,18
ZindiTurtleRecall_t_id_8nsNimMt,sea turtle,test,3
ZindiTurtleRecall_t_id_8nyDQMQU,sea turtle,train,3
ZindiTurtleRecall_t_id_8oqIEM8M,sea turtle,train,6
ZindiTurtleRecall_t_id_8sQ3R8zj,sea turtle,train,3
ZindiTurtleRecall_t_id_8sZZhDnc,sea turtle,train,3
ZindiTurtleRecall_t_id_8tSzQNCp,sea turtle,train,3
ZindiTurtleRecall_t_id_8uiuJQh4,sea turtle,test,3
ZindiTurtleRecall_t_id_8vEFBm5v,sea turtle,train,6
ZindiTurtleRecall_t_id_8vgB6unV,sea turtle,test,3
ZindiTurtleRecall_t_id_8wc9b6eh,sea turtle,train,6
ZindiTurtleRecall_t_id_8y80ET5B,sea turtle,train,4
ZindiTurtleRecall_t_id_90EiKvnp,sea turtle,validation,9
ZindiTurtleRecall_t_id_91GGfQCK,sea turtle,train,6
ZindiTurtleRecall_t_id_93jkM5jK,sea turtle,test,3
ZindiTurtleRecall_t_id_94TxBrnC,sea turtle,train,3
ZindiTurtleRecall_t_id_94xxqCBH,sea turtle,train,4
ZindiTurtleRecall_t_id_9BfBWnte,sea turtle,test,3
ZindiTurtleRecall_t_id_9Cl8cMT8,sea turtle,test,9
ZindiTurtleRecall_t_id_9EJFzFz1,sea turtle,train,3
ZindiTurtleRecall_t_id_9FY0DXKu,sea turtle,train,4
ZindiTurtleRecall_t_id_9GFmcOd5,sea turtle,test,38
ZindiTurtleRecall_t_id_9KHuJfvT,sea turtle,train,3
ZindiTurtleRecall_t_id_9LPqdEH2,sea turtle,test,3
ZindiTurtleRecall_t_id_9M3d0yBk,sea turtle,validation,6
ZindiTurtleRecall_t_id_9QGx0oP6,sea turtle,train,6
ZindiTurtleRecall_t_id_9QvIbgBZ,sea turtle,validation,6
ZindiTurtleRecall_t_id_9UKay51s,sea turtle,train,6
ZindiTurtleRecall_t_id_9V9qXnur,sea turtle,train,6
ZindiTurtleRecall_t_id_9YXAIhtI,sea turtle,train,3
ZindiTurtleRecall_t_id_9b0MhmYa,sea turtle,test,13
ZindiTurtleRecall_t_id_9cOX4Goj,sea turtle,train,3
ZindiTurtleRecall_t_id_9cyNVfJk,sea turtle,validation,3
ZindiTurtleRecall_t_id_9dlMQMYW,sea turtle,train,3
ZindiTurtleRecall_t_id_9fzItukM,sea turtle,train,7
ZindiTurtleRecall_t_id_9ghqXTak,sea turtle,train,6
ZindiTurtleRecall_t_id_9gnw6RlY,sea turtle,test,6
ZindiTurtleRecall_t_id_9l6NAmYv,sea turtle,train,6
ZindiTurtleRecall_t_id_9lpEv7Xz,sea turtle,train,9
ZindiTurtleRecall_t_id_9nr22yxk,sea turtle,test,3
ZindiTurtleRecall_t_id_9pfxjOtX,sea turtle,test,4
ZindiTurtleRecall_t_id_9qhLJ1ia,sea turtle,validation,3
ZindiTurtleRecall_t_id_9sJM3BjK,sea turtle,test,3
ZindiTurtleRecall_t_id_9w1vnMBj,sea turtle,train,3
ZindiTurtleRecall_t_id_9xI6LsJ4,sea turtle,train,3
ZindiTurtleRecall_t_id_9zEkzWev,sea turtle,validation,6
ZindiTurtleRecall_t_id_A3TffraE,sea turtle,test,30
ZindiTurtleRecall_t_id_A3fJiVJu,sea turtle,train,6
ZindiTurtleRecall_t_id_A6AZVXJH,sea turtle,train,13
ZindiTurtleRecall_t_id_A7cVkCN7,sea turtle,train,3
ZindiTurtleRecall_t_id_A9M0w1uZ,sea turtle,train,9
ZindiTurtleRecall_t_id_A9U2XHtA,sea turtle,validation,4
ZindiTurtleRecall_t_id_AE81JFdG,sea turtle,train,3
ZindiTurtleRecall_t_id_AHnNSaM5,sea turtle,test,3
ZindiTurtleRecall_t_id_AJMHS9yE,sea turtle,test,8
ZindiTurtleRecall_t_id_AMnriNb5,sea turtle,train,23
ZindiTurtleRecall_t_id_AMzC1Udh,sea turtle,train,3
ZindiTurtleRecall_t_id_AOWArhGb,sea turtle,train,46
ZindiTurtleRecall_t_id_APOSBLic,sea turtle,train,3
ZindiTurtleRecall_t_id_AQ8V9mEo,sea turtle,train,3
ZindiTurtleRecall_t_id_AQr1VYeS,sea turtle,train,3
ZindiTurtleRecall_t_id_AUdAjTEM,sea turtle,validation,3
ZindiTurtleRecall_t_id_AWdUXIEk,sea turtle,test,3
ZindiTurtleRecall_t_id_AYJpk6yy,sea turtle,train,3
ZindiTurtleRecall_t_id_AbLGTTY6,sea turtle,test,3
ZindiTurtleRecall_t_id_AbUMoQas,sea turtle,test,3
ZindiTurtleRecall_t_id_Af7FcNbg,sea turtle,validation,2
ZindiTurtleRecall_t_id_AmTrJ98Z,sea turtle,train,3
ZindiTurtleRecall_t_id_Amy0Hrzh,sea turtle,train,4
ZindiTurtleRecall_t_id_ApG8kV7D,sea turtle,train,3
ZindiTurtleRecall_t_id_AqMdqafy,sea turtle,train,3
ZindiTurtleRecall_t_id_AtZFBGJO,sea turtle,test,3
ZindiTurtleRecall_t_id_B0g4QXty,sea turtle,train,12
ZindiTurtleRecall_t_id_B0skvObB,sea turtle,train,6
ZindiTurtleRecall_t_id_B5hcLsua,sea turtle,train,3
ZindiTurtleRecall_t_id_B7LaSiac,sea turtle,train,15
ZindiTurtleRecall_t_id_B9PMVX3s,sea turtle,train,3
ZindiTurtleRecall_t_id_BDLASnMn,sea turtle,train,3
ZindiTurtleRecall_t_id_BEQAtISc,sea turtle,test,3
ZindiTurtleRecall_t_id_BGGa6Jxm,sea turtle,train,3
ZindiTurtleRecall_t_id_BI99coHt,sea turtle,train,38
ZindiTurtleRecall_t_id_BKe1VFeR,sea turtle,train,3
ZindiTurtleRecall_t_id_BNGyLaQZ,sea turtle,validation,3
ZindiTurtleRecall_t_id_BNkyazfH,sea turtle,validation,6
ZindiTurtleRecall_t_id_BR1eAh1k,sea turtle,validation,3
ZindiTurtleRecall_t_id_BROcJMHu,sea turtle,train,10
ZindiTurtleRecall_t_id_BXWccqAn,sea turtle,train,14
ZindiTurtleRecall_t_id_BXpEQhNF,sea turtle,validation,3
ZindiTurtleRecall_t_id_BaGSofg0,sea turtle,train,3
ZindiTurtleRecall_t_id_BfyersR0,sea turtle,train,3
ZindiTurtleRecall_t_id_BhzMJyu7,sea turtle,train,6
ZindiTurtleRecall_t_id_BkZvqOuc,sea turtle,test,10
ZindiTurtleRecall_t_id_Bp1VtZps,sea turtle,train,9
ZindiTurtleRecall_t_id_BrCWkP6M,sea turtle,train,3
ZindiTurtleRecall_t_id_BtGLHx2D,sea turtle,train,3
ZindiTurtleRecall_t_id_BuO0n1wz,sea turtle,train,3
ZindiTurtleRecall_t_id_BuieyXtW,sea turtle,train,3
ZindiTurtleRecall_t_id_Bva09pRD,sea turtle,validation,3
ZindiTurtleRecall_t_id_BwKBoGXm,sea turtle,train,3
ZindiTurtleRecall_t_id_BzHOyN1w,sea turtle,train,3
ZindiTurtleRecall_t_id_C00OfMYX,sea turtle,train,3
ZindiTurtleRecall_t_id_C0wevyOl,sea turtle,train,18
ZindiTurtleRecall_t_id_C1EVmTHn,sea turtle,validation,3
ZindiTurtleRecall_t_id_C36C1ohq,sea turtle,test,3
ZindiTurtleRecall_t_id_C41evnEB,sea turtle,train,3
ZindiTurtleRecall_t_id_C5CXry1t,sea turtle,train,3
ZindiTurtleRecall_t_id_C5EcKYi3,sea turtle,train,12
ZindiTurtleRecall_t_id_C71wO1Y9,sea turtle,train,4
ZindiTurtleRecall_t_id_CAjv5Dxo,sea turtle,test,14
ZindiTurtleRecall_t_id_CB9GKQw3,sea turtle,train,3
ZindiTurtleRecall_t_id_CByfPvSU,sea turtle,train,3
ZindiTurtleRecall_t_id_CC7kyxZ4,sea turtle,train,4
ZindiTurtleRecall_t_id_CCQIp9AX,sea turtle,train,3
ZindiTurtleRecall_t_id_CKMQJzfB,sea turtle,train,9
ZindiTurtleRecall_t_id_CLV3cXa3,sea turtle,validation,19
ZindiTurtleRecall_t_id_CLiWjoMm,sea turtle,train,6
ZindiTurtleRecall_t_id_CLjY3ClN,sea turtle,train,6
ZindiTurtleRecall_t_id_CMExVnND,sea turtle,train,4
ZindiTurtleRecall_t_id_CNU5WW8E,sea turtle,train,3
ZindiTurtleRecall_t_id_CP5MAvo3,sea turtle,validation,3
ZindiTurtleRecall_t_id_CRENgVYW,sea turtle,validation,10
ZindiTurtleRecall_t_id_CRPO8xwJ,sea turtle,train,7
ZindiTurtleRecall_t_id_CY6s9KBZ,sea turtle,train,3
ZindiTurtleRecall_t_id_CYl67wtc,sea turtle,validation,3
ZindiTurtleRecall_t_id_CbvwOfdm,sea turtle,train,3
ZindiTurtleRecall_t_id_CcCIsFFw,sea turtle,train,7
ZindiTurtleRecall_t_id_CcvZtjsH,sea turtle,train,3
ZindiTurtleRecall_t_id_Ce8J0NID,sea turtle,train,6
ZindiTurtleRecall_t_id_Chqv8CzI,sea turtle,test,3
ZindiTurtleRecall_t_id_CiA2JZf0,sea turtle,train,6
ZindiTurtleRecall_t_id_CixN5Be3,sea turtle,train,6
ZindiTurtleRecall_t_id_Cke7OVD0,sea turtle,train,3
ZindiTurtleRecall_t_id_ClTwL8xE,sea turtle,validation,3
ZindiTurtleRecall_t_id_CmtjXYoJ,sea turtle,train,3
ZindiTurtleRecall_t_id_CpqtCjVW,sea turtle,train,3
ZindiTurtleRecall_t_id_Cq3gNfui,sea turtle,test,3
ZindiTurtleRecall_t_id_Cq4qNbXQ,sea turtle,train,3
ZindiTurtleRecall_t_id_CsbKi7cK,sea turtle,train,6
ZindiTurtleRecall_t_id_Ct5jUFAR,sea turtle,train,3
ZindiTurtleRecall_t_id_Cz6YQ5jw,sea turtle,train,3
ZindiTurtleRecall_t_id_CzqfjDnp,sea turtle,test,6
ZindiTurtleRecall_t_id_D0CAZVQp,sea turtle,train,7
ZindiTurtleRecall_t_id_D0gA44av,sea turtle,train,42
ZindiTurtleRecall_t_id_D1bJEgN0,sea turtle,test,8
ZindiTurtleRecall_t_id_D3kHUEgp,sea turtle,test,19
ZindiTurtleRecall_t_id_D3uTDb2V,sea turtle,train,3
ZindiTurtleRecall_t_id_D4ydlfS7,sea turtle,train,3
ZindiTurtleRecall_t_id_D4ywi7RG,sea turtle,train,6
ZindiTurtleRecall_t_id_D7NA71la,sea turtle,validation,16
ZindiTurtleRecall_t_id_D8PFC5Ba,sea turtle,train,3
ZindiTurtleRecall_t_id_DA899wcQ,sea turtle,train,3
ZindiTurtleRecall_t_id_DBw2JS90,sea turtle,train,3
ZindiTurtleRecall_t_id_DEUmbtiC,sea turtle,train,3
ZindiTurtleRecall_t_id_DJL411DX,sea turtle,validation,2
ZindiTurtleRecall_t_id_DKf8ucUD,sea turtle,train,6
ZindiTurtleRecall_t_id_DKgLDUiB,sea turtle,train,3
ZindiTurtleRecall_t_id_DLGBSqSq,sea turtle,train,3
ZindiTurtleRecall_t_id_DNZbftiw,sea turtle,train,5
ZindiTurtleRecall_t_id_DPRWRGnW,sea turtle,train,4
ZindiTurtleRecall_t_id_DPYQnZyv,sea turtle,train,47
ZindiTurtleRecall_t_id_DXdaU3b9,sea turtle,train,3
ZindiTurtleRecall_t_id_DbmclTcj,sea turtle,train,14
ZindiTurtleRecall_t_id_DcfOR9ox,sea turtle,train,3
ZindiTurtleRecall_t_id_DcrNx0VP,sea turtle,test,3
ZindiTurtleRecall_t_id_DhqvGPqf,sea turtle,train,3
ZindiTurtleRecall_t_id_DiM6H3cK,sea turtle,test,12
ZindiTurtleRecall_t_id_DmPKqBfP,sea turtle,test,6
ZindiTurtleRecall_t_id_DpXF6VfL,sea turtle,train,4
ZindiTurtleRecall_t_id_DpytUgk7,sea turtle,train,3
ZindiTurtleRecall_t_id_DstzmGfc,sea turtle,train,3
ZindiTurtleRecall_t_id_DuxBcikw,sea turtle,train,3
ZindiTurtleRecall_t_id_Dv4O8bOM,sea turtle,test,10
ZindiTurtleRecall_t_id_DyHBIIto,sea turtle,train,3
ZindiTurtleRecall_t_id_E0LOPX0M,sea turtle,train,3
ZindiTurtleRecall_t_id_E0wTVJzI,sea turtle,test,3
ZindiTurtleRecall_t_id_E1efzX4D,sea turtle,train,3
ZindiTurtleRecall_t_id_E3B4S72d,sea turtle,train,3
ZindiTurtleRecall_t_id_E5sOZhMO,sea turtle,test,3
ZindiTurtleRecall_t_id_E6m9xo4x,sea turtle,test,3
ZindiTurtleRecall_t_id_E6qZdQrg,sea turtle,train,6
ZindiTurtleRecall_t_id_E6qght97,sea turtle,validation,3
ZindiTurtleRecall_t_id_E7UFCfhq,sea turtle,validation,4
ZindiTurtleRecall_t_id_E8nOSniM,sea turtle,train,3
ZindiTurtleRecall_t_id_E9byvvqj,sea turtle,train,3
ZindiTurtleRecall_t_id_EBQRmxUr,sea turtle,train,3
ZindiTurtleRecall_t_id_EEbWq5Pj,sea turtle,train,17
ZindiTurtleRecall_t_id_EErHQHcQ,sea turtle,train,14
ZindiTurtleRecall_t_id_EFyFO5K1,sea turtle,train,6
ZindiTurtleRecall_t_id_EGj0aOi3,sea turtle,test,7
ZindiTurtleRecall_t_id_EP2tm8kR,sea turtle,validation,3
ZindiTurtleRecall_t_id_EQqZQWPK,sea turtle,train,3
ZindiTurtleRecall_t_id_ES1owbvW,sea turtle,validation,11
ZindiTurtleRecall_t_id_ETcuRX6e,sea turtle,train,5
ZindiTurtleRecall_t_id_EThD9Nkc,sea turtle,train,8
ZindiTurtleRecall_t_id_EVKsKbTH,sea turtle,test,2
ZindiTurtleRecall_t_id_EWy4fMfl,sea turtle,train,3
ZindiTurtleRecall_t_id_Ea0SV9N9,sea turtle,train,3
ZindiTurtleRecall_t_id_EaHOxdqO,sea turtle,train,3
ZindiTurtleRecall_t_id_EcMk0Hg2,sea turtle,train,3
ZindiTurtleRecall_t_id_EeRKDLsi,sea turtle,train,3
ZindiTurtleRecall_t_id_EhFLtFYH,sea turtle,train,12
ZindiTurtleRecall_t_id_ElPRlKY1,sea turtle,test,6
ZindiTurtleRecall_t_id_ElTtNp9g,sea turtle,test,6
ZindiTurtleRecall_t_id_EpCProoA,sea turtle,train,3
ZindiTurtleRecall_t_id_EqGWu0Z3,sea turtle,train,4
ZindiTurtleRecall_t_id_Ert0K3V9,sea turtle,test,3
ZindiTurtleRecall_t_id_EsQtfNkH,sea turtle,train,3
ZindiTurtleRecall_t_id_EtZ1oejg,sea turtle,train,3
ZindiTurtleRecall_t_id_EtsIVJPQ,sea turtle,test,3
ZindiTurtleRecall_t_id_EvCobQzk,sea turtle,validation,12
ZindiTurtleRecall_t_id_Ew4Gtl9r,sea turtle,test,7
ZindiTurtleRecall_t_id_EwG51FDH,sea turtle,test,9
ZindiTurtleRecall_t_id_Ewx6gU2y,sea turtle,train,3
ZindiTurtleRecall_t_id_F0tUbNAG,sea turtle,train,3
ZindiTurtleRecall_t_id_F1lghmJE,sea turtle,train,3
ZindiTurtleRecall_t_id_F4X2rYMp,sea turtle,train,3
ZindiTurtleRecall_t_id_F5eaYH2N,sea turtle,validation,6
ZindiTurtleRecall_t_id_F5wFIOpJ,sea turtle,train,3
ZindiTurtleRecall_t_id_F6KMJRlJ,sea turtle,test,3
ZindiTurtleRecall_t_id_F6rgL6eu,sea turtle,train,3
ZindiTurtleRecall_t_id_F9myOskD,sea turtle,train,12
ZindiTurtleRecall_t_id_FA9eYf9s,sea turtle,train,3
ZindiTurtleRecall_t_id_FALj4XeK,sea turtle,train,6
ZindiTurtleRecall_t_id_FAtALgNg,sea turtle,train,3
ZindiTurtleRecall_t_id_FBW0auia,sea turtle,train,3
ZindiTurtleRecall_t_id_FBsGDJhU,sea turtle,train,15
ZindiTurtleRecall_t_id_FCcov576,sea turtle,train,6
ZindiTurtleRecall_t_id_FClu4yCG,sea turtle,test,3
ZindiTurtleRecall_t_id_FFUgltSC,sea turtle,train,37
ZindiTurtleRecall_t_id_FFhvAKkz,sea turtle,train,4
ZindiTurtleRecall_t_id_FH5koOBW,sea turtle,train,3
ZindiTurtleRecall_t_id_FJBa0tET,sea turtle,train,3
ZindiTurtleRecall_t_id_FKJmerzl,sea turtle,train,3
ZindiTurtleRecall_t_id_FLwIF2gg,sea turtle,test,3
ZindiTurtleRecall_t_id_FU1yhona,sea turtle,train,3
ZindiTurtleRecall_t_id_FURyxwUL,sea turtle,train,3
ZindiTurtleRecall_t_id_FUZieT20,sea turtle,test,3
ZindiTurtleRecall_t_id_FWESoR2T,sea turtle,validation,3
ZindiTurtleRecall_t_id_FWUR87H1,sea turtle,train,6
ZindiTurtleRecall_t_id_FWUzGh88,sea turtle,train,6
ZindiTurtleRecall_t_id_FWoeJMq4,sea turtle,train,3
ZindiTurtleRecall_t_id_FYlrImRy,sea turtle,test,2
ZindiTurtleRecall_t_id_FcmwuEuw,sea turtle,train,9
ZindiTurtleRecall_t_id_Fcz2AJve,sea turtle,train,3
ZindiTurtleRecall_t_id_Fdv0bBEP,sea turtle,train,9
ZindiTurtleRecall_t_id_FfNsqwwn,sea turtle,train,3
ZindiTurtleRecall_t_id_FkNqkcZR,sea turtle,train,10
ZindiTurtleRecall_t_id_FlW5MOos,sea turtle,train,3
ZindiTurtleRecall_t_id_FltEvPXm,sea turtle,train,5
ZindiTurtleRecall_t_id_Fm1eRUoW,sea turtle,train,12
ZindiTurtleRecall_t_id_FmU5lVra,sea turtle,train,3
ZindiTurtleRecall_t_id_FsABYvKy,sea turtle,train,3
ZindiTurtleRecall_t_id_FsBuZUcq,sea turtle,train,3
ZindiTurtleRecall_t_id_FugtLYPE,sea turtle,train,2
ZindiTurtleRecall_t_id_FzFIwe6I,sea turtle,train,6
ZindiTurtleRecall_t_id_G23jKHiv,sea turtle,train,6
ZindiTurtleRecall_t_id_G2UbyrQn,sea turtle,test,4
ZindiTurtleRecall_t_id_G36k48DL,sea turtle,train,10
ZindiTurtleRecall_t_id_G44kaczh,sea turtle,validation,3
ZindiTurtleRecall_t_id_G45N9bWX,sea turtle,test,3
ZindiTurtleRecall_t_id_G4DH6aBp,sea turtle,train,3
ZindiTurtleRecall_t_id_G5JLzvai,sea turtle,train,25
ZindiTurtleRecall_t_id_G5eoqwD8,sea turtle,train,51
ZindiTurtleRecall_t_id_G8G7L2hY,sea turtle,train,6
ZindiTurtleRecall_t_id_G92RYbQH,sea turtle,validation,3
ZindiTurtleRecall_t_id_G9X8tj9f,sea turtle,train,3
ZindiTurtleRecall_t_id_GGjNnMdR,sea turtle,test,3
ZindiTurtleRecall_t_id_GKKgOi76,sea turtle,train,3
ZindiTurtleRecall_t_id_GN9O1NqA,sea turtle,train,3
ZindiTurtleRecall_t_id_GOIvCduN,sea turtle,train,13
ZindiTurtleRecall_t_id_GOjWA8EC,sea turtle,train,4
ZindiTurtleRecall_t_id_GPuJYk3r,sea turtle,test,3
ZindiTurtleRecall_t_id_GUEUqRlO,sea turtle,train,3
ZindiTurtleRecall_t_id_GVPngzdK,sea turtle,train,21
ZindiTurtleRecall_t_id_GVhe2uZt,sea turtle,validation,4
ZindiTurtleRecall_t_id_GVtdeL2j,sea turtle,train,15
ZindiTurtleRecall_t_id_GYGjXIqV,sea turtle,validation,3
ZindiTurtleRecall_t_id_GYLDeXNi,sea turtle,train,3
ZindiTurtleRecall_t_id_GYmLqxg3,sea turtle,train,3
ZindiTurtleRecall_t_id_Gd4t8vTE,sea turtle,train,5
ZindiTurtleRecall_t_id_GdSIEibv,sea turtle,train,3
ZindiTurtleRecall_t_id_Ghri36D3,sea turtle,train,3
ZindiTurtleRecall_t_id_GjMbpCfw,sea turtle,train,3
ZindiTurtleRecall_t_id_Gjo0NNgc,sea turtle,train,3
ZindiTurtleRecall_t_id_GlYpXb9M,sea turtle,train,6
ZindiTurtleRecall_t_id_GlcYUlzF,sea turtle,train,19
ZindiTurtleRecall_t_id_Gp1Yya8l,sea turtle,train,4
ZindiTurtleRecall_t_id_GqJWWT1e,sea turtle,train,4
ZindiTurtleRecall_t_id_GrxmyS59,sea turtle,train,38
ZindiTurtleRecall_t_id_Gs9LExEK,sea turtle,train,6
ZindiTurtleRecall_t_id_Gvf26JkN,sea turtle,train,6
ZindiTurtleRecall_t_id_GwfiTDVe,sea turtle,train,8
ZindiTurtleRecall_t_id_H3bzZzTL,sea turtle,test,6
ZindiTurtleRecall_t_id_H4YsBqfs,sea turtle,train,3
ZindiTurtleRecall_t_id_H4nVymq5,sea turtle,train,9
ZindiTurtleRecall_t_id_H9dthING,sea turtle,validation,3
ZindiTurtleRecall_t_id_H9fiqHrg,sea turtle,train,3
ZindiTurtleRecall_t_id_HA3DW3Ak,sea turtle,train,4
ZindiTurtleRecall_t_id_HBh0EMHV,sea turtle,train,3
ZindiTurtleRecall_t_id_HDlOXFSE,sea turtle,test,3
ZindiTurtleRecall_t_id_HFaUkTWu,sea turtle,train,3
ZindiTurtleRecall_t_id_HGE197xI,sea turtle,train,7
ZindiTurtleRecall_t_id_HIjiG7Zs,sea turtle,train,3
ZindiTurtleRecall_t_id_HLTI1yav,sea turtle,train,6
ZindiTurtleRecall_t_id_HLzUybFZ,sea turtle,train,3
ZindiTurtleRecall_t_id_HNYKEPo7,sea turtle,train,4
ZindiTurtleRecall_t_id_HTRJc5Mm,sea turtle,validation,3
ZindiTurtleRecall_t_id_HW2wmmnH,sea turtle,train,5
ZindiTurtleRecall_t_id_Hc9hg41A,sea turtle,test,3
ZindiTurtleRecall_t_id_HcnnlRda,sea turtle,train,18
ZindiTurtleRecall_t_id_HdCofrgE,sea turtle,validation,3
ZindiTurtleRecall_t_id_HhY46dB8,sea turtle,train,3
ZindiTurtleRecall_t_id_HinZt4Ep,sea turtle,test,9
ZindiTurtleRecall_t_id_HpFHPkSt,sea turtle,train,3
ZindiTurtleRecall_t_id_HpeqeH3n,sea turtle,train,3
ZindiTurtleRecall_t_id_HrFH2rOb,sea turtle,validation,3
ZindiTurtleRecall_t_id_HxxqrdTx,sea turtle,train,26
ZindiTurtleRecall_t_id_I2McYJ6f,sea turtle,test,5
ZindiTurtleRecall_t_id_I2O3ROf3,sea turtle,test,3
ZindiTurtleRecall_t_id_I4DIGXq1,sea turtle,train,3
ZindiTurtleRecall_t_id_I8H2KruE,sea turtle,train,3
ZindiTurtleRecall_t_id_IAbT8CPK,sea turtle,train,7
ZindiTurtleRecall_t_id_ICl8XV9L,sea turtle,train,7
ZindiTurtleRecall_t_id_IDNqyrrb,sea turtle,train,3
ZindiTurtleRecall_t_id_IFdrje8I,sea turtle,train,3
ZindiTurtleRecall_t_id_IIMxu7Kg,sea turtle,train,3
ZindiTurtleRecall_t_id_IIksA7SA,sea turtle,train,3
ZindiTurtleRecall_t_id_IJ0RIx6k,sea turtle,validation,3
ZindiTurtleRecall_t_id_IMYHIjJd,sea turtle,validation,6
ZindiTurtleRecall_t_id_IMhOqSqI,sea turtle,test,3
ZindiTurtleRecall_t_id_IMlproLk,sea turtle,train,3
ZindiTurtleRecall_t_id_IO1CTMzP,sea turtle,train,4
ZindiTurtleRecall_t_id_IP1t15lD,sea turtle,train,13
ZindiTurtleRecall_t_id_IP3xtKuX,sea turtle,train,23
ZindiTurtleRecall_t_id_ISpUGlKC,sea turtle,train,3
ZindiTurtleRecall_t_id_IU14JObr,sea turtle,train,3
ZindiTurtleRecall_t_id_IUKKWfNG,sea turtle,validation,4
ZindiTurtleRecall_t_id_IWBLuPyN,sea turtle,train,3
ZindiTurtleRecall_t_id_IaqbqYAa,sea turtle,validation,4
ZindiTurtleRecall_t_id_Ib6582uc,sea turtle,train,8
ZindiTurtleRecall_t_id_IbEQAUAG,sea turtle,test,4
ZindiTurtleRecall_t_id_If3yYpYH,sea turtle,validation,6
ZindiTurtleRecall_t_id_IglkjMgo,sea turtle,train,3
ZindiTurtleRecall_t_id_IkxD6kEW,sea turtle,train,3
ZindiTurtleRecall_t_id_IlO9BOKc,sea turtle,train,38
ZindiTurtleRecall_t_id_Imm5pnNf,sea turtle,test,12
ZindiTurtleRecall_t_id_IqDdQBee,sea turtle,train,3
ZindiTurtleRecall_t_id_IqFCRBOM,sea turtle,train,9
ZindiTurtleRecall_t_id_IqygbGCx,sea turtle,validation,6
ZindiTurtleRecall_t_id_Itx7txdo,sea turtle,train,3
ZindiTurtleRecall_t_id_IuHDYdPX,sea turtle,train,4
ZindiTurtleRecall_t_id_IvLblwck,sea turtle,test,7
ZindiTurtleRecall_t_id_Iw6zabXw,sea turtle,test,3
ZindiTurtleRecall_t_id_IyRxZWB7,sea turtle,test,10
ZindiTurtleRecall_t_id_IzPeCD4j,sea turtle,validation,9
ZindiTurtleRecall_t_id_J0C1PREw,sea turtle,train,3
ZindiTurtleRecall_t_id_J22iCFq2,sea turtle,train,3
ZindiTurtleRecall_t_id_J24awAHQ,sea turtle,train,11
ZindiTurtleRecall_t_id_J5dngbNA,sea turtle,test,12
ZindiTurtleRecall_t_id_J7841PgC,sea turtle,train,5
ZindiTurtleRecall_t_id_J8pewWcx,sea turtle,train,3
ZindiTurtleRecall_t_id_J95wiy8e,sea turtle,test,3
ZindiTurtleRecall_t_id_JA0sNvVe,sea turtle,train,4
ZindiTurtleRecall_t_id_JB4GvbD0,sea turtle,train,6
ZindiTurtleRecall_t_id_JEVon32S,sea turtle,train,3
ZindiTurtleRecall_t_id_JFFbGZjl,sea turtle,train,3
ZindiTurtleRecall_t_id_JFT6UZon,sea turtle,train,3
ZindiTurtleRecall_t_id_JFxST5Qm,sea turtle,validation,9
ZindiTurtleRecall_t_id_JGXG4KJY,sea turtle,train,3
ZindiTurtleRecall_t_id_JI3lt9E9,sea turtle,train,3
ZindiTurtleRecall_t_id_JI6ba2Yx,sea turtle,train,69
ZindiTurtleRecall_t_id_JICE1vBk,sea turtle,train,3
ZindiTurtleRecall_t_id_JIH2u53x,sea turtle,validation,3
ZindiTurtleRecall_t_id_JIgn3Oeq,sea turtle,validation,4
ZindiTurtleRecall_t_id_JJ7MeHZj,sea turtle,train,3
ZindiTurtleRecall_t_id_JJVxBhDf,sea turtle,train,3
ZindiTurtleRecall_t_id_JMGKulzQ,sea turtle,train,3
ZindiTurtleRecall_t_id_JOUDysLq,sea turtle,validation,3
ZindiTurtleRecall_t_id_JRkH2QTK,sea turtle,train,3
ZindiTurtleRecall_t_id_JT2tivJv,sea turtle,train,3
ZindiTurtleRecall_t_id_JTHxY3qT,sea turtle,train,5
ZindiTurtleRecall_t_id_JTihrVk1,sea turtle,train,3
ZindiTurtleRecall_t_id_JZPE1cTr,sea turtle,test,4
ZindiTurtleRecall_t_id_Jd1MC8Bw,sea turtle,test,3
ZindiTurtleRecall_t_id_JeEAxh5y,sea turtle,test,3
ZindiTurtleRecall_t_id_JegGcfCM,sea turtle,train,3
ZindiTurtleRecall_t_id_JfbSF9IW,sea turtle,validation,6
ZindiTurtleRecall_t_id_JkAh0WP1,sea turtle,validation,4
ZindiTurtleRecall_t_id_JmqhsK4f,sea turtle,validation,3
ZindiTurtleRecall_t_id_JqkPTnFy,sea turtle,train,16
ZindiTurtleRecall_t_id_Ju3Z38U6,sea turtle,train,3
ZindiTurtleRecall_t_id_JzbeV4sZ,sea turtle,train,3
ZindiTurtleRecall_t_id_K33r8x0h,sea turtle,train,3
ZindiTurtleRecall_t_id_K3guiWPz,sea turtle,train,4
ZindiTurtleRecall_t_id_K5Jl9B30,sea turtle,train,4
ZindiTurtleRecall_t_id_K5OsgeDH,sea turtle,test,9
ZindiTurtleRecall_t_id_K6MVlrkU,sea turtle,test,3
ZindiTurtleRecall_t_id_K8mTTV7U,sea turtle,test,3
ZindiTurtleRecall_t_id_KANR6TFO,sea turtle,train,3
ZindiTurtleRecall_t_id_KBesJDTJ,sea turtle,train,6
ZindiTurtleRecall_t_id_KBvmODkY,sea turtle,train,3
ZindiTurtleRecall_t_id_KC6F5EgL,sea turtle,train,6
ZindiTurtleRecall_t_id_KCRTminN,sea turtle,train,5
ZindiTurtleRecall_t_id_KDUY0fQq,sea turtle,train,3
ZindiTurtleRecall_t_id_KF0ep1Xp,sea turtle,train,3
ZindiTurtleRecall_t_id_KIpZNtAc,sea turtle,train,3
ZindiTurtleRecall_t_id_KJkHUCgJ,sea turtle,train,4
ZindiTurtleRecall_t_id_KOIMfVbc,sea turtle,train,3
ZindiTurtleRecall_t_id_KOrrlNwQ,sea turtle,train,3
ZindiTurtleRecall_t_id_KPR9uG0j,sea turtle,validation,8
ZindiTurtleRecall_t_id_KQS8bQoo,sea turtle,validation,1
ZindiTurtleRecall_t_id_KQUZ1WyJ,sea turtle,test,3
ZindiTurtleRecall_t_id_KQfG3lzw,sea turtle,train,3
ZindiTurtleRecall_t_id_KU0z2R8Y,sea turtle,validation,7
ZindiTurtleRecall_t_id_KUSt3TNY,sea turtle,train,3
ZindiTurtleRecall_t_id_KUdlV6Iv,sea turtle,test,5
ZindiTurtleRecall_t_id_KUrqhsxT,sea turtle,train,3
ZindiTurtleRecall_t_id_KYNUGBQd,sea turtle,train,7
ZindiTurtleRecall_t_id_KYctdaMh,sea turtle,train,3
ZindiTurtleRecall_t_id_KYzzSB1K,sea turtle,train,7
ZindiTurtleRecall_t_id_KZWMSdFg,sea turtle,train,4
ZindiTurtleRecall_t_id_Kad43IOL,sea turtle,train,3
ZindiTurtleRecall_t_id_KbBKFzi0,sea turtle,train,3
ZindiTurtleRecall_t_id_Kc1tXDbJ,sea turtle,train,22
ZindiTurtleRecall_t_id_KcrWNxqH,sea turtle,train,3
ZindiTurtleRecall_t_id_Kf73l69A,sea turtle,train,65
ZindiTurtleRecall_t_id_KfMjgfwI,sea turtle,train,3
ZindiTurtleRecall_t_id_KfuJyhMz,sea turtle,test,7
ZindiTurtleRecall_t_id_KgSDxqAU,sea turtle,train,6
ZindiTurtleRecall_t_id_Khh6FDBd,sea turtle,validation,4
ZindiTurtleRecall_t_id_KiUQFMnT,sea turtle,train,6
ZindiTurtleRecall_t_id_KmYchtYs,sea turtle,validation,2
ZindiTurtleRecall_t_id_KnIb2OXR,sea turtle,train,3
ZindiTurtleRecall_t_id_Kpu0ilEh,sea turtle,train,3
ZindiTurtleRecall_t_id_KqtK1dJ9,sea turtle,train,3
ZindiTurtleRecall_t_id_Kr8EYGPl,sea turtle,train,3
ZindiTurtleRecall_t_id_KsVECcQR,sea turtle,validation,6
ZindiTurtleRecall_t_id_Kw59xMHw,sea turtle,test,3
ZindiTurtleRecall_t_id_KxEgdr44,sea turtle,test,6
ZindiTurtleRecall_t_id_KysHzQQK,sea turtle,train,15
ZindiTurtleRecall_t_id_L1mO0n9J,sea turtle,validation,3
ZindiTurtleRecall_t_id_L2EMVVnV,sea turtle,validation,4
ZindiTurtleRecall_t_id_L4wx6tHE,sea turtle,validation,3
ZindiTurtleRecall_t_id_L9FxKMEn,sea turtle,train,6
ZindiTurtleRecall_t_id_LE9Zy3Hz,sea turtle,train,7
ZindiTurtleRecall_t_id_LED0YEKu,sea turtle,train,6
ZindiTurtleRecall_t_id_LEdiZa1p,sea turtle,train,3
ZindiTurtleRecall_t_id_LGBAC1Wn,sea turtle,test,4
ZindiTurtleRecall_t_id_LGOWuA6j,sea turtle,train,3
ZindiTurtleRecall_t_id_LII8Povb,sea turtle,train,16
ZindiTurtleRecall_t_id_LJGlGfhD,sea turtle,train,3
ZindiTurtleRecall_t_id_LKX772kO,sea turtle,train,9
ZindiTurtleRecall_t_id_LLdntVC2,sea turtle,train,3
ZindiTurtleRecall_t_id_LN3XRw3u,sea turtle,train,3
ZindiTurtleRecall_t_id_LNRdhOAl,sea turtle,train,3
ZindiTurtleRecall_t_id_LNvSzBda,sea turtle,train,3
ZindiTurtleRecall_t_id_LOtISOmK,sea turtle,train,6
ZindiTurtleRecall_t_id_LPt1wOWq,sea turtle,test,3
ZindiTurtleRecall_t_id_LROcN6zI,sea turtle,train,3
ZindiTurtleRecall_t_id_LSPgs1Sr,sea turtle,train,3
ZindiTurtleRecall_t_id_LSgG4glQ,sea turtle,train,3
ZindiTurtleRecall_t_id_LXpYkX3d,sea turtle,validation,3
ZindiTurtleRecall_t_id_LZC5X21M,sea turtle,train,3
ZindiTurtleRecall_t_id_LaUvGr6P,sea turtle,train,3
ZindiTurtleRecall_t_id_Lfh4Xnoz,sea turtle,train,3
ZindiTurtleRecall_t_id_LgpGHnNe,sea turtle,train,3
ZindiTurtleRecall_t_id_Lh5CrKwu,sea turtle,train,3
ZindiTurtleRecall_t_id_Lhp87PBX,sea turtle,train,12
ZindiTurtleRecall_t_id_LmV8yBlF,sea turtle,train,3
ZindiTurtleRecall_t_id_Lp9X6wvR,sea turtle,validation,3
ZindiTurtleRecall_t_id_LpCdq5Tu,sea turtle,train,3
ZindiTurtleRecall_t_id_LpcTQPoL,sea turtle,test,3
ZindiTurtleRecall_t_id_Lq7kSTNc,sea turtle,train,3
ZindiTurtleRecall_t_id_LwTnpSIH,sea turtle,train,3
ZindiTurtleRecall_t_id_LyqXL5qY,sea turtle,train,12
ZindiTurtleRecall_t_id_LyqXltOc,sea turtle,train,3
ZindiTurtleRecall_t_id_LzUcTlpo,sea turtle,validation,3
ZindiTurtleRecall_t_id_M9ZcbHwE,sea turtle,train,9
ZindiTurtleRecall_t_id_MFhC6ovY,sea turtle,train,3
ZindiTurtleRecall_t_id_MGO5sQIt,sea turtle,validation,3
ZindiTurtleRecall_t_id_MLHNMyqX,sea turtle,train,3
ZindiTurtleRecall_t_id_MNi5y1LY,sea turtle,train,6
ZindiTurtleRecall_t_id_MNtgog1T,sea turtle,validation,3
ZindiTurtleRecall_t_id_MRqcMo1f,sea turtle,test,3
ZindiTurtleRecall_t_id_MSOqoNtM,sea turtle,train,3
ZindiTurtleRecall_t_id_MUvckcNN,sea turtle,train,3
ZindiTurtleRecall_t_id_MUyMm4BB,sea turtle,train,3
ZindiTurtleRecall_t_id_MVjB8yi2,sea turtle,test,3
ZindiTurtleRecall_t_id_MX8WEeGC,sea turtle,train,3
ZindiTurtleRecall_t_id_MZMhLElj,sea turtle,train,14
ZindiTurtleRecall_t_id_Ma22tguo,sea turtle,train,3
ZindiTurtleRecall_t_id_McqnzBM2,sea turtle,validation,6
ZindiTurtleRecall_t_id_Md50up7J,sea turtle,train,5
ZindiTurtleRecall_t_id_MlZrMrBQ,sea turtle,train,5
ZindiTurtleRecall_t_id_MnEhNmKI,sea turtle,train,8
ZindiTurtleRecall_t_id_MnZaNC7Q,sea turtle,train,6
ZindiTurtleRecall_t_id_MqIl3o7N,sea turtle,validation,4
ZindiTurtleRecall_t_id_MrfO2e4k,sea turtle,validation,3
ZindiTurtleRecall_t_id_MtQ0G140,sea turtle,train,3
ZindiTurtleRecall_t_id_MuKEnKUp,sea turtle,validation,3
ZindiTurtleRecall_t_id_MwnEYfqe,sea turtle,train,56
ZindiTurtleRecall_t_id_N0yS1jUq,sea turtle,train,3
ZindiTurtleRecall_t_id_N1B6qcGs,sea turtle,test,3
ZindiTurtleRecall_t_id_N2hcVyhf,sea turtle,validation,3
ZindiTurtleRecall_t_id_N3r5y6TQ,sea turtle,train,3
ZindiTurtleRecall_t_id_N69hpzXK,sea turtle,train,6
ZindiTurtleRecall_t_id_N6e6D5An,sea turtle,validation,3
ZindiTurtleRecall_t_id_N6qzKL18,sea turtle,test,6
ZindiTurtleRecall_t_id_N9k6c4dQ,sea turtle,validation,6
ZindiTurtleRecall_t_id_NBRQwrd6,sea turtle,train,4
ZindiTurtleRecall_t_id_NBX2TN2q,sea turtle,train,3
ZindiTurtleRecall_t_id_ND4pLpTv,sea turtle,train,4
ZindiTurtleRecall_t_id_NDEoOHje,sea turtle,train,6
ZindiTurtleRecall_t_id_NDLGgpxF,sea turtle,validation,2
ZindiTurtleRecall_t_id_NG1uFfwn,sea turtle,train,2
ZindiTurtleRecall_t_id_NGRlCvVl,sea turtle,train,3
ZindiTurtleRecall_t_id_NGSimOze,sea turtle,validation,3
ZindiTurtleRecall_t_id_NIUPen73,sea turtle,test,6
ZindiTurtleRecall_t_id_NIk2fisI,sea turtle,train,3
ZindiTurtleRecall_t_id_NJ0Z9lCB,sea turtle,test,7
ZindiTurtleRecall_t_id_NJhCgyzg,sea turtle,train,3
ZindiTurtleRecall_t_id_NLBE1j1P,sea turtle,train,3
ZindiTurtleRecall_t_id_NMhcVJFJ,sea turtle,train,3
ZindiTurtleRecall_t_id_NVocshcC,sea turtle,train,3
ZindiTurtleRecall_t_id_NW7wn8TC,sea turtle,train,16
ZindiTurtleRecall_t_id_NWlX4zZh,sea turtle,validation,4
ZindiTurtleRecall_t_id_NYxpgCjI,sea turtle,test,6
ZindiTurtleRecall_t_id_NbWKAzat,sea turtle,test,4
ZindiTurtleRecall_t_id_NibGopaJ,sea turtle,test,3
ZindiTurtleRecall_t_id_NprDnK4f,sea turtle,test,3
ZindiTurtleRecall_t_id_NrUYACrF,sea turtle,train,3
ZindiTurtleRecall_t_id_O2pRMC2d,sea turtle,train,3
ZindiTurtleRecall_t_id_O3TdrCeK,sea turtle,train,10
ZindiTurtleRecall_t_id_O6pNhi5g,sea turtle,train,4
ZindiTurtleRecall_t_id_O8NKiuJ8,sea turtle,train,3
ZindiTurtleRecall_t_id_O8O7UsoA,sea turtle,train,9
ZindiTurtleRecall_t_id_OAasWDIl,sea turtle,train,9
ZindiTurtleRecall_t_id_OB9d860h,sea turtle,test,3
ZindiTurtleRecall_t_id_OBEDPM2r,sea turtle,train,3
ZindiTurtleRecall_t_id_OH5LOWdR,sea turtle,train,3
ZindiTurtleRecall_t_id_OH7Q4Vo1,sea turtle,validation,3
ZindiTurtleRecall_t_id_OJnYu76V,sea turtle,train,18
ZindiTurtleRecall_t_id_OLUx2lXO,sea turtle,test,3
ZindiTurtleRecall_t_id_OOpFEFO0,sea turtle,validation,4
ZindiTurtleRecall_t_id_OQHClJYy,sea turtle,train,7
ZindiTurtleRecall_t_id_OQWezplf,sea turtle,train,3
ZindiTurtleRecall_t_id_ORESqD51,sea turtle,test,6
ZindiTurtleRecall_t_id_OS7u8wMw,sea turtle,train,21
ZindiTurtleRecall_t_id_OUdwMOFe,sea turtle,train,3
ZindiTurtleRecall_t_id_OVFoSOhl,sea turtle,train,12
ZindiTurtleRecall_t_id_OWWv6S0R,sea turtle,train,3
ZindiTurtleRecall_t_id_OZxt28ks,sea turtle,train,3
ZindiTurtleRecall_t_id_OcFpdM8w,sea turtle,train,3
ZindiTurtleRecall_t_id_Od5TPG4n,sea turtle,validation,3
ZindiTurtleRecall_t_id_Of6aDPcj,sea turtle,train,3
ZindiTurtleRecall_t_id_Ofjnseu5,sea turtle,train,5
ZindiTurtleRecall_t_id_OgO82fto,sea turtle,validation,3
ZindiTurtleRecall_t_id_OkWvuhRQ,sea turtle,train,3
ZindiTurtleRecall_t_id_OpqNDYHN,sea turtle,train,5
ZindiTurtleRecall_t_id_OqU1NWEA,sea turtle,train,9
ZindiTurtleRecall_t_id_Owed8x3t,sea turtle,test,7
ZindiTurtleRecall_t_id_OxDWp5Y3,sea turtle,train,3
ZindiTurtleRecall_t_id_OxPUTvFo,sea turtle,test,3
ZindiTurtleRecall_t_id_Oz5n16WF,sea turtle,train,3
ZindiTurtleRecall_t_id_P1BhTAgV,sea turtle,validation,3
ZindiTurtleRecall_t_id_P1N08OPw,sea turtle,train,4
ZindiTurtleRecall_t_id_P1obK9jk,sea turtle,validation,3
ZindiTurtleRecall_t_id_P4OAIsfV,sea turtle,train,3
ZindiTurtleRecall_t_id_P59qOYXe,sea turtle,train,3
ZindiTurtleRecall_t_id_P7iHYwoE,sea turtle,train,3
ZindiTurtleRecall_t_id_P9hVCJUL,sea turtle,train,3
ZindiTurtleRecall_t_id_PALREYJv,sea turtle,train,3
ZindiTurtleRecall_t_id_PAnpkKwb,sea turtle,train,3
ZindiTurtleRecall_t_id_PCtOZ3tG,sea turtle,train,6
ZindiTurtleRecall_t_id_PESWfx0f,sea turtle,train,3
ZindiTurtleRecall_t_id_PG9QaQhG,sea turtle,train,3
ZindiTurtleRecall_t_id_PIWmBkWM,sea turtle,train,3
ZindiTurtleRecall_t_id_PK3ia6vy,sea turtle,test,9
ZindiTurtleRecall_t_id_PKA6Gt6m,sea turtle,train,3
ZindiTurtleRecall_t_id_PMbxeUCr,sea turtle,train,4
ZindiTurtleRecall_t_id_PNuuquLF,sea turtle,train,3
ZindiTurtleRecall_t_id_POI3z58z,sea turtle,train,3
ZindiTurtleRecall_t_id_PQ8CA3j6,sea turtle,train,6
ZindiTurtleRecall_t_id_PSAfFzIx,sea turtle,train,3
ZindiTurtleRecall_t_id_PSfGhrxH,sea turtle,test,3
ZindiTurtleRecall_t_id_PTWW39nk,sea turtle,validation,3
ZindiTurtleRecall_t_id_PVV39Hze,sea turtle,validation,3
ZindiTurtleRecall_t_id_PXvucozW,sea turtle,train,3
ZindiTurtleRecall_t_id_PYTtNGGY,sea turtle,train,15
ZindiTurtleRecall_t_id_PYlDufPY,sea turtle,train,3
ZindiTurtleRecall_t_id_PaQmRFck,sea turtle,test,6
ZindiTurtleRecall_t_id_PddYp3qF,sea turtle,train,4
ZindiTurtleRecall_t_id_PgJAJQxT,sea turtle,validation,3
ZindiTurtleRecall_t_id_PkJAPjm9,sea turtle,train,9
ZindiTurtleRecall_t_id_Pnj3JCZa,sea turtle,validation,19
ZindiTurtleRecall_t_id_PoTev1xd,sea turtle,train,3
ZindiTurtleRecall_t_id_Psg2GYqR,sea turtle,test,3
ZindiTurtleRecall_t_id_PuJu6nk9,sea turtle,validation,18
ZindiTurtleRecall_t_id_PxjZZhGp,sea turtle,train,3
ZindiTurtleRecall_t_id_Q33Ju1n9,sea turtle,train,7
ZindiTurtleRecall_t_id_Q3l1viDr,sea turtle,train,1
ZindiTurtleRecall_t_id_Q6UdxaVW,sea turtle,validation,3
ZindiTurtleRecall_t_id_Q77brSht,sea turtle,train,3
ZindiTurtleRecall_t_id_Q8tqdPaq,sea turtle,train,5
ZindiTurtleRecall_t_id_QF9zlF3A,sea turtle,validation,3
ZindiTurtleRecall_t_id_QFZFCRtJ,sea turtle,train,4
ZindiTurtleRecall_t_id_QFx3qtYu,sea turtle,train,3
ZindiTurtleRecall_t_id_QGDNoeRc,sea turtle,train,3
ZindiTurtleRecall_t_id_QJ7GhVPL,sea turtle,train,6
ZindiTurtleRecall_t_id_QJxK2Cu5,sea turtle,train,3
ZindiTurtleRecall_t_id_QKBaQRD5,sea turtle,train,5
ZindiTurtleRecall_t_id_QMGh0cnD,sea turtle,test,6
ZindiTurtleRecall_t_id_QNJYlHRr,sea turtle,train,5
ZindiTurtleRecall_t_id_QO36KpzA,sea turtle,train,3
ZindiTurtleRecall_t_id_QPijw2ED,sea turtle,validation,3
ZindiTurtleRecall_t_id_QSnKVpbt,sea turtle,train,3
ZindiTurtleRecall_t_id_QSy1GrdD,sea turtle,train,3
ZindiTurtleRecall_t_id_QZcu8URY,sea turtle,train,9
ZindiTurtleRecall_t_id_QZzZtS3R,sea turtle,train,3
ZindiTurtleRecall_t_id_QbPBB5nW,sea turtle,train,3
ZindiTurtleRecall_t_id_QcoQpYQy,sea turtle,train,3
ZindiTurtleRecall_t_id_QfIPyoDe,sea turtle,train,3
ZindiTurtleRecall_t_id_QgC3ycZ6,sea turtle,validation,3
ZindiTurtleRecall_t_id_QinU4j83,sea turtle,train,3
ZindiTurtleRecall_t_id_Qkm75oen,sea turtle,train,4
ZindiTurtleRecall_t_id_Qo7zJIqo,sea turtle,train,3
ZindiTurtleRecall_t_id_QoT6Ytvb,sea turtle,train,3
ZindiTurtleRecall_t_id_QpKRUeKF,sea turtle,train,3
ZindiTurtleRecall_t_id_QqeoI5F3,sea turtle,validation,17
ZindiTurtleRecall_t_id_QqtJDnSP,sea turtle,train,3
ZindiTurtleRecall_t_id_Qr2MrY5f,sea turtle,validation,3
ZindiTurtleRecall_t_id_QrKns97J,sea turtle,train,3
ZindiTurtleRecall_t_id_QrTldRtG,sea turtle,train,3
ZindiTurtleRecall_t_id_QsLki7W5,sea turtle,validation,3
ZindiTurtleRecall_t_id_QsO0TO5o,sea turtle,train,3
ZindiTurtleRecall_t_id_Qt6i3yfb,sea turtle,train,9
ZindiTurtleRecall_t_id_QuB6hc4M,sea turtle,validation,5
ZindiTurtleRecall_t_id_QuPGbyAr,sea turtle,validation,1
ZindiTurtleRecall_t_id_Qumb37DM,sea turtle,train,3
ZindiTurtleRecall_t_id_Qy3NRNkI,sea turtle,train,8
ZindiTurtleRecall_t_id_QyQNwVSe,sea turtle,train,3
ZindiTurtleRecall_t_id_QymIoTJa,sea turtle,train,5
ZindiTurtleRecall_t_id_R0qjmfjH,sea turtle,test,3
ZindiTurtleRecall_t_id_R1lBOxkZ,sea turtle,train,3
ZindiTurtleRecall_t_id_R232iO87,sea turtle,train,3
ZindiTurtleRecall_t_id_R2SpoNkW,sea turtle,train,3
ZindiTurtleRecall_t_id_R364ozr6,sea turtle,train,3
ZindiTurtleRecall_t_id_R3EOhnIo,sea turtle,train,10
ZindiTurtleRecall_t_id_R9G8LdiE,sea turtle,train,3
ZindiTurtleRecall_t_id_RAdv7chT,sea turtle,validation,4
ZindiTurtleRecall_t_id_RCVO7acU,sea turtle,train,3
ZindiTurtleRecall_t_id_RCahXSQb,sea turtle,train,2
ZindiTurtleRecall_t_id_RCcU5WJA,sea turtle,train,3
ZindiTurtleRecall_t_id_RDv3jcgj,sea turtle,train,4
ZindiTurtleRecall_t_id_REJ338G5,sea turtle,train,6
ZindiTurtleRecall_t_id_RHz9RThF,sea turtle,validation,5
ZindiTurtleRecall_t_id_RJBQ60ls,sea turtle,test,3
ZindiTurtleRecall_t_id_RJsNFvUi,sea turtle,train,11
ZindiTurtleRecall_t_id_RJueOxeJ,sea turtle,train,3
ZindiTurtleRecall_t_id_RKWzCU3G,sea turtle,train,3
ZindiTurtleRecall_t_id_RLuERZet,sea turtle,train,3
ZindiTurtleRecall_t_id_ROFhVsy2,sea turtle,train,110
ZindiTurtleRecall_t_id_RQ6v2yAg,sea turtle,test,6
ZindiTurtleRecall_t_id_RRn3rCY9,sea turtle,test,12
ZindiTurtleRecall_t_id_RS3vyKoy,sea turtle,test,3
ZindiTurtleRecall_t_id_RWdR0PlK,sea turtle,train,3
ZindiTurtleRecall_t_id_RWdtIR5F,sea turtle,train,3
ZindiTurtleRecall_t_id_RZEZPmU1,sea turtle,train,4
ZindiTurtleRecall_t_id_ReKfa3yZ,sea turtle,train,3
ZindiTurtleRecall_t_id_ReuRhxbI,sea turtle,test,3
ZindiTurtleRecall_t_id_RipuTGvg,sea turtle,train,3
ZindiTurtleRecall_t_id_RitRMVTt,sea turtle,validation,3
ZindiTurtleRecall_t_id_RkUgb4H5,sea turtle,train,3
ZindiTurtleRecall_t_id_RojyDffo,sea turtle,train,3
ZindiTurtleRecall_t_id_RtKp4T67,sea turtle,train,4
ZindiTurtleRecall_t_id_S0FjmpNN,sea turtle,test,3
ZindiTurtleRecall_t_id_S57VRGpT,sea turtle,train,4
ZindiTurtleRecall_t_id_S5S0CbLp,sea turtle,train,3
ZindiTurtleRecall_t_id_S8dFEasJ,sea turtle,train,3
ZindiTurtleRecall_t_id_SAZJLKUz,sea turtle,test,3
ZindiTurtleRecall_t_id_SBw5oepj,sea turtle,test,3
ZindiTurtleRecall_t_id_SDJyUnMk,sea turtle,validation,6
ZindiTurtleRecall_t_id_SDN60x8O,sea turtle,test,3
ZindiTurtleRecall_t_id_SGzl5cJT,sea turtle,train,3
ZindiTurtleRecall_t_id_SHzPhCnF,sea turtle,train,6
ZindiTurtleRecall_t_id_SLypL1oB,sea turtle,train,9
ZindiTurtleRecall_t_id_SOUNk0pA,sea turtle,train,3
ZindiTurtleRecall_t_id_SOgdVEHp,sea turtle,validation,6
ZindiTurtleRecall_t_id_SPCd2wdx,sea turtle,train,3
ZindiTurtleRecall_t_id_SQ7isMue,sea turtle,train,3
ZindiTurtleRecall_t_id_SSuxrv2L,sea turtle,train,3
ZindiTurtleRecall_t_id_SU63Mm9R,sea turtle,train,10
ZindiTurtleRecall_t_id_SUf2DTHt,sea turtle,train,8
ZindiTurtleRecall_t_id_SVDM8sba,sea turtle,validation,19
ZindiTurtleRecall_t_id_SX6jIBth,sea turtle,train,3
ZindiTurtleRecall_t_id_SZLL5JQG,sea turtle,train,3
ZindiTurtleRecall_t_id_SZcHMyS0,sea turtle,validation,3
ZindiTurtleRecall_t_id_SZdufsMi,sea turtle,train,3
ZindiTurtleRecall_t_id_SaOMIoK6,sea turtle,train,6
ZindiTurtleRecall_t_id_SajswtyC,sea turtle,test,3
ZindiTurtleRecall_t_id_SclIJTKQ,sea turtle,train,6
ZindiTurtleRecall_t_id_Sd22yogk,sea turtle,train,3
ZindiTurtleRecall_t_id_SdBDvx8P,sea turtle,test,3
ZindiTurtleRecall_t_id_Sds3jHDU,sea turtle,validation,3
ZindiTurtleRecall_t_id_Se3dSgIY,sea turtle,train,3
ZindiTurtleRecall_t_id_Sgk3Xf1n,sea turtle,train,3
ZindiTurtleRecall_t_id_Si65x07N,sea turtle,train,3
ZindiTurtleRecall_t_id_Sia7Tj7V,sea turtle,validation,5
ZindiTurtleRecall_t_id_SkC8MRYm,sea turtle,train,3
ZindiTurtleRecall_t_id_SobFRuZt,sea turtle,train,3
ZindiTurtleRecall_t_id_SpMUXWz4,sea turtle,validation,3
ZindiTurtleRecall_t_id_Sq0DKaVS,sea turtle,train,7
ZindiTurtleRecall_t_id_SqCFxLmj,sea turtle,train,6
ZindiTurtleRecall_t_id_SqgbJuEY,sea turtle,train,3
ZindiTurtleRecall_t_id_Sr6LcCA6,sea turtle,train,3
ZindiTurtleRecall_t_id_SrdYWsBp,sea turtle,train,4
ZindiTurtleRecall_t_id_SsjuszDJ,sea turtle,validation,3
ZindiTurtleRecall_t_id_Stm4T52y,sea turtle,test,4
ZindiTurtleRecall_t_id_SuXyKfhE,sea turtle,train,3
ZindiTurtleRecall_t_id_SurctqOV,sea turtle,train,3
ZindiTurtleRecall_t_id_SvOLGYhe,sea turtle,train,3
ZindiTurtleRecall_t_id_SwQZGIpa,sea turtle,train,38
ZindiTurtleRecall_t_id_SwxCycS7,sea turtle,test,6
ZindiTurtleRecall_t_id_T0bkoKm8,sea turtle,test,9
ZindiTurtleRecall_t_id_T0slLPrs,sea turtle,test,13
ZindiTurtleRecall_t_id_T4SG5zbT,sea turtle,train,3
ZindiTurtleRecall_t_id_T5DXL60d,sea turtle,train,3
ZindiTurtleRecall_t_id_T6SCvbuc,sea turtle,train,6
ZindiTurtleRecall_t_id_T78hMnU6,sea turtle,validation,3
ZindiTurtleRecall_t_id_T7sVKj17,sea turtle,train,3
ZindiTurtleRecall_t_id_T9U25lG9,sea turtle,validation,3
ZindiTurtleRecall_t_id_TA0n7qPY,sea turtle,train,3
ZindiTurtleRecall_t_id_TDiDN430,sea turtle,train,3
ZindiTurtleRecall_t_id_TDt3UTec,sea turtle,train,6
ZindiTurtleRecall_t_id_TEhH0yob,sea turtle,train,2
ZindiTurtleRecall_t_id_TFFkNeLQ,sea turtle,train,3
ZindiTurtleRecall_t_id_TKDqKVBI,sea turtle,test,5
ZindiTurtleRecall_t_id_TLVVfXnZ,sea turtle,train,3
ZindiTurtleRecall_t_id_TRl9nkP4,sea turtle,train,6
ZindiTurtleRecall_t_id_TSo7BxKp,sea turtle,train,3
ZindiTurtleRecall_t_id_TXvlQcnN,sea turtle,train,3
ZindiTurtleRecall_t_id_TXylIPtk,sea turtle,validation,2
ZindiTurtleRecall_t_id_TYdaNzYh,sea turtle,train,3
ZindiTurtleRecall_t_id_TZSPBtHq,sea turtle,train,24
ZindiTurtleRecall_t_id_Ta87ldM9,sea turtle,train,3
ZindiTurtleRecall_t_id_TanEUIb1,sea turtle,test,3
ZindiTurtleRecall_t_id_TdiYbkvq,sea turtle,train,6
ZindiTurtleRecall_t_id_Te9YkIiX,sea turtle,train,3
ZindiTurtleRecall_t_id_TeQFNMWD,sea turtle,train,9
ZindiTurtleRecall_t_id_Tgot3cXU,sea turtle,validation,3
ZindiTurtleRecall_t_id_ThEIlqiF,sea turtle,train,4
ZindiTurtleRecall_t_id_Tq0pbosS,sea turtle,train,4
ZindiTurtleRecall_t_id_Tr5fIVgA,sea turtle,test,8
ZindiTurtleRecall_t_id_TrvY2xlr,sea turtle,train,3
ZindiTurtleRecall_t_id_Ts5LyVQz,sea turtle,train,55
ZindiTurtleRecall_t_id_Txdlar7h,sea turtle,train,10
ZindiTurtleRecall_t_id_TxxL8NKe,sea turtle,train,3
ZindiTurtleRecall_t_id_TztxvYI6,sea turtle,train,6
ZindiTurtleRecall_t_id_U1gh4ghL,sea turtle,test,21
ZindiTurtleRecall_t_id_U22A48Kn,sea turtle,validation,7
ZindiTurtleRecall_t_id_U3tmFSWM,sea turtle,test,3
ZindiTurtleRecall_t_id_U7OGqRnH,sea turtle,train,3
ZindiTurtleRecall_t_id_UCUKg2zR,sea turtle,train,4
ZindiTurtleRecall_t_id_UCoQ8zp2,sea turtle,train,3
ZindiTurtleRecall_t_id_UEt05pxq,sea turtle,train,6
ZindiTurtleRecall_t_id_UHQqbXUw,sea turtle,train,6
ZindiTurtleRecall_t_id_UHs5o4Dv,sea turtle,train,22
ZindiTurtleRecall_t_id_UIt7J6LX,sea turtle,train,3
ZindiTurtleRecall_t_id_UN4WscVx,sea turtle,train,3
ZindiTurtleRecall_t_id_UNRFIbRP,sea turtle,validation,4
ZindiTurtleRecall_t_id_UQjHcHIU,sea turtle,train,6
ZindiTurtleRecall_t_id_URhm1wtR,sea turtle,test,3
ZindiTurtleRecall_t_id_UTtEkupt,sea turtle,test,6
ZindiTurtleRecall_t_id_UVQa4BMz,sea turtle,train,22
ZindiTurtleRecall_t_id_UVnltvSp,sea turtle,train,14
ZindiTurtleRecall_t_id_UW4SObg2,sea turtle,train,3
ZindiTurtleRecall_t_id_UYyblNTR,sea turtle,train,3
ZindiTurtleRecall_t_id_UeqAuDVc,sea turtle,train,3
ZindiTurtleRecall_t_id_Ufh21uap,sea turtle,train,3
ZindiTurtleRecall_t_id_UjNkSw6U,sea turtle,train,3
ZindiTurtleRecall_t_id_UkwhEKp2,sea turtle,train,41
ZindiTurtleRecall_t_id_UwaX8sSD,sea turtle,train,3
ZindiTurtleRecall_t_id_Uxaw0TWs,sea turtle,train,3
ZindiTurtleRecall_t_id_UxmuxgEw,sea turtle,train,6
ZindiTurtleRecall_t_id_V0YjACmz,sea turtle,test,3
ZindiTurtleRecall_t_id_V1VebF3R,sea turtle,test,3
ZindiTurtleRecall_t_id_V4w2lDFX,sea turtle,train,12
ZindiTurtleRecall_t_id_V522ubQO,sea turtle,train,3
ZindiTurtleRecall_t_id_V71nAbrx,sea turtle,train,9
ZindiTurtleRecall_t_id_V7V29eQs,sea turtle,validation,3
ZindiTurtleRecall_t_id_V9W5yykB,sea turtle,train,4
ZindiTurtleRecall_t_id_V9fhZHJf,sea turtle,train,3
ZindiTurtleRecall_t_id_VA3IuDog,sea turtle,validation,3
ZindiTurtleRecall_t_id_VAjsF49I,sea turtle,train,3
ZindiTurtleRecall_t_id_VB3v2fYp,sea turtle,train,3
ZindiTurtleRecall_t_id_VBoy10UC,sea turtle,train,4
ZindiTurtleRecall_t_id_VFb44eFm,sea turtle,train,16
ZindiTurtleRecall_t_id_VGQzNbXE,sea turtle,train,3
ZindiTurtleRecall_t_id_VH1ROes1,sea turtle,validation,3
ZindiTurtleRecall_t_id_VIEWRKK5,sea turtle,train,3
ZindiTurtleRecall_t_id_VMsrKVQf,sea turtle,test,3
ZindiTurtleRecall_t_id_VP2NW7aV,sea turtle,train,69
ZindiTurtleRecall_t_id_VRBHY9ur,sea turtle,train,3
ZindiTurtleRecall_t_id_VTAhw1b3,sea turtle,train,3
ZindiTurtleRecall_t_id_VTS0ZLTJ,sea turtle,train,6
ZindiTurtleRecall_t_id_VUjSJ6i1,sea turtle,train,3
ZindiTurtleRecall_t_id_VWJMX8NN,sea turtle,train,3
ZindiTurtleRecall_t_id_VY58NxL1,sea turtle,validation,13
ZindiTurtleRecall_t_id_VY8t1CZu,sea turtle,validation,3
ZindiTurtleRecall_t_id_VaaUqKiw,sea turtle,train,9
ZindiTurtleRecall_t_id_VccXNYz7,sea turtle,train,3
ZindiTurtleRecall_t_id_VcsPKQGH,sea turtle,validation,12
ZindiTurtleRecall_t_id_VdXIl4Ur,sea turtle,train,3
ZindiTurtleRecall_t_id_ViX4pu6R,sea turtle,test,22
ZindiTurtleRecall_t_id_Vm7KpnpK,sea turtle,train,6
ZindiTurtleRecall_t_id_VnmUX9v1,sea turtle,validation,3
ZindiTurtleRecall_t_id_VoLqtXmJ,sea turtle,train,4
ZindiTurtleRecall_t_id_VpXA0llZ,sea turtle,validation,2
ZindiTurtleRecall_t_id_VrLU97PJ,sea turtle,test,3
ZindiTurtleRecall_t_id_VwjyIMTf,sea turtle,train,3
ZindiTurtleRecall_t_id_VxJZHfxU,sea turtle,train,5
ZindiTurtleRecall_t_id_VzglxKgC,sea turtle,validation,4
ZindiTurtleRecall_t_id_Vzu4jukQ,sea turtle,train,8
ZindiTurtleRecall_t_id_W4PcCSsv,sea turtle,train,8
ZindiTurtleRecall_t_id_W4seZUBH,sea turtle,train,3
ZindiTurtleRecall_t_id_W86mcFrU,sea turtle,test,3
ZindiTurtleRecall_t_id_W9IjBig0,sea turtle,train,4
ZindiTurtleRecall_t_id_WA0lqhI4,sea turtle,train,7
ZindiTurtleRecall_t_id_WBmTg95Y,sea turtle,test,3
ZindiTurtleRecall_t_id_WCLFdbn1,sea turtle,train,13
ZindiTurtleRecall_t_id_WDCMGvI4,sea turtle,train,40
ZindiTurtleRecall_t_id_WIdRKtcX,sea turtle,train,3
ZindiTurtleRecall_t_id_WKPK7ulg,sea turtle,train,6
ZindiTurtleRecall_t_id_WLAIJIZ0,sea turtle,train,3
ZindiTurtleRecall_t_id_WN75oVDm,sea turtle,train,10
ZindiTurtleRecall_t_id_WNRRyR4B,sea turtle,train,6
ZindiTurtleRecall_t_id_WNW6qcsF,sea turtle,train,3
ZindiTurtleRecall_t_id_WOIoiYIW,sea turtle,test,3
ZindiTurtleRecall_t_id_WOKReLLB,sea turtle,validation,3
ZindiTurtleRecall_t_id_WPDWl5bk,sea turtle,train,3
ZindiTurtleRecall_t_id_WPx1CGmJ,sea turtle,train,4
ZindiTurtleRecall_t_id_WQBNoodx,sea turtle,test,4
ZindiTurtleRecall_t_id_WQDid5Ae,sea turtle,train,6
ZindiTurtleRecall_t_id_WR8Td7kT,sea turtle,validation,3
ZindiTurtleRecall_t_id_WXXcPTSW,sea turtle,train,13
ZindiTurtleRecall_t_id_Wb2U8hDJ,sea turtle,train,3
ZindiTurtleRecall_t_id_Wb5WEaFa,sea turtle,train,3
ZindiTurtleRecall_t_id_WbQjW8Bx,sea turtle,train,3
ZindiTurtleRecall_t_id_WdKNC0I6,sea turtle,validation,8
ZindiTurtleRecall_t_id_WdyDZZ4t,sea turtle,train,6
ZindiTurtleRecall_t_id_Wjriki61,sea turtle,test,3
ZindiTurtleRecall_t_id_WlFxUEEt,sea turtle,train,7
ZindiTurtleRecall_t_id_WnHl5Oou,sea turtle,train,3
ZindiTurtleRecall_t_id_Wrg1kHvI,sea turtle,validation,2
ZindiTurtleRecall_t_id_Wwsso0vY,sea turtle,train,3
ZindiTurtleRecall_t_id_Wy3OlPbq,sea turtle,test,3
ZindiTurtleRecall_t_id_WzOaRQbY,sea turtle,train,3
ZindiTurtleRecall_t_id_X1TgVKTS,sea turtle,train,4
ZindiTurtleRecall_t_id_X3bKBWYW,sea turtle,train,11
ZindiTurtleRecall_t_id_X4MMVz4b,sea turtle,test,4
ZindiTurtleRecall_t_id_X69RuLEm,sea turtle,train,3
ZindiTurtleRecall_t_id_X8FtSPCR,sea turtle,train,2
ZindiTurtleRecall_t_id_XBAuzEWL,sea turtle,validation,3
ZindiTurtleRecall_t_id_XFsKopXL,sea turtle,train,3
ZindiTurtleRecall_t_id_XHWPkrBN,sea turtle,test,4
ZindiTurtleRecall_t_id_XHgS4RMp,sea turtle,train,12
ZindiTurtleRecall_t_id_XIDyg8zY,sea turtle,train,5
ZindiTurtleRecall_t_id_XIb0g25z,sea turtle,train,3
ZindiTurtleRecall_t_id_XJEpPyQN,sea turtle,test,3
ZindiTurtleRecall_t_id_XN39nRhf,sea turtle,validation,40
ZindiTurtleRecall_t_id_XOQ4MJpL,sea turtle,train,3
ZindiTurtleRecall_t_id_XPEizoh8,sea turtle,train,3
ZindiTurtleRecall_t_id_XQUY6zbi,sea turtle,train,3
ZindiTurtleRecall_t_id_XRZgcOkv,sea turtle,train,4
ZindiTurtleRecall_t_id_XSi722B0,sea turtle,train,4
ZindiTurtleRecall_t_id_XUF9qcPh,sea turtle,train,8
ZindiTurtleRecall_t_id_XUJD6Lra,sea turtle,train,3
ZindiTurtleRecall_t_id_XUQF0ZJI,sea turtle,test,14
ZindiTurtleRecall_t_id_XUX9KkAc,sea turtle,validation,3
ZindiTurtleRecall_t_id_XUqBDHW0,sea turtle,test,3
ZindiTurtleRecall_t_id_XZrPCVqC,sea turtle,test,9
ZindiTurtleRecall_t_id_XeXk1HtP,sea turtle,train,4
ZindiTurtleRecall_t_id_XhBMdxhW,sea turtle,train,3
ZindiTurtleRecall_t_id_XjhKCrZQ,sea turtle,train,3
ZindiTurtleRecall_t_id_XlTd6iU5,sea turtle,train,28
ZindiTurtleRecall_t_id_XlbXOZIX,sea turtle,train,3
ZindiTurtleRecall_t_id_XlfITu5U,sea turtle,train,6
ZindiTurtleRecall_t_id_Xlsaqu4B,sea turtle,train,3
ZindiTurtleRecall_t_id_XrHKyZb6,sea turtle,train,3
ZindiTurtleRecall_t_id_Xs6XaRe4,sea turtle,train,3
ZindiTurtleRecall_t_id_Xs8emhVq,sea turtle,train,3
ZindiTurtleRecall_t_id_XsDtMInB,sea turtle,train,2
ZindiTurtleRecall_t_id_XsofuNGJ,sea turtle,train,6
ZindiTurtleRecall_t_id_XtOUOlL4,sea turtle,train,3
ZindiTurtleRecall_t_id_XtipqBz1,sea turtle,test,4
ZindiTurtleRecall_t_id_XuGAJcyg,sea turtle,train,6
ZindiTurtleRecall_t_id_Xw3svB5B,sea turtle,train,3
ZindiTurtleRecall_t_id_Xw9c1uOV,sea turtle,train,3
ZindiTurtleRecall_t_id_XyK6CNea,sea turtle,train,3
ZindiTurtleRecall_t_id_XzIsiwE0,sea turtle,train,3
ZindiTurtleRecall_t_id_XzecyfzO,sea turtle,validation,3
ZindiTurtleRecall_t_id_XzpnhiA9,sea turtle,train,3
ZindiTurtleRecall_t_id_Y1pc7qgH,sea turtle,test,3
ZindiTurtleRecall_t_id_Y29Gj8px,sea turtle,train,3
ZindiTurtleRecall_t_id_Y3CwlX1o,sea turtle,train,12
ZindiTurtleRecall_t_id_Y4BJIiLN,sea turtle,train,6
ZindiTurtleRecall_t_id_YBC91Qi9,sea turtle,validation,11
ZindiTurtleRecall_t_id_YBD4mIiC,sea turtle,train,3
ZindiTurtleRecall_t_id_YBnYKL5a,sea turtle,train,3
ZindiTurtleRecall_t_id_YC2Ef5nT,sea turtle,train,9
ZindiTurtleRecall_t_id_YCgpr6GR,sea turtle,train,2
ZindiTurtleRecall_t_id_YCxHt7En,sea turtle,test,6
ZindiTurtleRecall_t_id_YEKCJ6KU,sea turtle,train,3
ZindiTurtleRecall_t_id_YG8uZXtC,sea turtle,train,3
ZindiTurtleRecall_t_id_YGMeuUxT,sea turtle,train,6
ZindiTurtleRecall_t_id_YIjAUTa6,sea turtle,train,3
ZindiTurtleRecall_t_id_YUiRGZoN,sea turtle,validation,3
ZindiTurtleRecall_t_id_YUiZMC6a,sea turtle,test,3
ZindiTurtleRecall_t_id_YVHLsrzl,sea turtle,train,3
ZindiTurtleRecall_t_id_YVVLWzL8,sea turtle,train,3
ZindiTurtleRecall_t_id_YXCSM9Tm,sea turtle,train,12
ZindiTurtleRecall_t_id_YcdwL1ar,sea turtle,train,2
ZindiTurtleRecall_t_id_Yg6VA5hq,sea turtle,train,6
ZindiTurtleRecall_t_id_Yi3USoEW,sea turtle,train,4
ZindiTurtleRecall_t_id_Yi8XoUnN,sea turtle,train,2
ZindiTurtleRecall_t_id_YiOx4Cy9,sea turtle,train,4
ZindiTurtleRecall_t_id_YjXYTCGC,sea turtle,train,71
ZindiTurtleRecall_t_id_Yl1sqG2v,sea turtle,train,3
ZindiTurtleRecall_t_id_Yl9kqS6p,sea turtle,train,4
ZindiTurtleRecall_t_id_YlMgX9Mn,sea turtle,train,11
ZindiTurtleRecall_t_id_YmawwKwd,sea turtle,train,6
ZindiTurtleRecall_t_id_Yn6eartx,sea turtle,test,3
ZindiTurtleRecall_t_id_YpkqhmXh,sea turtle,validation,3
ZindiTurtleRecall_t_id_YuVqMEZ8,sea turtle,train,3
ZindiTurtleRecall_t_id_YuWK40ct,sea turtle,validation,5
ZindiTurtleRecall_t_id_YuYzTgC3,sea turtle,test,3
ZindiTurtleRecall_t_id_YwWyiJVb,sea turtle,validation,3
ZindiTurtleRecall_t_id_YzpwhKBW,sea turtle,validation,3
ZindiTurtleRecall_t_id_Z000XGUa,sea turtle,train,3
ZindiTurtleRecall_t_id_Z18B7SuC,sea turtle,train,12
ZindiTurtleRecall_t_id_Z2Y4A6Q3,sea turtle,train,3
ZindiTurtleRecall_t_id_Z3CirQzc,sea turtle,train,3
ZindiTurtleRecall_t_id_Z7qtQzuM,sea turtle,train,4
ZindiTurtleRecall_t_id_Z8rwgnqE,sea turtle,test,18
ZindiTurtleRecall_t_id_Z9ajSqxu,sea turtle,train,13
ZindiTurtleRecall_t_id_Z9z7DLoE,sea turtle,train,6
ZindiTurtleRecall_t_id_ZBbh9EFq,sea turtle,test,3
ZindiTurtleRecall_t_id_ZCmhislC,sea turtle,train,3
ZindiTurtleRecall_t_id_ZDS7oEep,sea turtle,train,12
ZindiTurtleRecall_t_id_ZEP7tuYV,sea turtle,train,9
ZindiTurtleRecall_t_id_ZGYMaic8,sea turtle,train,3
ZindiTurtleRecall_t_id_ZHFyDLSl,sea turtle,train,3
ZindiTurtleRecall_t_id_ZKKE1H6E,sea turtle,train,3
ZindiTurtleRecall_t_id_ZLGqw5TI,sea turtle,validation,3
ZindiTurtleRecall_t_id_ZLqPpaZD,sea turtle,train,3
ZindiTurtleRecall_t_id_ZMLjjpoI,sea turtle,train,3
ZindiTurtleRecall_t_id_ZQtjLag8,sea turtle,train,8
ZindiTurtleRecall_t_id_ZQuO3dal,sea turtle,train,4
ZindiTurtleRecall_t_id_ZRDhHEvY,sea turtle,train,5
ZindiTurtleRecall_t_id_ZTw0Qvue,sea turtle,validation,10
ZindiTurtleRecall_t_id_ZU9GLu1P,sea turtle,validation,3
ZindiTurtleRecall_t_id_ZULBzigz,sea turtle,train,3
ZindiTurtleRecall_t_id_ZXKaunaj,sea turtle,train,3
ZindiTurtleRecall_t_id_ZZ6DG3jO,sea turtle,validation,3
ZindiTurtleRecall_t_id_ZamzOq7H,sea turtle,train,3
ZindiTurtleRecall_t_id_ZbB9UpUH,sea turtle,train,6
ZindiTurtleRecall_t_id_ZdqTzVru,sea turtle,train,3
ZindiTurtleRecall_t_id_ZeZe6U0T,sea turtle,test,3
ZindiTurtleRecall_t_id_ZfvZBX4Q,sea turtle,test,34
ZindiTurtleRecall_t_id_ZhbmoXIA,sea turtle,validation,10
ZindiTurtleRecall_t_id_ZiR5tieC,sea turtle,train,7
ZindiTurtleRecall_t_id_ZpvlEQ7L,sea turtle,test,3
ZindiTurtleRecall_t_id_ZpwgERAm,sea turtle,train,4
ZindiTurtleRecall_t_id_Zsi7wDfv,sea turtle,train,3
ZindiTurtleRecall_t_id_ZyV9Vc3q,sea turtle,train,3
ZindiTurtleRecall_t_id_a0xtiqaH,sea turtle,train,3
ZindiTurtleRecall_t_id_a19e1WRa,sea turtle,validation,3
ZindiTurtleRecall_t_id_a19ihwXM,sea turtle,train,4
ZindiTurtleRecall_t_id_a4VYrmyA,sea turtle,train,49
ZindiTurtleRecall_t_id_a5NkUMOs,sea turtle,train,3
ZindiTurtleRecall_t_id_a6z1l7gw,sea turtle,train,3
ZindiTurtleRecall_t_id_a7PJLrJe,sea turtle,train,4
ZindiTurtleRecall_t_id_a8grHnBA,sea turtle,train,3
ZindiTurtleRecall_t_id_a9TgwOn9,sea turtle,validation,3
ZindiTurtleRecall_t_id_aAU5NZwO,sea turtle,train,3
ZindiTurtleRecall_t_id_aBfWCMLI,sea turtle,train,3
ZindiTurtleRecall_t_id_aDRrupb2,sea turtle,train,6
ZindiTurtleRecall_t_id_aFQFyj4C,sea turtle,train,3
ZindiTurtleRecall_t_id_aJ64JcsQ,sea turtle,validation,6
ZindiTurtleRecall_t_id_aJYgXi2Z,sea turtle,train,3
ZindiTurtleRecall_t_id_aN7rFkkS,sea turtle,test,3
ZindiTurtleRecall_t_id_aRabEfW9,sea turtle,train,3
ZindiTurtleRecall_t_id_aSg1buqY,sea turtle,validation,6
ZindiTurtleRecall_t_id_aT8XKhVT,sea turtle,train,3
ZindiTurtleRecall_t_id_aTGRKzIO,sea turtle,validation,3
ZindiTurtleRecall_t_id_aTuD0ozk,sea turtle,validation,5
ZindiTurtleRecall_t_id_aW8YZqGw,sea turtle,train,3
ZindiTurtleRecall_t_id_aWYrGq5v,sea turtle,train,3
ZindiTurtleRecall_t_id_ab92TSCv,sea turtle,train,3
ZindiTurtleRecall_t_id_agoOtTJW,sea turtle,train,4
ZindiTurtleRecall_t_id_ah29JKjj,sea turtle,train,3
ZindiTurtleRecall_t_id_ajlHbN2F,sea turtle,train,3
ZindiTurtleRecall_t_id_am9Cq6HE,sea turtle,train,3
ZindiTurtleRecall_t_id_anexy7LX,sea turtle,validation,12
ZindiTurtleRecall_t_id_aoBt6HHk,sea turtle,validation,4
ZindiTurtleRecall_t_id_aoGDdsAP,sea turtle,train,4
ZindiTurtleRecall_t_id_asY31XSP,sea turtle,train,3
ZindiTurtleRecall_t_id_at1UMrxB,sea turtle,train,6
ZindiTurtleRecall_t_id_atFtbHgx,sea turtle,train,3
ZindiTurtleRecall_t_id_awLezp50,sea turtle,train,3
ZindiTurtleRecall_t_id_axPFF8aY,sea turtle,train,6
ZindiTurtleRecall_t_id_ay4TglBc,sea turtle,train,3
ZindiTurtleRecall_t_id_b0FUXhs3,sea turtle,train,7
ZindiTurtleRecall_t_id_b2aGCbd8,sea turtle,train,3
ZindiTurtleRecall_t_id_b5MVlgdD,sea turtle,train,3
ZindiTurtleRecall_t_id_bA17ebid,sea turtle,train,3
ZindiTurtleRecall_t_id_bCmQH2Xw,sea turtle,train,3
ZindiTurtleRecall_t_id_bD4uu2Ts,sea turtle,train,3
ZindiTurtleRecall_t_id_bG1vZ03n,sea turtle,train,3
ZindiTurtleRecall_t_id_bG32WHzY,sea turtle,train,3
ZindiTurtleRecall_t_id_bKKKpaz3,sea turtle,train,3
ZindiTurtleRecall_t_id_bKxjeXet,sea turtle,validation,3
ZindiTurtleRecall_t_id_bMd4yMuF,sea turtle,train,3
ZindiTurtleRecall_t_id_bQ3DxaF5,sea turtle,train,5
ZindiTurtleRecall_t_id_bRb4Aq5K,sea turtle,train,5
ZindiTurtleRecall_t_id_bSOPjX80,sea turtle,validation,3
ZindiTurtleRecall_t_id_bWLumuiE,sea turtle,train,6
ZindiTurtleRecall_t_id_bXq1jhuZ,sea turtle,train,4
ZindiTurtleRecall_t_id_bYageLYA,sea turtle,train,22
ZindiTurtleRecall_t_id_bdDqx6vT,sea turtle,train,3
ZindiTurtleRecall_t_id_beZe3tiq,sea turtle,train,3
ZindiTurtleRecall_t_id_bef07yiO,sea turtle,test,3
ZindiTurtleRecall_t_id_beiS5luQ,sea turtle,test,3
ZindiTurtleRecall_t_id_bfWwfYYR,sea turtle,train,3
ZindiTurtleRecall_t_id_bgIOnArw,sea turtle,train,2
ZindiTurtleRecall_t_id_bhMFP3X2,sea turtle,validation,3
ZindiTurtleRecall_t_id_bhNwH64M,sea turtle,train,4
ZindiTurtleRecall_t_id_biFIYEx8,sea turtle,train,18
ZindiTurtleRecall_t_id_bk1sQBsF,sea turtle,train,3
ZindiTurtleRecall_t_id_bsykIK6j,sea turtle,train,3
ZindiTurtleRecall_t_id_buxNd7Gv,sea turtle,train,4
ZindiTurtleRecall_t_id_bvPq8HhH,sea turtle,train,3
ZindiTurtleRecall_t_id_bwC1Qmi5,sea turtle,train,3
ZindiTurtleRecall_t_id_bxJMfxHi,sea turtle,test,5
ZindiTurtleRecall_t_id_c1zT0oG3,sea turtle,train,3
ZindiTurtleRecall_t_id_c3b5TwP9,sea turtle,test,3
ZindiTurtleRecall_t_id_c61P3o3u,sea turtle,train,3
ZindiTurtleRecall_t_id_c876Un6E,sea turtle,train,3
ZindiTurtleRecall_t_id_c90wKcNl,sea turtle,train,3
ZindiTurtleRecall_t_id_c9nKJKtV,sea turtle,train,3
ZindiTurtleRecall_t_id_cC0OV7Ui,sea turtle,train,3
ZindiTurtleRecall_t_id_cCoB9jRn,sea turtle,train,3
ZindiTurtleRecall_t_id_cDbDtuRG,sea turtle,train,5
ZindiTurtleRecall_t_id_cDmp9ygQ,sea turtle,validation,13
ZindiTurtleRecall_t_id_cDopQJHs,sea turtle,test,3
ZindiTurtleRecall_t_id_cEkB1Xkj,sea turtle,train,9
ZindiTurtleRecall_t_id_cHiUkgKr,sea turtle,validation,3
ZindiTurtleRecall_t_id_cIKTsmjD,sea turtle,train,4
ZindiTurtleRecall_t_id_cJilBjnq,sea turtle,train,3
ZindiTurtleRecall_t_id_cMMd80ET,sea turtle,train,3
ZindiTurtleRecall_t_id_cNjvzvHZ,sea turtle,train,11
ZindiTurtleRecall_t_id_cODDeGBJ,sea turtle,train,3
ZindiTurtleRecall_t_id_cOR8Q2YD,sea turtle,train,4
ZindiTurtleRecall_t_id_cPhRhwb8,sea turtle,test,3
ZindiTurtleRecall_t_id_cQ3Jc3fQ,sea turtle,test,3
ZindiTurtleRecall_t_id_cRNfY6Ds,sea turtle,train,6
ZindiTurtleRecall_t_id_cSbCd2KK,sea turtle,train,3
ZindiTurtleRecall_t_id_cShSpr8c,sea turtle,train,3
ZindiTurtleRecall_t_id_cU4ETlSg,sea turtle,test,3
ZindiTurtleRecall_t_id_cVANkLLj,sea turtle,train,5
ZindiTurtleRecall_t_id_cXTkwHgs,sea turtle,train,6
ZindiTurtleRecall_t_id_cahH7CwQ,sea turtle,test,6
ZindiTurtleRecall_t_id_ceE4BXDD,sea turtle,train,3
ZindiTurtleRecall_t_id_cegFLqMU,sea turtle,train,3
ZindiTurtleRecall_t_id_cfZSxwg0,sea turtle,validation,3
ZindiTurtleRecall_t_id_cfiHLemV,sea turtle,train,3
ZindiTurtleRecall_t_id_cg9yobSc,sea turtle,train,3
ZindiTurtleRecall_t_id_cifN2TIf,sea turtle,train,3
ZindiTurtleRecall_t_id_ciiaf8RC,sea turtle,validation,6
ZindiTurtleRecall_t_id_clBmcv6G,sea turtle,validation,3
ZindiTurtleRecall_t_id_cp5yZSRz,sea turtle,train,3
ZindiTurtleRecall_t_id_cpYspjyc,sea turtle,train,7
ZindiTurtleRecall_t_id_cqGZ491C,sea turtle,train,2
ZindiTurtleRecall_t_id_cr0gRkZO,sea turtle,train,5
ZindiTurtleRecall_t_id_cs0fp88e,sea turtle,train,5
ZindiTurtleRecall_t_id_cs9IxGt1,sea turtle,train,3
ZindiTurtleRecall_t_id_csFZuygJ,sea turtle,train,3
ZindiTurtleRecall_t_id_ctqgl7YE,sea turtle,train,3
ZindiTurtleRecall_t_id_cuDhO58c,sea turtle,train,4
ZindiTurtleRecall_t_id_cx9qB5Cl,sea turtle,train,3
ZindiTurtleRecall_t_id_cxDazhGN,sea turtle,train,2
ZindiTurtleRecall_t_id_d0N1b3pz,sea turtle,train,11
ZindiTurtleRecall_t_id_d1l4t01f,sea turtle,train,3
ZindiTurtleRecall_t_id_d5LuxuWe,sea turtle,train,6
ZindiTurtleRecall_t_id_d6aYXtor,sea turtle,validation,11
ZindiTurtleRecall_t_id_d7PMrGDR,sea turtle,train,3
ZindiTurtleRecall_t_id_d8OqPbVa,sea turtle,validation,3
ZindiTurtleRecall_t_id_d946nNZN,sea turtle,validation,3
ZindiTurtleRecall_t_id_d95kBZlM,sea turtle,train,3
ZindiTurtleRecall_t_id_dBlV8A6e,sea turtle,validation,9
ZindiTurtleRecall_t_id_dCqiVBEr,sea turtle,validation,3
ZindiTurtleRecall_t_id_dEoHVMgR,sea turtle,train,3
ZindiTurtleRecall_t_id_dExXCX2P,sea turtle,test,3
ZindiTurtleRecall_t_id_dFFpWdmd,sea turtle,train,3
ZindiTurtleRecall_t_id_dFjPYq0S,sea turtle,train,3
ZindiTurtleRecall_t_id_dFoC82ff,sea turtle,validation,6
ZindiTurtleRecall_t_id_dGdt52pK,sea turtle,test,3
ZindiTurtleRecall_t_id_dKRrqz3X,sea turtle,train,3
ZindiTurtleRecall_t_id_dOCheY4G,sea turtle,validation,3
ZindiTurtleRecall_t_id_dVQ4x3wz,sea turtle,train,115
ZindiTurtleRecall_t_id_dW7Ao3Hh,sea turtle,test,7
ZindiTurtleRecall_t_id_dXQFFtVx,sea turtle,train,3
ZindiTurtleRecall_t_id_dYntefAu,sea turtle,validation,11
ZindiTurtleRecall_t_id_dZrhij8U,sea turtle,train,3
ZindiTurtleRecall_t_id_dbBxbYTa,sea turtle,train,3
ZindiTurtleRecall_t_id_dc6pjonY,sea turtle,train,17
ZindiTurtleRecall_t_id_deCm3PUc,sea turtle,train,2
ZindiTurtleRecall_t_id_dfUQ6H9s,sea turtle,train,9
ZindiTurtleRecall_t_id_dhdJMT1K,sea turtle,train,11
ZindiTurtleRecall_t_id_dhefhvCx,sea turtle,train,3
ZindiTurtleRecall_t_id_dixrxQP3,sea turtle,train,3
ZindiTurtleRecall_t_id_dj1ksyUk,sea turtle,validation,6
ZindiTurtleRecall_t_id_dlHVp0eI,sea turtle,test,9
ZindiTurtleRecall_t_id_dmnUQgp2,sea turtle,train,12
ZindiTurtleRecall_t_id_dtaWYQo2,sea turtle,test,3
ZindiTurtleRecall_t_id_dtr7T5a2,sea turtle,train,3
ZindiTurtleRecall_t_id_dvGYFYqD,sea turtle,test,3
ZindiTurtleRecall_t_id_dxMD7Rux,sea turtle,validation,3
ZindiTurtleRecall_t_id_dxp94QZc,sea turtle,test,3
ZindiTurtleRecall_t_id_e2RWHg8d,sea turtle,train,3
ZindiTurtleRecall_t_id_e6F9ZR6R,sea turtle,train,3
ZindiTurtleRecall_t_id_e8fmn3qV,sea turtle,train,6
ZindiTurtleRecall_t_id_e9i3Lbq4,sea turtle,train,15
ZindiTurtleRecall_t_id_e9uzieMl,sea turtle,test,6
ZindiTurtleRecall_t_id_eCHKpLtC,sea turtle,train,23
ZindiTurtleRecall_t_id_eEEXHZKK,sea turtle,train,3
ZindiTurtleRecall_t_id_eFsx47hD,sea turtle,train,3
ZindiTurtleRecall_t_id_eI3fnN4S,sea turtle,train,3
ZindiTurtleRecall_t_id_eK9yXCaT,sea turtle,test,3
ZindiTurtleRecall_t_id_eKYMQXfr,sea turtle,train,3
ZindiTurtleRecall_t_id_eLoWeL8Q,sea turtle,train,3
ZindiTurtleRecall_t_id_eLrlvtsj,sea turtle,train,3
ZindiTurtleRecall_t_id_eMh9Sk5y,sea turtle,train,3
ZindiTurtleRecall_t_id_eOE9POGl,sea turtle,train,3
ZindiTurtleRecall_t_id_eR5wHmpq,sea turtle,train,4
ZindiTurtleRecall_t_id_eVWsqCUp,sea turtle,test,3
ZindiTurtleRecall_t_id_eWpium8c,sea turtle,test,3
ZindiTurtleRecall_t_id_eXzwpCZs,sea turtle,train,3
ZindiTurtleRecall_t_id_easoG8RX,sea turtle,train,2
ZindiTurtleRecall_t_id_eb8speoy,sea turtle,train,19
ZindiTurtleRecall_t_id_ebsWmcO5,sea turtle,train,16
ZindiTurtleRecall_t_id_ehLPsjit,sea turtle,train,3
ZindiTurtleRecall_t_id_ekE3ShpO,sea turtle,train,9
ZindiTurtleRecall_t_id_erxmmF2A,sea turtle,train,4
ZindiTurtleRecall_t_id_etJZzQpK,sea turtle,train,3
ZindiTurtleRecall_t_id_etl82pO4,sea turtle,train,3
ZindiTurtleRecall_t_id_euE83bjc,sea turtle,train,3
ZindiTurtleRecall_t_id_evgxMmHu,sea turtle,validation,3
ZindiTurtleRecall_t_id_expNd7pl,sea turtle,train,3
ZindiTurtleRecall_t_id_ey9W2H0N,sea turtle,train,3
ZindiTurtleRecall_t_id_f0CtSqyG,sea turtle,train,9
ZindiTurtleRecall_t_id_f2oEEmYF,sea turtle,train,3
ZindiTurtleRecall_t_id_f7daIlKu,sea turtle,test,6
ZindiTurtleRecall_t_id_f8MBVIKM,sea turtle,train,3
ZindiTurtleRecall_t_id_f9abc7IG,sea turtle,train,15
ZindiTurtleRecall_t_id_fAtgNUty,sea turtle,train,3
ZindiTurtleRecall_t_id_fIwCttQU,sea turtle,train,3
ZindiTurtleRecall_t_id_fSV7CNAn,sea turtle,train,9
ZindiTurtleRecall_t_id_fWYl4mjO,sea turtle,train,1
ZindiTurtleRecall_t_id_fZYxjSFy,sea turtle,test,6
ZindiTurtleRecall_t_id_fagwuSJf,sea turtle,test,3
ZindiTurtleRecall_t_id_fahIH1yu,sea turtle,train,5
ZindiTurtleRecall_t_id_fcouyYHI,sea turtle,validation,6
ZindiTurtleRecall_t_id_fdL3TKto,sea turtle,train,3
ZindiTurtleRecall_t_id_feLBMCss,sea turtle,test,6
ZindiTurtleRecall_t_id_feq287kk,sea turtle,train,3
ZindiTurtleRecall_t_id_ffK2Bct2,sea turtle,validation,11
ZindiTurtleRecall_t_id_fg7irhvN,sea turtle,train,3
ZindiTurtleRecall_t_id_fiP4Qo35,sea turtle,train,3
ZindiTurtleRecall_t_id_fiTF8cL0,sea turtle,train,11
ZindiTurtleRecall_t_id_fieGv4FH,sea turtle,test,9
ZindiTurtleRecall_t_id_fjHGjp1w,sea turtle,train,49
ZindiTurtleRecall_t_id_fk9MBs5n,sea turtle,test,3
ZindiTurtleRecall_t_id_fqDgMhDd,sea turtle,train,3
ZindiTurtleRecall_t_id_frhFF10S,sea turtle,train,3
ZindiTurtleRecall_t_id_fwMmKMrp,sea turtle,train,4
ZindiTurtleRecall_t_id_fxTQ5vHC,sea turtle,validation,36
ZindiTurtleRecall_t_id_g1JVb7rW,sea turtle,validation,3
ZindiTurtleRecall_t_id_g572BfeM,sea turtle,train,3
ZindiTurtleRecall_t_id_g9Fz8PH7,sea turtle,train,17
ZindiTurtleRecall_t_id_gB5pnOkb,sea turtle,train,3
ZindiTurtleRecall_t_id_gCW9o3RU,sea turtle,train,3
ZindiTurtleRecall_t_id_gCdrGKGt,sea turtle,train,3
ZindiTurtleRecall_t_id_gFozderc,sea turtle,train,3
ZindiTurtleRecall_t_id_gGQbn7FA,sea turtle,train,15
ZindiTurtleRecall_t_id_gHUcmAai,sea turtle,train,3
ZindiTurtleRecall_t_id_gJ2zIKur,sea turtle,validation,3
ZindiTurtleRecall_t_id_gJaKYxBQ,sea turtle,train,11
ZindiTurtleRecall_t_id_gJt1ogJi,sea turtle,test,1
ZindiTurtleRecall_t_id_gKPJvG1g,sea turtle,train,3
ZindiTurtleRecall_t_id_gL4V4wvv,sea turtle,train,5
ZindiTurtleRecall_t_id_gLeceFTr,sea turtle,validation,4
ZindiTurtleRecall_t_id_gMRhvSk1,sea turtle,train,3
ZindiTurtleRecall_t_id_gNqDF9gd,sea turtle,train,21
ZindiTurtleRecall_t_id_gONisw0g,sea turtle,test,3
ZindiTurtleRecall_t_id_gOdTl4HE,sea turtle,train,6
ZindiTurtleRecall_t_id_gPGwOnni,sea turtle,validation,3
ZindiTurtleRecall_t_id_gPP1O7AZ,sea turtle,train,3
ZindiTurtleRecall_t_id_gT3xqsZF,sea turtle,train,3
ZindiTurtleRecall_t_id_gZDUUQoA,sea turtle,train,4
ZindiTurtleRecall_t_id_gcZ8uzwf,sea turtle,validation,3
ZindiTurtleRecall_t_id_gdX7RTMZ,sea turtle,train,3
ZindiTurtleRecall_t_id_gePaamX4,sea turtle,train,3
ZindiTurtleRecall_t_id_gggCEDNE,sea turtle,test,3
ZindiTurtleRecall_t_id_gjjhQWSl,sea turtle,train,3
ZindiTurtleRecall_t_id_gk9KoYwp,sea turtle,test,3
ZindiTurtleRecall_t_id_gloOA8Cm,sea turtle,train,3
ZindiTurtleRecall_t_id_gnWhZ6RM,sea turtle,train,10
ZindiTurtleRecall_t_id_goKHuiPQ,sea turtle,train,3
ZindiTurtleRecall_t_id_gqnm144f,sea turtle,train,6
ZindiTurtleRecall_t_id_gsqjftTa,sea turtle,validation,13
ZindiTurtleRecall_t_id_gudVv3CU,sea turtle,train,3
ZindiTurtleRecall_t_id_gxH3mUoy,sea turtle,train,3
ZindiTurtleRecall_t_id_gy4jN6ns,sea turtle,train,5
ZindiTurtleRecall_t_id_gyBOd4nm,sea turtle,train,3
ZindiTurtleRecall_t_id_gz3whk0q,sea turtle,train,10
ZindiTurtleRecall_t_id_gzaNTsqs,sea turtle,train,3
ZindiTurtleRecall_t_id_gzoA9TQR,sea turtle,train,3
ZindiTurtleRecall_t_id_h0am6jpB,sea turtle,train,3
ZindiTurtleRecall_t_id_h280ipOq,sea turtle,test,3
ZindiTurtleRecall_t_id_h5N2bPBf,sea turtle,test,6
ZindiTurtleRecall_t_id_h7qEJSXG,sea turtle,train,4
ZindiTurtleRecall_t_id_h9j4PT5g,sea turtle,train,4
ZindiTurtleRecall_t_id_hCdcpXrJ,sea turtle,train,9
ZindiTurtleRecall_t_id_hCxbkUTi,sea turtle,train,3
ZindiTurtleRecall_t_id_hFd7ZhHZ,sea turtle,train,3
ZindiTurtleRecall_t_id_hG7wQ9zX,sea turtle,train,3
ZindiTurtleRecall_t_id_hJWm3V8P,sea turtle,train,4
ZindiTurtleRecall_t_id_hLhB3vxm,sea turtle,train,3
ZindiTurtleRecall_t_id_hMaB0GT6,sea turtle,train,4
ZindiTurtleRecall_t_id_hNdlRce8,sea turtle,train,9
ZindiTurtleRecall_t_id_hOO5852d,sea turtle,train,3
ZindiTurtleRecall_t_id_hPOqsmC1,sea turtle,validation,3
ZindiTurtleRecall_t_id_hRUfkZXd,sea turtle,train,2
ZindiTurtleRecall_t_id_hRqnvc5Q,sea turtle,train,4
ZindiTurtleRecall_t_id_hRzOoJ2t,sea turtle,test,87
ZindiTurtleRecall_t_id_hUUC9pAs,sea turtle,train,3
ZindiTurtleRecall_t_id_hVU48nRO,sea turtle,test,5
ZindiTurtleRecall_t_id_hVhYX9Pq,sea turtle,train,3
ZindiTurtleRecall_t_id_hWHDcFX3,sea turtle,train,3
ZindiTurtleRecall_t_id_hWS5v0GV,sea turtle,validation,4
ZindiTurtleRecall_t_id_hYhds4JP,sea turtle,test,5
ZindiTurtleRecall_t_id_hYirQ4ni,sea turtle,test,3
ZindiTurtleRecall_t_id_hZwWBjge,sea turtle,train,3
ZindiTurtleRecall_t_id_hbYGmHUY,sea turtle,train,3
ZindiTurtleRecall_t_id_he7JTQxO,sea turtle,train,4
ZindiTurtleRecall_t_id_hgpgkcv0,sea turtle,train,16
ZindiTurtleRecall_t_id_hhD6m3fK,sea turtle,train,6
ZindiTurtleRecall_t_id_hiKbfs3z,sea turtle,train,3
ZindiTurtleRecall_t_id_hibDzPAP,sea turtle,train,15
ZindiTurtleRecall_t_id_hjRVZHhA,sea turtle,train,3
ZindiTurtleRecall_t_id_hk5lexEe,sea turtle,validation,3
ZindiTurtleRecall_t_id_hpRZeUXz,sea turtle,train,3
ZindiTurtleRecall_t_id_hqdcLXTB,sea turtle,train,3
ZindiTurtleRecall_t_id_htwHQwqU,sea turtle,test,6
ZindiTurtleRecall_t_id_hvSrfs4e,sea turtle,test,5
ZindiTurtleRecall_t_id_hwQwrnVS,sea turtle,test,3
ZindiTurtleRecall_t_id_hxjfBR3E,sea turtle,validation,3
ZindiTurtleRecall_t_id_hzJqH7l4,sea turtle,validation,3
ZindiTurtleRecall_t_id_i03i9OrN,sea turtle,train,3
ZindiTurtleRecall_t_id_i60mtXcV,sea turtle,train,3
ZindiTurtleRecall_t_id_i6ALLIVX,sea turtle,train,1
ZindiTurtleRecall_t_id_i7fLgi6H,sea turtle,train,6
ZindiTurtleRecall_t_id_i8R2v0LX,sea turtle,train,3
ZindiTurtleRecall_t_id_iAUtGEgq,sea turtle,train,2
ZindiTurtleRecall_t_id_iCZOIYiW,sea turtle,test,3
ZindiTurtleRecall_t_id_iD9ikw6Y,sea turtle,train,14
ZindiTurtleRecall_t_id_iE5Om03f,sea turtle,train,11
ZindiTurtleRecall_t_id_iENoeB3v,sea turtle,train,3
ZindiTurtleRecall_t_id_iFsbNpWM,sea turtle,train,3
ZindiTurtleRecall_t_id_iJGyopKz,sea turtle,train,3
ZindiTurtleRecall_t_id_iOEZzrEf,sea turtle,train,3
ZindiTurtleRecall_t_id_iR2Bh2ko,sea turtle,train,3
ZindiTurtleRecall_t_id_iRpSEAdV,sea turtle,train,3
ZindiTurtleRecall_t_id_iS525xRp,sea turtle,train,3
ZindiTurtleRecall_t_id_iU0Zkb2X,sea turtle,test,3
ZindiTurtleRecall_t_id_iVuEMGnR,sea turtle,train,3
ZindiTurtleRecall_t_id_iXKyNbTV,sea turtle,train,4
ZindiTurtleRecall_t_id_iZQiE7wb,sea turtle,train,17
ZindiTurtleRecall_t_id_ifWwxWF4,sea turtle,train,11
ZindiTurtleRecall_t_id_ifjYEvhu,sea turtle,train,3
ZindiTurtleRecall_t_id_igdsOMiU,sea turtle,train,3
ZindiTurtleRecall_t_id_ihbiuUND,sea turtle,train,3
ZindiTurtleRecall_t_id_ikbkarlP,sea turtle,train,3
ZindiTurtleRecall_t_id_in7vK5UR,sea turtle,train,9
ZindiTurtleRecall_t_id_inU6ElBb,sea turtle,train,21
ZindiTurtleRecall_t_id_ip3jsrYo,sea turtle,train,14
ZindiTurtleRecall_t_id_irhXUhoB,sea turtle,test,3
ZindiTurtleRecall_t_id_itHMkI8T,sea turtle,train,3
ZindiTurtleRecall_t_id_iwsrECvs,sea turtle,train,6
ZindiTurtleRecall_t_id_izZ3lvmf,sea turtle,train,3
ZindiTurtleRecall_t_id_izcWZe8k,sea turtle,train,3
ZindiTurtleRecall_t_id_j1u22aie,sea turtle,train,3
ZindiTurtleRecall_t_id_j3wANiGL,sea turtle,validation,3
ZindiTurtleRecall_t_id_j4sbJTuy,sea turtle,train,10
ZindiTurtleRecall_t_id_j50ldCyT,sea turtle,train,3
ZindiTurtleRecall_t_id_j5SsDR06,sea turtle,validation,6
ZindiTurtleRecall_t_id_j9Me3G3j,sea turtle,train,3
ZindiTurtleRecall_t_id_jCOo2P1M,sea turtle,validation,3
ZindiTurtleRecall_t_id_jDPKFnLE,sea turtle,train,3
ZindiTurtleRecall_t_id_jE2gZThG,sea turtle,train,6
ZindiTurtleRecall_t_id_jGKHCNjF,sea turtle,train,6
ZindiTurtleRecall_t_id_jGk1thlg,sea turtle,train,3
ZindiTurtleRecall_t_id_jMl5mN4y,sea turtle,validation,3
ZindiTurtleRecall_t_id_jTbc9M9I,sea turtle,train,3
ZindiTurtleRecall_t_id_jWss7W9v,sea turtle,validation,3
ZindiTurtleRecall_t_id_jmI0xjGs,sea turtle,train,3
ZindiTurtleRecall_t_id_jmXJ0JEG,sea turtle,validation,3
ZindiTurtleRecall_t_id_jmfZG8Mw,sea turtle,train,6
ZindiTurtleRecall_t_id_jnEd71Iy,sea turtle,validation,3
ZindiTurtleRecall_t_id_jnS8LkuE,sea turtle,train,3
ZindiTurtleRecall_t_id_jnYBueVL,sea turtle,train,3
ZindiTurtleRecall_t_id_jpKeLs1z,sea turtle,train,3
ZindiTurtleRecall_t_id_jrknR9EP,sea turtle,train,1
ZindiTurtleRecall_t_id_jruJQy1v,sea turtle,train,5
ZindiTurtleRecall_t_id_jrv3I4bz,sea turtle,train,3
ZindiTurtleRecall_t_id_jtnO2ZOR,sea turtle,train,15
ZindiTurtleRecall_t_id_jtohIcLv,sea turtle,train,3
ZindiTurtleRecall_t_id_jxDD0is9,sea turtle,train,3
ZindiTurtleRecall_t_id_jxKd2rWe,sea turtle,train,3
ZindiTurtleRecall_t_id_jyDu26Wj,sea turtle,train,7
ZindiTurtleRecall_t_id_jzoSWkaG,sea turtle,test,4
ZindiTurtleRecall_t_id_k0ecTcpc,sea turtle,validation,3
ZindiTurtleRecall_t_id_k0mcMS59,sea turtle,train,3
ZindiTurtleRecall_t_id_k1rScFLB,sea turtle,train,16
ZindiTurtleRecall_t_id_k2OloUhP,sea turtle,train,1
ZindiTurtleRecall_t_id_k33uoybD,sea turtle,validation,3
ZindiTurtleRecall_t_id_k5EhbkNO,sea turtle,test,3
ZindiTurtleRecall_t_id_k71DPGlJ,sea turtle,test,13
ZindiTurtleRecall_t_id_k7EQgmX2,sea turtle,train,9
ZindiTurtleRecall_t_id_kCmtbVnc,sea turtle,train,9
ZindiTurtleRecall_t_id_kDgaD6ug,sea turtle,train,4
ZindiTurtleRecall_t_id_kEqEbiJ6,sea turtle,validation,6
ZindiTurtleRecall_t_id_kFIw7olR,sea turtle,train,3
ZindiTurtleRecall_t_id_kFVuq7Hy,sea turtle,train,3
ZindiTurtleRecall_t_id_kG5SSmxc,sea turtle,test,3
ZindiTurtleRecall_t_id_kGq7FiU0,sea turtle,test,3
ZindiTurtleRecall_t_id_kIPCJzjn,sea turtle,train,3
ZindiTurtleRecall_t_id_kJ2Yg9tM,sea turtle,train,3
ZindiTurtleRecall_t_id_kN0ca68K,sea turtle,train,3
ZindiTurtleRecall_t_id_kP3g7KU1,sea turtle,validation,6
ZindiTurtleRecall_t_id_kPa2ivv3,sea turtle,train,3
ZindiTurtleRecall_t_id_kTMT3Syo,sea turtle,train,4
ZindiTurtleRecall_t_id_kTroP2uh,sea turtle,test,10
ZindiTurtleRecall_t_id_kTvV0Qqa,sea turtle,train,3
ZindiTurtleRecall_t_id_kUgUdQP0,sea turtle,train,4
ZindiTurtleRecall_t_id_kYGUCNDz,sea turtle,train,3
ZindiTurtleRecall_t_id_kYOh7Ost,sea turtle,train,6
ZindiTurtleRecall_t_id_kZEtgTDc,sea turtle,train,3
ZindiTurtleRecall_t_id_kZdTH590,sea turtle,train,4
ZindiTurtleRecall_t_id_kblKtciT,sea turtle,test,3
ZindiTurtleRecall_t_id_kc54Pa0k,sea turtle,test,6
ZindiTurtleRecall_t_id_kd8rvcpt,sea turtle,test,9
ZindiTurtleRecall_t_id_kgwTyoJ8,sea turtle,train,6
ZindiTurtleRecall_t_id_khNGv8wL,sea turtle,train,3
ZindiTurtleRecall_t_id_khO56jso,sea turtle,train,3
ZindiTurtleRecall_t_id_khTQuzcF,sea turtle,validation,3
ZindiTurtleRecall_t_id_kibCAFj2,sea turtle,test,4
ZindiTurtleRecall_t_id_kjdt80iA,sea turtle,train,5
ZindiTurtleRecall_t_id_kkxAz4OA,sea turtle,train,3
ZindiTurtleRecall_t_id_knzn9rHE,sea turtle,train,3
ZindiTurtleRecall_t_id_koWiRvyZ,sea turtle,validation,6
ZindiTurtleRecall_t_id_kq4BuYH4,sea turtle,train,3
ZindiTurtleRecall_t_id_ksTLswDT,sea turtle,test,48
ZindiTurtleRecall_t_id_kstGPiSx,sea turtle,train,8
ZindiTurtleRecall_t_id_ktcJyjOj,sea turtle,train,6
ZindiTurtleRecall_t_id_kubkz8gN,sea turtle,train,9
ZindiTurtleRecall_t_id_kujkKTUl,sea turtle,validation,6
ZindiTurtleRecall_t_id_kukamN08,sea turtle,train,3
ZindiTurtleRecall_t_id_kx2ZWg9t,sea turtle,train,5
ZindiTurtleRecall_t_id_kx7Sr8gE,sea turtle,train,3
ZindiTurtleRecall_t_id_kyqYne46,sea turtle,train,3
ZindiTurtleRecall_t_id_kzBjwtYT,sea turtle,train,3
ZindiTurtleRecall_t_id_kzMIo9Vu,sea turtle,train,3
ZindiTurtleRecall_t_id_kzNpjPcj,sea turtle,train,7
ZindiTurtleRecall_t_id_l6RlfBso,sea turtle,test,4
ZindiTurtleRecall_t_id_l7rqB0cv,sea turtle,test,7
ZindiTurtleRecall_t_id_l8peB2JQ,sea turtle,test,3
ZindiTurtleRecall_t_id_l9eWjgE6,sea turtle,train,3
ZindiTurtleRecall_t_id_lCCo4p0b,sea turtle,validation,3
ZindiTurtleRecall_t_id_lDzaPi56,sea turtle,validation,12
ZindiTurtleRecall_t_id_lEKYlidt,sea turtle,train,6
ZindiTurtleRecall_t_id_lEOUWtCh,sea turtle,validation,3
ZindiTurtleRecall_t_id_lFnHujkt,sea turtle,train,6
ZindiTurtleRecall_t_id_lHl6k2rv,sea turtle,train,3
ZindiTurtleRecall_t_id_lIVTQQIb,sea turtle,train,2
ZindiTurtleRecall_t_id_lJZUmgnf,sea turtle,train,3
ZindiTurtleRecall_t_id_lKI33Nr9,sea turtle,train,4
ZindiTurtleRecall_t_id_lMSACjj0,sea turtle,validation,6
ZindiTurtleRecall_t_id_lOdh28O3,sea turtle,test,3
ZindiTurtleRecall_t_id_lPLFMYTy,sea turtle,validation,11
ZindiTurtleRecall_t_id_lPuCk8JR,sea turtle,train,3
ZindiTurtleRecall_t_id_lQlcmPwt,sea turtle,validation,3
ZindiTurtleRecall_t_id_lRctoE73,sea turtle,train,3
ZindiTurtleRecall_t_id_lS3k5fTV,sea turtle,train,3
ZindiTurtleRecall_t_id_lSXpOZeQ,sea turtle,train,15
ZindiTurtleRecall_t_id_lUd6TTCl,sea turtle,train,9
ZindiTurtleRecall_t_id_lVtrOa7u,sea turtle,train,1
ZindiTurtleRecall_t_id_lZV7FzDt,sea turtle,validation,3
ZindiTurtleRecall_t_id_lcsKyKKm,sea turtle,train,3
ZindiTurtleRecall_t_id_lg9a3vdK,sea turtle,train,6
ZindiTurtleRecall_t_id_lhPhPFL8,sea turtle,train,12
ZindiTurtleRecall_t_id_lhu7wvc0,sea turtle,test,3
ZindiTurtleRecall_t_id_ljS5LnT3,sea turtle,validation,3
ZindiTurtleRecall_t_id_lmV6Ybet,sea turtle,test,4
ZindiTurtleRecall_t_id_lmus2BXL,sea turtle,train,3
ZindiTurtleRecall_t_id_lonmuoss,sea turtle,validation,9
ZindiTurtleRecall_t_id_lrF0A04f,sea turtle,test,4
ZindiTurtleRecall_t_id_lt9jQtvW,sea turtle,test,12
ZindiTurtleRecall_t_id_luHhKHYa,sea turtle,validation,3
ZindiTurtleRecall_t_id_lvjROn7q,sea turtle,train,6
ZindiTurtleRecall_t_id_lwUvfs23,sea turtle,train,3
ZindiTurtleRecall_t_id_m0a1kc6I,sea turtle,test,2
ZindiTurtleRecall_t_id_m1dKoqil,sea turtle,train,3
ZindiTurtleRecall_t_id_m2JvEcsg,sea turtle,train,34
ZindiTurtleRecall_t_id_m3owqDoC,sea turtle,train,11
ZindiTurtleRecall_t_id_m4KYKlsD,sea turtle,train,3
ZindiTurtleRecall_t_id_m72A5Tp5,sea turtle,validation,3
ZindiTurtleRecall_t_id_m9R0FUNQ,sea turtle,train,3
ZindiTurtleRecall_t_id_mAn660MW,sea turtle,train,3
ZindiTurtleRecall_t_id_mBnz9Q4l,sea turtle,validation,4
ZindiTurtleRecall_t_id_mCVitku7,sea turtle,train,3
ZindiTurtleRecall_t_id_mFtKCr05,sea turtle,train,3
ZindiTurtleRecall_t_id_mG29W0Xo,sea turtle,validation,3
ZindiTurtleRecall_t_id_mHydghGS,sea turtle,train,3
ZindiTurtleRecall_t_id_mJ3Qfg3x,sea turtle,train,3
ZindiTurtleRecall_t_id_mK401ScN,sea turtle,train,2
ZindiTurtleRecall_t_id_mQ0bDbJi,sea turtle,validation,6
ZindiTurtleRecall_t_id_mQ0t3cVS,sea turtle,train,3
ZindiTurtleRecall_t_id_mTIDRjEk,sea turtle,train,3
ZindiTurtleRecall_t_id_mUByfFPO,sea turtle,test,10
ZindiTurtleRecall_t_id_mXD9Bjsb,sea turtle,train,11
ZindiTurtleRecall_t_id_mYBXCbwF,sea turtle,train,32
ZindiTurtleRecall_t_id_mYMZi99k,sea turtle,train,7
ZindiTurtleRecall_t_id_mfJ8pQAw,sea turtle,train,6
ZindiTurtleRecall_t_id_mfNoNXMG,sea turtle,test,2
ZindiTurtleRecall_t_id_mhxrkcjJ,sea turtle,train,3
ZindiTurtleRecall_t_id_mk01rN9w,sea turtle,train,5
ZindiTurtleRecall_t_id_mnpIeVcR,sea turtle,train,4
ZindiTurtleRecall_t_id_mpKnlcCO,sea turtle,train,3
ZindiTurtleRecall_t_id_mpuNp8mf,sea turtle,test,24
ZindiTurtleRecall_t_id_mr3e5P1U,sea turtle,train,12
ZindiTurtleRecall_t_id_mshmjO7q,sea turtle,train,3
ZindiTurtleRecall_t_id_mtvndR4Q,sea turtle,train,6
ZindiTurtleRecall_t_id_n0smdFYZ,sea turtle,test,3
ZindiTurtleRecall_t_id_n2FBHk6d,sea turtle,test,24
ZindiTurtleRecall_t_id_n2svy199,sea turtle,train,3
ZindiTurtleRecall_t_id_n5RckqCx,sea turtle,train,6
ZindiTurtleRecall_t_id_nCKvqK7W,sea turtle,train,3
ZindiTurtleRecall_t_id_nCvRI3NI,sea turtle,test,6
ZindiTurtleRecall_t_id_nFsEqbIl,sea turtle,train,7
ZindiTurtleRecall_t_id_nJ2aitDS,sea turtle,train,3
ZindiTurtleRecall_t_id_nPmn3eht,sea turtle,validation,3
ZindiTurtleRecall_t_id_nQBwgWeh,sea turtle,train,4
ZindiTurtleRecall_t_id_nRDs0zQt,sea turtle,validation,4
ZindiTurtleRecall_t_id_nTPkP8Jb,sea turtle,train,3
ZindiTurtleRecall_t_id_nZaAtaQp,sea turtle,train,6
ZindiTurtleRecall_t_id_nZgUJ2oa,sea turtle,train,3
ZindiTurtleRecall_t_id_nfNIxaB8,sea turtle,train,3
ZindiTurtleRecall_t_id_niEvmwXu,sea turtle,train,11
ZindiTurtleRecall_t_id_niVKDxCv,sea turtle,train,4
ZindiTurtleRecall_t_id_nmM2IysT,sea turtle,train,5
ZindiTurtleRecall_t_id_noF7wlcv,sea turtle,train,3
ZindiTurtleRecall_t_id_nozsY2Xn,sea turtle,train,3
ZindiTurtleRecall_t_id_nsLyC91v,sea turtle,validation,3
ZindiTurtleRecall_t_id_nsnutuoY,sea turtle,train,3
ZindiTurtleRecall_t_id_nupe5N69,sea turtle,train,3
ZindiTurtleRecall_t_id_o0oYFBmb,sea turtle,test,3
ZindiTurtleRecall_t_id_o17bwnvL,sea turtle,train,9
ZindiTurtleRecall_t_id_o2rYlcmn,sea turtle,train,3
ZindiTurtleRecall_t_id_o2xg1IdK,sea turtle,test,3
ZindiTurtleRecall_t_id_o45mKf4a,sea turtle,train,3
ZindiTurtleRecall_t_id_o4I8SEww,sea turtle,train,3
ZindiTurtleRecall_t_id_o4PKxVB3,sea turtle,test,3
ZindiTurtleRecall_t_id_o6HkyOUW,sea turtle,train,10
ZindiTurtleRecall_t_id_o7NmvcRI,sea turtle,train,7
ZindiTurtleRecall_t_id_o8HFaaCp,sea turtle,train,12
ZindiTurtleRecall_t_id_o99XIx4w,sea turtle,test,6
ZindiTurtleRecall_t_id_oBnIf8at,sea turtle,train,3
ZindiTurtleRecall_t_id_oDhSGMx2,sea turtle,train,3
ZindiTurtleRecall_t_id_oHJwe9XJ,sea turtle,train,3
ZindiTurtleRecall_t_id_oJQS41DG,sea turtle,test,10
ZindiTurtleRecall_t_id_oJUtIcam,sea turtle,train,1
ZindiTurtleRecall_t_id_oKtPHGVS,sea turtle,validation,9
ZindiTurtleRecall_t_id_oKwAsqxx,sea turtle,train,12
ZindiTurtleRecall_t_id_oLwZMapr,sea turtle,validation,3
ZindiTurtleRecall_t_id_oMEfoGuB,sea turtle,train,3
ZindiTurtleRecall_t_id_oOYCfWyN,sea turtle,validation,3
ZindiTurtleRecall_t_id_oQlgrMmO,sea turtle,test,6
ZindiTurtleRecall_t_id_oX6hN43H,sea turtle,train,3
ZindiTurtleRecall_t_id_oXC6W1yr,sea turtle,validation,6
ZindiTurtleRecall_t_id_oYO0JItP,sea turtle,train,3
ZindiTurtleRecall_t_id_occhYEyQ,sea turtle,train,3
ZindiTurtleRecall_t_id_od8HW5Xg,sea turtle,train,7
ZindiTurtleRecall_t_id_oeFhKnM6,sea turtle,train,3
ZindiTurtleRecall_t_id_og42puwd,sea turtle,validation,3
ZindiTurtleRecall_t_id_ojDdOQWt,sea turtle,train,3
ZindiTurtleRecall_t_id_ojwCAhNk,sea turtle,train,3
ZindiTurtleRecall_t_id_okiZ8bGJ,sea turtle,train,3
ZindiTurtleRecall_t_id_oqwjZr0A,sea turtle,train,3
ZindiTurtleRecall_t_id_ouFtTuMN,sea turtle,validation,3
ZindiTurtleRecall_t_id_oyd1DtUH,sea turtle,train,3
ZindiTurtleRecall_t_id_p1abchm1,sea turtle,train,3
ZindiTurtleRecall_t_id_p3vL2p4x,sea turtle,train,3
ZindiTurtleRecall_t_id_p5aTica6,sea turtle,train,3
ZindiTurtleRecall_t_id_p5cqvyuH,sea turtle,train,3
ZindiTurtleRecall_t_id_p77GDtzg,sea turtle,train,9
ZindiTurtleRecall_t_id_pAriFDMW,sea turtle,train,3
ZindiTurtleRecall_t_id_pCO59rOk,sea turtle,train,21
ZindiTurtleRecall_t_id_pFCIJH7x,sea turtle,train,4
ZindiTurtleRecall_t_id_pFuUEr4g,sea turtle,validation,3
ZindiTurtleRecall_t_id_pHgk0skg,sea turtle,test,3
ZindiTurtleRecall_t_id_pI4knBWx,sea turtle,validation,3
ZindiTurtleRecall_t_id_pN9jonZE,sea turtle,test,6
ZindiTurtleRecall_t_id_pNDyAp0X,sea turtle,train,3
ZindiTurtleRecall_t_id_pO5WD62V,sea turtle,train,3
ZindiTurtleRecall_t_id_pPpkihv8,sea turtle,test,3
ZindiTurtleRecall_t_id_pQ2Njo0H,sea turtle,train,3
ZindiTurtleRecall_t_id_pQJ6hfy6,sea turtle,train,3
ZindiTurtleRecall_t_id_pRIKaLXT,sea turtle,train,4
ZindiTurtleRecall_t_id_pVkdbIw5,sea turtle,train,9
ZindiTurtleRecall_t_id_pWxqluq6,sea turtle,train,6
ZindiTurtleRecall_t_id_pXlpOBlB,sea turtle,train,6
ZindiTurtleRecall_t_id_pZmi2bVu,sea turtle,train,3
ZindiTurtleRecall_t_id_pbkMXDEd,sea turtle,train,3
ZindiTurtleRecall_t_id_pbtZIcjs,sea turtle,test,13
ZindiTurtleRecall_t_id_pf4YVjs0,sea turtle,train,3
ZindiTurtleRecall_t_id_pgnFwQOp,sea turtle,validation,3
ZindiTurtleRecall_t_id_piXVUDLR,sea turtle,validation,3
ZindiTurtleRecall_t_id_pixi4sqQ,sea turtle,train,9
ZindiTurtleRecall_t_id_pjVpDqok,sea turtle,train,9
ZindiTurtleRecall_t_id_pjamnTzU,sea turtle,test,3
ZindiTurtleRecall_t_id_pjlNEMuA,sea turtle,train,3
ZindiTurtleRecall_t_id_plSOdauK,sea turtle,test,6
ZindiTurtleRecall_t_id_pmiWRpRq,sea turtle,train,3
ZindiTurtleRecall_t_id_pqozbADE,sea turtle,train,3
ZindiTurtleRecall_t_id_prGaqoHR,sea turtle,validation,3
ZindiTurtleRecall_t_id_ps4Gle3O,sea turtle,train,6
ZindiTurtleRecall_t_id_pxUJKnLQ,sea turtle,train,3
ZindiTurtleRecall_t_id_pxtOOc7p,sea turtle,train,3
ZindiTurtleRecall_t_id_py0ujjx2,sea turtle,validation,3
ZindiTurtleRecall_t_id_pyx6Ny3s,sea turtle,test,3
ZindiTurtleRecall_t_id_pzHJFALC,sea turtle,train,6
ZindiTurtleRecall_t_id_q12dgGbI,sea turtle,validation,3
ZindiTurtleRecall_t_id_q4mLwGzn,sea turtle,train,7
ZindiTurtleRecall_t_id_q54K0yqg,sea turtle,validation,3
ZindiTurtleRecall_t_id_q5RmZbBr,sea turtle,test,3
ZindiTurtleRecall_t_id_q7lmousZ,sea turtle,train,3
ZindiTurtleRecall_t_id_q8Bc7DuO,sea turtle,train,9
ZindiTurtleRecall_t_id_qBlKgrOX,sea turtle,train,5
ZindiTurtleRecall_t_id_qCbSPCYk,sea turtle,validation,4
ZindiTurtleRecall_t_id_qD2UX82q,sea turtle,train,3
ZindiTurtleRecall_t_id_qFNsIN3y,sea turtle,train,3
ZindiTurtleRecall_t_id_qG69peVd,sea turtle,test,3
ZindiTurtleRecall_t_id_qIM6n68c,sea turtle,train,3
ZindiTurtleRecall_t_id_qJFvZ22u,sea turtle,train,3
ZindiTurtleRecall_t_id_qLhsZEtJ,sea turtle,test,3
ZindiTurtleRecall_t_id_qPJmeM0W,sea turtle,train,3
ZindiTurtleRecall_t_id_qQhyXpvS,sea turtle,train,3
ZindiTurtleRecall_t_id_qSJLpMpE,sea turtle,train,3
ZindiTurtleRecall_t_id_qWf5WPfo,sea turtle,test,3
ZindiTurtleRecall_t_id_qXjMLSs6,sea turtle,test,3
ZindiTurtleRecall_t_id_qZ0iZYsC,sea turtle,train,23
ZindiTurtleRecall_t_id_qZFSSze1,sea turtle,validation,3
ZindiTurtleRecall_t_id_qa1llFOW,sea turtle,test,13
ZindiTurtleRecall_t_id_qax3eZit,sea turtle,train,3
ZindiTurtleRecall_t_id_qb19kRiA,sea turtle,train,3
ZindiTurtleRecall_t_id_qcXznVHT,sea turtle,train,4
ZindiTurtleRecall_t_id_qdF78DuU,sea turtle,train,4
ZindiTurtleRecall_t_id_qg4Do3Ze,sea turtle,train,3
ZindiTurtleRecall_t_id_qki1bPeT,sea turtle,validation,3
ZindiTurtleRecall_t_id_qlJgCqE1,sea turtle,train,3
ZindiTurtleRecall_t_id_qn0YLpC2,sea turtle,train,3
ZindiTurtleRecall_t_id_qphErwWq,sea turtle,train,3
ZindiTurtleRecall_t_id_quiAxriB,sea turtle,train,6
ZindiTurtleRecall_t_id_qx1M0XEq,sea turtle,train,3
ZindiTurtleRecall_t_id_r0vis5LS,sea turtle,train,3
ZindiTurtleRecall_t_id_r1CpvelL,sea turtle,train,6
ZindiTurtleRecall_t_id_r1m2zUZA,sea turtle,test,3
ZindiTurtleRecall_t_id_r39ayAFR,sea turtle,test,3
ZindiTurtleRecall_t_id_r4BhqcgH,sea turtle,train,6
ZindiTurtleRecall_t_id_r4QdSZdu,sea turtle,validation,3
ZindiTurtleRecall_t_id_r8WznQZ7,sea turtle,test,6
ZindiTurtleRecall_t_id_r9NId2Mh,sea turtle,test,3
ZindiTurtleRecall_t_id_rE20vpuZ,sea turtle,train,3
ZindiTurtleRecall_t_id_rGuqzqx9,sea turtle,test,3
ZindiTurtleRecall_t_id_rHN3PLr2,sea turtle,validation,4
ZindiTurtleRecall_t_id_rLZJsnke,sea turtle,test,9
ZindiTurtleRecall_t_id_rMF8pIuF,sea turtle,train,3
ZindiTurtleRecall_t_id_rNjLir1r,sea turtle,train,3
ZindiTurtleRecall_t_id_rNjtHmcG,sea turtle,train,3
ZindiTurtleRecall_t_id_rO49uSWH,sea turtle,train,3
ZindiTurtleRecall_t_id_rPtvACxy,sea turtle,train,3
ZindiTurtleRecall_t_id_rQRDyWog,sea turtle,train,3
ZindiTurtleRecall_t_id_rSTfBWea,sea turtle,train,4
ZindiTurtleRecall_t_id_rSZcsCkZ,sea turtle,validation,3
ZindiTurtleRecall_t_id_rZDVvIzf,sea turtle,train,3
ZindiTurtleRecall_t_id_raLxnQJx,sea turtle,train,3
ZindiTurtleRecall_t_id_rbejZMzt,sea turtle,train,3
ZindiTurtleRecall_t_id_rd0spz2s,sea turtle,train,4
ZindiTurtleRecall_t_id_re6VypC4,sea turtle,test,4
ZindiTurtleRecall_t_id_rg18P0IY,sea turtle,train,3
ZindiTurtleRecall_t_id_rhb79kNQ,sea turtle,test,5
ZindiTurtleRecall_t_id_rhteKa3r,sea turtle,train,3
ZindiTurtleRecall_t_id_rjBrFtCZ,sea turtle,train,4
ZindiTurtleRecall_t_id_roNUCMHx,sea turtle,train,3
ZindiTurtleRecall_t_id_rpCXu6Qr,sea turtle,validation,3
ZindiTurtleRecall_t_id_rqtyimqD,sea turtle,train,10
ZindiTurtleRecall_t_id_ru9YbC0d,sea turtle,validation,3
ZindiTurtleRecall_t_id_ruF8Nbxs,sea turtle,train,12
ZindiTurtleRecall_t_id_rw1im20o,sea turtle,train,3
ZindiTurtleRecall_t_id_rwLeMuGd,sea turtle,train,18
ZindiTurtleRecall_t_id_rxTPs3xJ,sea turtle,test,6
ZindiTurtleRecall_t_id_s3XRtjGW,sea turtle,validation,6
ZindiTurtleRecall_t_id_s3j52FHX,sea turtle,train,3
ZindiTurtleRecall_t_id_s5n7laub,sea turtle,train,3
ZindiTurtleRecall_t_id_s90H7Y4Z,sea turtle,train,6
ZindiTurtleRecall_t_id_sFleKCye,sea turtle,train,3
ZindiTurtleRecall_t_id_sGQh3vpc,sea turtle,train,3
ZindiTurtleRecall_t_id_sGp3OIcc,sea turtle,train,7
ZindiTurtleRecall_t_id_sHoEm5jR,sea turtle,train,3
ZindiTurtleRecall_t_id_sIDi8xgN,sea turtle,train,3
ZindiTurtleRecall_t_id_sKBhIV0o,sea turtle,validation,6
ZindiTurtleRecall_t_id_sKKchdiY,sea turtle,train,3
ZindiTurtleRecall_t_id_sKwbqNiQ,sea turtle,validation,3
ZindiTurtleRecall_t_id_sMqeAMf3,sea turtle,test,4
ZindiTurtleRecall_t_id_sMtt8rtJ,sea turtle,train,3
ZindiTurtleRecall_t_id_sOqa7Egd,sea turtle,train,5
ZindiTurtleRecall_t_id_sQU6cAGX,sea turtle,test,3
ZindiTurtleRecall_t_id_sQndRiRH,sea turtle,train,6
ZindiTurtleRecall_t_id_sRWM15ip,sea turtle,train,9
ZindiTurtleRecall_t_id_sSZ6Sq0n,sea turtle,train,4
ZindiTurtleRecall_t_id_sV1ApnYH,sea turtle,train,3
ZindiTurtleRecall_t_id_sZ8nelck,sea turtle,train,11
ZindiTurtleRecall_t_id_saqoNCo9,sea turtle,test,6
ZindiTurtleRecall_t_id_sd6xauZv,sea turtle,test,6
ZindiTurtleRecall_t_id_sde0e8ju,sea turtle,train,4
ZindiTurtleRecall_t_id_sg4Fd4kw,sea turtle,train,3
ZindiTurtleRecall_t_id_shEGistx,sea turtle,train,3
ZindiTurtleRecall_t_id_siLE1Mvw,sea turtle,train,4
ZindiTurtleRecall_t_id_skYXnQL3,sea turtle,train,5
ZindiTurtleRecall_t_id_smNwfXAT,sea turtle,train,13
ZindiTurtleRecall_t_id_sptMnqCD,sea turtle,train,3
ZindiTurtleRecall_t_id_sqEPj3JZ,sea turtle,train,3
ZindiTurtleRecall_t_id_srbgbZIK,sea turtle,train,3
ZindiTurtleRecall_t_id_srnKzMeK,sea turtle,train,3
ZindiTurtleRecall_t_id_stWei2Uq,sea turtle,train,30
ZindiTurtleRecall_t_id_swbqo3ea,sea turtle,test,4
ZindiTurtleRecall_t_id_swrOhkUG,sea turtle,train,3
ZindiTurtleRecall_t_id_sySYPdCF,sea turtle,train,3
ZindiTurtleRecall_t_id_t0SclgGA,sea turtle,train,3
ZindiTurtleRecall_t_id_t6DLA0za,sea turtle,train,3
ZindiTurtleRecall_t_id_t6kJ7qaR,sea turtle,train,8
ZindiTurtleRecall_t_id_t73j9KKV,sea turtle,train,3
ZindiTurtleRecall_t_id_tBxEKReV,sea turtle,validation,3
ZindiTurtleRecall_t_id_tDSczZAV,sea turtle,train,3
ZindiTurtleRecall_t_id_tDa93ZRd,sea turtle,validation,6
ZindiTurtleRecall_t_id_tEWAR4UD,sea turtle,train,15
ZindiTurtleRecall_t_id_tEhm1h3L,sea turtle,test,3
ZindiTurtleRecall_t_id_tFTFJY39,sea turtle,train,2
ZindiTurtleRecall_t_id_tHYpWumm,sea turtle,train,6
ZindiTurtleRecall_t_id_tIvZeXce,sea turtle,train,3
ZindiTurtleRecall_t_id_tJp3ln0f,sea turtle,train,3
ZindiTurtleRecall_t_id_tKK12IML,sea turtle,train,2
ZindiTurtleRecall_t_id_tKcfJ9U5,sea turtle,train,3
ZindiTurtleRecall_t_id_tKtFBBSF,sea turtle,train,12
ZindiTurtleRecall_t_id_tQ2fnH6L,sea turtle,train,3
ZindiTurtleRecall_t_id_tWXRRSKq,sea turtle,train,3
ZindiTurtleRecall_t_id_tXu2DwK2,sea turtle,train,3
ZindiTurtleRecall_t_id_tZYtoMIR,sea turtle,train,3
ZindiTurtleRecall_t_id_tb1eAm8c,sea turtle,validation,4
ZindiTurtleRecall_t_id_tbIUuetq,sea turtle,train,3
ZindiTurtleRecall_t_id_tdCesj6H,sea turtle,train,3
ZindiTurtleRecall_t_id_teLU3Z3G,sea turtle,train,8
ZindiTurtleRecall_t_id_tetSdUx0,sea turtle,validation,3
ZindiTurtleRecall_t_id_tgMmJctg,sea turtle,test,3
ZindiTurtleRecall_t_id_tgnFxvDK,sea turtle,test,13
ZindiTurtleRecall_t_id_tgtU92Sk,sea turtle,train,3
ZindiTurtleRecall_t_id_thxGwfYS,sea turtle,test,9
ZindiTurtleRecall_t_id_tirgh5HW,sea turtle,train,3
ZindiTurtleRecall_t_id_tjQz4A2d,sea turtle,train,3
ZindiTurtleRecall_t_id_tjWepji1,sea turtle,train,49
ZindiTurtleRecall_t_id_tokF8xXi,sea turtle,train,6
ZindiTurtleRecall_t_id_toxwHfZ7,sea turtle,train,6
ZindiTurtleRecall_t_id_tpTWJnOq,sea turtle,train,6
ZindiTurtleRecall_t_id_tqNmXcIL,sea turtle,train,9
ZindiTurtleRecall_t_id_tqUCiNWA,sea turtle,train,3
ZindiTurtleRecall_t_id_ttrkhDG8,sea turtle,train,3
ZindiTurtleRecall_t_id_tyE1PLoV,sea turtle,test,3
ZindiTurtleRecall_t_id_u36gDJND,sea turtle,train,6
ZindiTurtleRecall_t_id_u3m45XCo,sea turtle,test,10
ZindiTurtleRecall_t_id_u4Vv2IVf,sea turtle,train,3
ZindiTurtleRecall_t_id_u6mMfWtf,sea turtle,test,3
ZindiTurtleRecall_t_id_u7e3ULWc,sea turtle,validation,3
ZindiTurtleRecall_t_id_u8LFgq59,sea turtle,train,6
ZindiTurtleRecall_t_id_u9Lcr8pM,sea turtle,validation,3
ZindiTurtleRecall_t_id_uBM7n8U0,sea turtle,train,3
ZindiTurtleRecall_t_id_uBrHCJ01,sea turtle,train,3
ZindiTurtleRecall_t_id_uD5Iotdh,sea turtle,train,6
ZindiTurtleRecall_t_id_uExM7qDl,sea turtle,train,11
ZindiTurtleRecall_t_id_uHxXzyma,sea turtle,train,3
ZindiTurtleRecall_t_id_uIlC9Gfo,sea turtle,train,28
ZindiTurtleRecall_t_id_uJXT7dGu,sea turtle,validation,61
ZindiTurtleRecall_t_id_uKTrj4iy,sea turtle,train,4
ZindiTurtleRecall_t_id_uMOOrQu7,sea turtle,train,17
ZindiTurtleRecall_t_id_uNroQnjk,sea turtle,train,3
ZindiTurtleRecall_t_id_uPQykyW3,sea turtle,train,4
ZindiTurtleRecall_t_id_uSbT8VdT,sea turtle,train,3
ZindiTurtleRecall_t_id_uTI94nzw,sea turtle,train,8
ZindiTurtleRecall_t_id_uVgs53Cz,sea turtle,test,11
ZindiTurtleRecall_t_id_uZGBCPs1,sea turtle,train,3
ZindiTurtleRecall_t_id_ubC05v1U,sea turtle,train,4
ZindiTurtleRecall_t_id_ukOjWjT5,sea turtle,validation,3
ZindiTurtleRecall_t_id_ukXgZOR1,sea turtle,train,6
ZindiTurtleRecall_t_id_ukxsIJmL,sea turtle,train,3
ZindiTurtleRecall_t_id_ul8jSQ1U,sea turtle,train,5
ZindiTurtleRecall_t_id_un9NbqET,sea turtle,test,3
ZindiTurtleRecall_t_id_uokxxtg8,sea turtle,test,3
ZindiTurtleRecall_t_id_urNm2eA0,sea turtle,train,4
ZindiTurtleRecall_t_id_utw0thCe,sea turtle,train,41
ZindiTurtleRecall_t_id_utw8f7Gg,sea turtle,validation,9
ZindiTurtleRecall_t_id_uvqDfQsT,sea turtle,test,3
ZindiTurtleRecall_t_id_uydk7eCE,sea turtle,validation,12
ZindiTurtleRecall_t_id_v0DvD7VU,sea turtle,train,3
ZindiTurtleRecall_t_id_v0W0bXIj,sea turtle,validation,6
ZindiTurtleRecall_t_id_v2s2BiCV,sea turtle,validation,3
ZindiTurtleRecall_t_id_v4PbE6Pw,sea turtle,train,3
ZindiTurtleRecall_t_id_v4QBNDgP,sea turtle,train,5
ZindiTurtleRecall_t_id_v8qziTbx,sea turtle,train,3
ZindiTurtleRecall_t_id_vAVZTAEk,sea turtle,train,30
ZindiTurtleRecall_t_id_vAqZbdZ5,sea turtle,validation,6
ZindiTurtleRecall_t_id_vBCPGnTL,sea turtle,train,3
ZindiTurtleRecall_t_id_vC4MMoLr,sea turtle,test,3
ZindiTurtleRecall_t_id_vDSzm7pA,sea turtle,train,3
ZindiTurtleRecall_t_id_vJ1QxzuC,sea turtle,validation,3
ZindiTurtleRecall_t_id_vOx8GjEB,sea turtle,validation,3
ZindiTurtleRecall_t_id_vQnneRkU,sea turtle,train,3
ZindiTurtleRecall_t_id_vSqlJDV7,sea turtle,train,6
ZindiTurtleRecall_t_id_vT34Gd2h,sea turtle,test,3
ZindiTurtleRecall_t_id_vTHDxjPq,sea turtle,train,6
ZindiTurtleRecall_t_id_vTeiZZWF,sea turtle,train,10
ZindiTurtleRecall_t_id_vTqUcqPo,sea turtle,train,3
ZindiTurtleRecall_t_id_vWWPNgG6,sea turtle,train,4
ZindiTurtleRecall_t_id_vWx3Ai9w,sea turtle,train,6
ZindiTurtleRecall_t_id_vabwVW4q,sea turtle,train,3
ZindiTurtleRecall_t_id_vauOcLvS,sea turtle,train,3
ZindiTurtleRecall_t_id_vcbNWeve,sea turtle,train,3
ZindiTurtleRecall_t_id_vcjEyexj,sea turtle,train,6
ZindiTurtleRecall_t_id_vd9QeU6R,sea turtle,train,6
ZindiTurtleRecall_t_id_vf3Q2sAy,sea turtle,test,15
ZindiTurtleRecall_t_id_vhD49jny,sea turtle,train,12
ZindiTurtleRecall_t_id_viGAQbUG,sea turtle,train,3
ZindiTurtleRecall_t_id_viXsZGsB,sea turtle,test,2
ZindiTurtleRecall_t_id_vixlm0ox,sea turtle,train,3
ZindiTurtleRecall_t_id_vpeDvz2D,sea turtle,train,3
ZindiTurtleRecall_t_id_vqupXXY2,sea turtle,train,3
ZindiTurtleRecall_t_id_vrfCmWq4,sea turtle,train,6
ZindiTurtleRecall_t_id_vtGkKPFs,sea turtle,train,32
ZindiTurtleRecall_t_id_vxIyGpvO,sea turtle,train,3
ZindiTurtleRecall_t_id_vxRjXq3g,sea turtle,train,3
ZindiTurtleRecall_t_id_vzwWHW1n,sea turtle,train,13
ZindiTurtleRecall_t_id_w0Sm6J0m,sea turtle,train,3
ZindiTurtleRecall_t_id_w0fRHpjr,sea turtle,train,7
ZindiTurtleRecall_t_id_w0ikv9dz,sea turtle,train,3
ZindiTurtleRecall_t_id_w30rOuMP,sea turtle,train,4
ZindiTurtleRecall_t_id_w4SySBgx,sea turtle,train,3
ZindiTurtleRecall_t_id_w4nl2cEj,sea turtle,train,3
ZindiTurtleRecall_t_id_w7bkUjGQ,sea turtle,test,3
ZindiTurtleRecall_t_id_wB8GOUyk,sea turtle,train,5
ZindiTurtleRecall_t_id_wBYoCiLe,sea turtle,test,3
ZindiTurtleRecall_t_id_wE0vUunE,sea turtle,validation,3
ZindiTurtleRecall_t_id_wFAaPtWA,sea turtle,test,5
ZindiTurtleRecall_t_id_wITmkTkm,sea turtle,train,1
ZindiTurtleRecall_t_id_wJKlCYJ0,sea turtle,train,3
ZindiTurtleRecall_t_id_wK4ahc0B,sea turtle,validation,3
ZindiTurtleRecall_t_id_wLXaLdHt,sea turtle,train,3
ZindiTurtleRecall_t_id_wMZesE3X,sea turtle,validation,3
ZindiTurtleRecall_t_id_wMdcJcey,sea turtle,test,3
ZindiTurtleRecall_t_id_wMpBKMWb,sea turtle,train,6
ZindiTurtleRecall_t_id_wPbiAvPh,sea turtle,train,3
ZindiTurtleRecall_t_id_wQlh7GKH,sea turtle,test,3
ZindiTurtleRecall_t_id_wRi6oxLJ,sea turtle,test,3
ZindiTurtleRecall_t_id_wS59AAVT,sea turtle,train,3
ZindiTurtleRecall_t_id_wTGwH1RE,sea turtle,validation,3
ZindiTurtleRecall_t_id_wTKxseh1,sea turtle,train,3
ZindiTurtleRecall_t_id_wTiD4YZw,sea turtle,train,12
ZindiTurtleRecall_t_id_wV3hyVLm,sea turtle,train,2
ZindiTurtleRecall_t_id_wV9eKEdf,sea turtle,train,3
ZindiTurtleRecall_t_id_wVLydJkf,sea turtle,validation,3
ZindiTurtleRecall_t_id_wWJFRb8z,sea turtle,train,4
ZindiTurtleRecall_t_id_wWdMfAHD,sea turtle,train,3
ZindiTurtleRecall_t_id_wYbEuz2U,sea turtle,train,15
ZindiTurtleRecall_t_id_wZ7CJotM,sea turtle,test,3
ZindiTurtleRecall_t_id_wbvz8AwE,sea turtle,train,3
ZindiTurtleRecall_t_id_weuyFYcn,sea turtle,test,3
ZindiTurtleRecall_t_id_wfkrF0vH,sea turtle,train,3
ZindiTurtleRecall_t_id_wgLoycgE,sea turtle,train,6
ZindiTurtleRecall_t_id_wjcOCMjH,sea turtle,test,3
ZindiTurtleRecall_t_id_wmiPVQMQ,sea turtle,train,3
ZindiTurtleRecall_t_id_wmopXqAs,sea turtle,test,4
ZindiTurtleRecall_t_id_wmrX6CKv,sea turtle,validation,3
ZindiTurtleRecall_t_id_wpheOSep,sea turtle,train,3
ZindiTurtleRecall_t_id_wq9C1o12,sea turtle,train,2
ZindiTurtleRecall_t_id_wvGItj4U,sea turtle,train,3
ZindiTurtleRecall_t_id_wxtgsAde,sea turtle,train,3
ZindiTurtleRecall_t_id_wydaHPKD,sea turtle,train,3
ZindiTurtleRecall_t_id_wyyT4dmn,sea turtle,train,6
ZindiTurtleRecall_t_id_wz3NrXDM,sea turtle,train,3
ZindiTurtleRecall_t_id_x0N1mhsU,sea turtle,train,4
ZindiTurtleRecall_t_id_x0rRPGTV,sea turtle,validation,3
ZindiTurtleRecall_t_id_x76T30pz,sea turtle,train,13
ZindiTurtleRecall_t_id_x7jegLhi,sea turtle,validation,6
ZindiTurtleRecall_t_id_x7uVNqlB,sea turtle,validation,6
ZindiTurtleRecall_t_id_x8zdOj7i,sea turtle,train,3
ZindiTurtleRecall_t_id_xAowNnHd,sea turtle,train,3
ZindiTurtleRecall_t_id_xAsvdbEx,sea turtle,test,3
ZindiTurtleRecall_t_id_xBeqoq4x,sea turtle,train,3
ZindiTurtleRecall_t_id_xE6Hrf18,sea turtle,train,6
ZindiTurtleRecall_t_id_xFa3qNZB,sea turtle,train,4
ZindiTurtleRecall_t_id_xIWF7VvJ,sea turtle,train,7
ZindiTurtleRecall_t_id_xIyZoFcp,sea turtle,train,3
ZindiTurtleRecall_t_id_xLBuTMQg,sea turtle,train,3
ZindiTurtleRecall_t_id_xOwzptfU,sea turtle,test,3
ZindiTurtleRecall_t_id_xPwOXoTm,sea turtle,train,3
ZindiTurtleRecall_t_id_xQJVRBgd,sea turtle,train,9
ZindiTurtleRecall_t_id_xTBdroxF,sea turtle,train,6
ZindiTurtleRecall_t_id_xWGRQZNB,sea turtle,train,4
ZindiTurtleRecall_t_id_xZJXz3so,sea turtle,test,4
ZindiTurtleRecall_t_id_xcxHPoEw,sea turtle,validation,3
ZindiTurtleRecall_t_id_xdmB9yIy,sea turtle,train,3
ZindiTurtleRecall_t_id_xfiyzeRg,sea turtle,train,3
ZindiTurtleRecall_t_id_xieQKM50,sea turtle,test,3
ZindiTurtleRecall_t_id_xkre9eCf,sea turtle,validation,3
ZindiTurtleRecall_t_id_xlMHNwOo,sea turtle,train,5
ZindiTurtleRecall_t_id_xnMT6bhg,sea turtle,train,3
ZindiTurtleRecall_t_id_xoBmeNN4,sea turtle,train,3
ZindiTurtleRecall_t_id_xrClTGhO,sea turtle,train,4
ZindiTurtleRecall_t_id_xroDIZ1a,sea turtle,train,18
ZindiTurtleRecall_t_id_xry0Yg2j,sea turtle,train,4
ZindiTurtleRecall_t_id_xsRx8VMM,sea turtle,train,3
ZindiTurtleRecall_t_id_xuiCZ5Ry,sea turtle,train,6
ZindiTurtleRecall_t_id_xuk7dGLJ,sea turtle,train,6
ZindiTurtleRecall_t_id_xwOvHWNh,sea turtle,train,3
ZindiTurtleRecall_t_id_xxURmd3p,sea turtle,train,10
ZindiTurtleRecall_t_id_y07d4blW,sea turtle,test,4
ZindiTurtleRecall_t_id_y1Kd6RMk,sea turtle,train,4
ZindiTurtleRecall_t_id_y1Rh3DUU,sea turtle,train,4
ZindiTurtleRecall_t_id_y3IIFyi0,sea turtle,train,6
ZindiTurtleRecall_t_id_y3KuT0NP,sea turtle,train,3
ZindiTurtleRecall_t_id_y3WsN395,sea turtle,train,7
ZindiTurtleRecall_t_id_y6ESlSwm,sea turtle,train,3
ZindiTurtleRecall_t_id_y6eLRGlr,sea turtle,train,3
ZindiTurtleRecall_t_id_y6sPpr6M,sea turtle,train,7
ZindiTurtleRecall_t_id_y7yBPeWM,sea turtle,test,3
ZindiTurtleRecall_t_id_yBXFVrGE,sea turtle,train,7
ZindiTurtleRecall_t_id_yEI7KeSn,sea turtle,validation,3
ZindiTurtleRecall_t_id_yF2U5foA,sea turtle,train,3
ZindiTurtleRecall_t_id_yFS6Ks4s,sea turtle,test,4
ZindiTurtleRecall_t_id_yM2QGiiI,sea turtle,train,3
ZindiTurtleRecall_t_id_yMPeFkMB,sea turtle,validation,3
ZindiTurtleRecall_t_id_yN94Jb4L,sea turtle,test,3
ZindiTurtleRecall_t_id_yQYpWNJT,sea turtle,train,4
ZindiTurtleRecall_t_id_yRgHBVC5,sea turtle,train,4
ZindiTurtleRecall_t_id_ySBe1q0P,sea turtle,train,3
ZindiTurtleRecall_t_id_yTR6EvIA,sea turtle,test,3
ZindiTurtleRecall_t_id_yUkzjSy0,sea turtle,train,3
ZindiTurtleRecall_t_id_yXHbhnPG,sea turtle,validation,9
ZindiTurtleRecall_t_id_yXUOtfKj,sea turtle,validation,3
ZindiTurtleRecall_t_id_yXVyQ602,sea turtle,train,3
ZindiTurtleRecall_t_id_yZNYgn38,sea turtle,test,3
ZindiTurtleRecall_t_id_yaJ7rL9c,sea turtle,train,3
ZindiTurtleRecall_t_id_yasbIqr8,sea turtle,validation,3
ZindiTurtleRecall_t_id_ybMruied,sea turtle,train,3
ZindiTurtleRecall_t_id_ycVHGeHX,sea turtle,train,6
ZindiTurtleRecall_t_id_ycym9oPe,sea turtle,train,3
ZindiTurtleRecall_t_id_ydMQfVIa,sea turtle,train,3
ZindiTurtleRecall_t_id_ydgdWdcM,sea turtle,train,5
ZindiTurtleRecall_t_id_yhZbGwDy,sea turtle,test,3
ZindiTurtleRecall_t_id_ynTUfhRt,sea turtle,test,3
ZindiTurtleRecall_t_id_yuID3rEu,sea turtle,train,3
ZindiTurtleRecall_t_id_yuiplDyM,sea turtle,train,10
ZindiTurtleRecall_t_id_yy3eWzDm,sea turtle,train,12
ZindiTurtleRecall_t_id_yyx39hnl,sea turtle,train,3
ZindiTurtleRecall_t_id_z19EyFm2,sea turtle,train,24
ZindiTurtleRecall_t_id_z1dwqq6b,sea turtle,test,3
ZindiTurtleRecall_t_id_z2WyIdXh,sea turtle,train,3
ZindiTurtleRecall_t_id_z9NU7abZ,sea turtle,validation,3
ZindiTurtleRecall_t_id_zA6mH5Wu,sea turtle,train,3
ZindiTurtleRecall_t_id_zA8SitCL,sea turtle,train,4
ZindiTurtleRecall_t_id_zBcnhIES,sea turtle,train,6
ZindiTurtleRecall_t_id_zGmugiUi,sea turtle,train,3
ZindiTurtleRecall_t_id_zJ0p37oj,sea turtle,validation,3
ZindiTurtleRecall_t_id_zNa7fQWO,sea turtle,validation,11
ZindiTurtleRecall_t_id_zO7BcMzw,sea turtle,train,3
ZindiTurtleRecall_t_id_zQM4qJxs,sea turtle,train,11
ZindiTurtleRecall_t_id_zQpX2ZM0,sea turtle,test,7
ZindiTurtleRecall_t_id_zTA2fwRv,sea turtle,train,12
ZindiTurtleRecall_t_id_zUblI5DF,sea turtle,train,6
ZindiTurtleRecall_t_id_zZu5jwCb,sea turtle,validation,3
ZindiTurtleRecall_t_id_zbbNbnjR,sea turtle,train,3
ZindiTurtleRecall_t_id_zdFhsUmT,sea turtle,validation,6
ZindiTurtleRecall_t_id_zdrCq0wy,sea turtle,train,6
ZindiTurtleRecall_t_id_zetcP2Ct,sea turtle,train,3
ZindiTurtleRecall_t_id_zfd3BH0J,sea turtle,train,3
ZindiTurtleRecall_t_id_zfwqSrMN,sea turtle,train,6
ZindiTurtleRecall_t_id_zh1o4hya,sea turtle,validation,3
ZindiTurtleRecall_t_id_zo5J4w0Y,sea turtle,validation,3
ZindiTurtleRecall_t_id_zqaXahAn,sea turtle,train,10
ZindiTurtleRecall_t_id_zxFUnL5e,sea turtle,test,3
